review_id,enrollment_id,rating,review_text,review_date
1,3,4,"Sangat puas, worth it banget!",2026-06-01
2,4,3,"Standar saja, sesuai ekspektasi.",2026-09-02
3,7,4,"Materinya jelas dan mudah dipahami, sangat membantu!",2026-09-11
4,10,5,"Kursus bagus, cocok untuk pemula.",2026-08-06
5,11,4,"Kursus bagus, cocok untuk pemula.",2026-06-01
6,13,4,"Instrukturnya kompeten, penjelasan step by step.",2025-02-23
7,15,4,Konten up to date dan relevan dengan kebutuhan kerja.,2026-02-04
8,18,4,"Sangat puas, worth it banget!",2026-01-14
9,20,4,Konten up to date dan relevan dengan kebutuhan kerja.,2024-12-23
10,23,4,"Sangat puas, worth it banget!",2025-07-22
11,24,4,"Sangat puas, worth it banget!",2025-08-13
12,25,5,"Materinya jelas dan mudah dipahami, sangat membantu!",2026-08-14
13,27,3,Lumayan membantu untuk basic knowledge.,2026-04-24
14,28,4,"Materinya jelas dan mudah dipahami, sangat membantu!",2026-07-27
15,29,5,Konten up to date dan relevan dengan kebutuhan kerja.,2026-06-06
16,31,4,"Kursus bagus, cocok untuk pemula.",2025-11-09
17,33,5,"Instrukturnya kompeten, penjelasan step by step.",2026-05-15
18,34,4,"Sangat puas, worth it banget!",2025-02-27
19,35,4,Konten up to date dan relevan dengan kebutuhan kerja.,2025-03-01
20,40,4,"Instrukturnya kompeten, penjelasan step by step.",2026-06-07
21,44,5,"Sangat puas, worth it banget!",2026-06-15
22,45,5,"Instrukturnya kompeten, penjelasan step by step.",2025-09-24
23,48,5,Konten up to date dan relevan dengan kebutuhan kerja.,2026-05-01
24,52,5,"Materinya jelas dan mudah dipahami, sangat membantu!",2025-05-04
25,53,5,Konten up to date dan relevan dengan kebutuhan kerja.,2026-04-04
26,54,5,"Materinya jelas dan mudah dipahami, sangat membantu!",2026-08-20
27,55,5,"Instrukturnya kompeten, penjelasan step by step.",2025-03-12
28,56,5,"Instrukturnya kompeten, penjelasan step by step.",2026-08-16
29,61,2,Kontennya sudah agak outdated.,2026-07-19
30,62,5,Konten up to date dan relevan dengan kebutuhan kerja.,2026-07-03
31,67,5,Konten up to date dan relevan dengan kebutuhan kerja.,2026-07-21
32,69,4,"Instrukturnya kompeten, penjelasan step by step.",2025-12-25
33,70,4,"Sangat puas, worth it banget!",2025-12-03
34,72,4,Konten up to date dan relevan dengan kebutuhan kerja.,2026-06-08
35,74,5,"Sangat puas, worth it banget!",2025-10-09
36,76,4,"Materinya jelas dan mudah dipahami, sangat membantu!",2025-05-09
37,77,5,"Instrukturnya kompeten, penjelasan step by step.",2026-07-25
38,78,4,"Kursus bagus, cocok untuk pemula.",2026-02-08
39,79,5,"Sangat puas, worth it banget!",2026-02-12
40,81,3,"Standar saja, sesuai ekspektasi.",2025-03-03
41,82,4,"Sangat puas, worth it banget!",2026-04-09
42,84,5,"Sangat puas, worth it banget!",2026-02-25
43,87,5,Konten up to date dan relevan dengan kebutuhan kerja.,2025-12-21
44,90,5,"Sangat puas, worth it banget!",2026-04-24
45,91,4,"Instrukturnya kompeten, penjelasan step by step.",2025-04-06
46,93,5,Konten up to date dan relevan dengan kebutuhan kerja.,2025-05-17
47,95,5,"Sangat puas, worth it banget!",2025-08-16
48,98,4,"Instrukturnya kompeten, penjelasan step by step.",2025-09-07
49,100,2,Modul terlalu panjang dan membosankan.,2025-02-18
50,101,4,Konten up to date dan relevan dengan kebutuhan kerja.,2026-09-07
51,103,5,"Kursus bagus, cocok untuk pemula.",2026-01-30
52,105,5,"Instrukturnya kompeten, penjelasan step by step.",2026-04-10
53,106,5,"Instrukturnya kompeten, penjelasan step by step.",2025-10-02
54,109,4,"Materinya jelas dan mudah dipahami, sangat membantu!",2026-08-13
55,110,5,Konten up to date dan relevan dengan kebutuhan kerja.,2025-07-21
56,114,3,"Standar saja, sesuai ekspektasi.",2026-04-15
57,117,5,"Kursus bagus, cocok untuk pemula.",2025-01-23
58,118,4,"Instrukturnya kompeten, penjelasan step by step.",2026-04-04
59,120,5,"Materinya jelas dan mudah dipahami, sangat membantu!",2026-10-06
60,122,4,"Sangat puas, worth it banget!",2025-11-11
61,124,5,"Materinya jelas dan mudah dipahami, sangat membantu!",2026-02-08
62,128,5,"Instrukturnya kompeten, penjelasan step by step.",2026-03-01
63,129,2,Kontennya sudah agak outdated.,2026-08-05
64,130,4,"Sangat puas, worth it banget!",2026-08-24
65,131,5,"Materinya jelas dan mudah dipahami, sangat membantu!",2026-07-23
66,134,5,"Sangat puas, worth it banget!",2025-04-16
67,140,4,"Sangat puas, worth it banget!",2026-08-01
68,143,4,"Materinya jelas dan mudah dipahami, sangat membantu!",2026-04-11
69,144,5,"Kursus bagus, cocok untuk pemula.",2024-09-20
70,145,5,"Materinya jelas dan mudah dipahami, sangat membantu!",2025-06-29
71,148,3,"Cukup baik, tapi bisa lebih baik lagi.",2026-06-22
72,152,5,"Materinya jelas dan mudah dipahami, sangat membantu!",2026-04-18
73,153,4,Konten up to date dan relevan dengan kebutuhan kerja.,2026-03-07
74,154,5,"Kursus bagus, cocok untuk pemula.",2026-08-14
75,156,5,Konten up to date dan relevan dengan kebutuhan kerja.,2026-02-23
76,158,4,"Materinya jelas dan mudah dipahami, sangat membantu!",2024-10-26
77,159,4,"Materinya jelas dan mudah dipahami, sangat membantu!",2026-09-06
78,160,4,"Sangat puas, worth it banget!",2025-02-04
79,161,5,"Instrukturnya kompeten, penjelasan step by step.",2026-06-26
80,163,5,"Materinya jelas dan mudah dipahami, sangat membantu!",2026-04-20
81,164,5,"Materinya jelas dan mudah dipahami, sangat membantu!",2026-04-12
82,166,5,"Sangat puas, worth it banget!",2026-04-06
83,169,5,"Instrukturnya kompeten, penjelasan step by step.",2026-08-18
84,170,4,"Sangat puas, worth it banget!",2026-06-18
85,171,4,"Materinya jelas dan mudah dipahami, sangat membantu!",2026-02-13
86,173,4,"Sangat puas, worth it banget!",2026-02-03
87,174,5,"Instrukturnya kompeten, penjelasan step by step.",2026-08-15
88,177,4,"Materinya jelas dan mudah dipahami, sangat membantu!",2026-08-05
89,178,5,"Kursus bagus, cocok untuk pemula.",2026-06-13
90,181,4,Konten up to date dan relevan dengan kebutuhan kerja.,2026-04-09
91,184,5,"Sangat puas, worth it banget!",2025-03-26
92,185,4,"Materinya jelas dan mudah dipahami, sangat membantu!",2025-06-02
93,187,4,"Instrukturnya kompeten, penjelasan step by step.",2026-04-03
94,188,3,"Standar saja, sesuai ekspektasi.",2026-05-29
95,189,4,"Kursus bagus, cocok untuk pemula.",2026-02-15
96,190,5,"Instrukturnya kompeten, penjelasan step by step.",2026-03-26
97,191,5,"Sangat puas, worth it banget!",2025-03-03
98,192,3,"Cukup baik, tapi bisa lebih baik lagi.",2026-04-19
99,193,4,"Materinya jelas dan mudah dipahami, sangat membantu!",2025-10-03
100,196,5,"Sangat puas, worth it banget!",2026-05-01
101,201,3,"Standar saja, sesuai ekspektasi.",2025-10-24
102,202,5,"Sangat puas, worth it banget!",2024-02-21
103,204,4,Konten up to date dan relevan dengan kebutuhan kerja.,2026-09-18
104,208,5,"Sangat puas, worth it banget!",2025-11-22
105,209,3,"Standar saja, sesuai ekspektasi.",2026-04-15
106,211,4,"Materinya jelas dan mudah dipahami, sangat membantu!",2026-09-15
107,212,4,Konten up to date dan relevan dengan kebutuhan kerja.,2026-03-26
108,213,4,"Sangat puas, worth it banget!",2026-07-03
109,214,3,Lumayan membantu untuk basic knowledge.,2024-10-08
110,217,4,"Kursus bagus, cocok untuk pemula.",2024-11-16
111,218,4,"Instrukturnya kompeten, penjelasan step by step.",2026-05-28
112,220,4,"Instrukturnya kompeten, penjelasan step by step.",2026-07-11
113,221,5,Konten up to date dan relevan dengan kebutuhan kerja.,2026-07-20
114,222,4,"Kursus bagus, cocok untuk pemula.",2026-03-21
115,223,4,"Kursus bagus, cocok untuk pemula.",2026-08-05
116,226,5,"Instrukturnya kompeten, penjelasan step by step.",2026-09-16
117,228,3,Lumayan membantu untuk basic knowledge.,2026-01-02
118,231,5,"Kursus bagus, cocok untuk pemula.",2026-01-04
119,239,5,Konten up to date dan relevan dengan kebutuhan kerja.,2026-05-19
120,240,4,"Sangat puas, worth it banget!",2026-03-04
121,250,1,Modul terlalu panjang dan membosankan.,2026-08-24
122,252,3,"Cukup baik, tapi bisa lebih baik lagi.",2026-07-13
123,253,4,"Instrukturnya kompeten, penjelasan step by step.",2025-07-21
124,255,5,"Materinya jelas dan mudah dipahami, sangat membantu!",2026-01-18
125,258,3,Lumayan membantu untuk basic knowledge.,2026-01-03
126,259,5,"Kursus bagus, cocok untuk pemula.",2026-03-10
127,260,4,Konten up to date dan relevan dengan kebutuhan kerja.,2025-12-11
128,261,5,"Instrukturnya kompeten, penjelasan step by step.",2025-11-19
129,262,4,"Kursus bagus, cocok untuk pemula.",2024-11-26
130,263,4,"Instrukturnya kompeten, penjelasan step by step.",2026-01-14
131,264,3,Lumayan membantu untuk basic knowledge.,2026-05-15
132,268,4,"Instrukturnya kompeten, penjelasan step by step.",2026-03-25
133,269,4,Konten up to date dan relevan dengan kebutuhan kerja.,2026-05-12
134,272,3,"Cukup baik, tapi bisa lebih baik lagi.",2024-12-30
135,273,4,"Materinya jelas dan mudah dipahami, sangat membantu!",2024-11-15
136,274,5,"Instrukturnya kompeten, penjelasan step by step.",2025-11-21
137,278,5,"Instrukturnya kompeten, penjelasan step by step.",2024-10-28
138,283,3,"Standar saja, sesuai ekspektasi.",2025-11-20
139,284,4,"Kursus bagus, cocok untuk pemula.",2025-09-10
140,285,5,"Instrukturnya kompeten, penjelasan step by step.",2026-08-02
141,287,5,Konten up to date dan relevan dengan kebutuhan kerja.,2026-07-12
142,288,3,"Standar saja, sesuai ekspektasi.",2026-06-16
143,289,4,"Instrukturnya kompeten, penjelasan step by step.",2026-10-08
144,291,4,"Sangat puas, worth it banget!",2026-09-02
145,294,5,Konten up to date dan relevan dengan kebutuhan kerja.,2024-08-05
146,295,4,"Materinya jelas dan mudah dipahami, sangat membantu!",2026-08-11
147,296,4,"Materinya jelas dan mudah dipahami, sangat membantu!",2026-04-27
148,297,4,"Kursus bagus, cocok untuk pemula.",2025-09-22
149,300,3,"Standar saja, sesuai ekspektasi.",2026-01-07
150,302,4,Konten up to date dan relevan dengan kebutuhan kerja.,2025-11-23
151,306,4,"Materinya jelas dan mudah dipahami, sangat membantu!",2026-07-16
152,309,2,Audio dan video kurang jelas di beberapa modul.,2026-05-14
153,311,4,"Kursus bagus, cocok untuk pemula.",2025-04-22
154,314,4,Konten up to date dan relevan dengan kebutuhan kerja.,2026-04-06
155,316,4,"Kursus bagus, cocok untuk pemula.",2026-01-22
156,320,5,Konten up to date dan relevan dengan kebutuhan kerja.,2026-07-19
157,321,5,"Kursus bagus, cocok untuk pemula.",2026-06-22
158,324,5,"Kursus bagus, cocok untuk pemula.",2026-02-25
159,327,5,"Instrukturnya kompeten, penjelasan step by step.",2025-09-07
160,329,4,"Materinya jelas dan mudah dipahami, sangat membantu!",2024-10-19
161,331,5,"Sangat puas, worth it banget!",2025-07-04
162,332,4,"Sangat puas, worth it banget!",2026-05-16
163,334,3,"Standar saja, sesuai ekspektasi.",2026-09-02
164,336,5,"Sangat puas, worth it banget!",2025-04-02
165,337,5,"Kursus bagus, cocok untuk pemula.",2026-09-10
166,338,5,"Kursus bagus, cocok untuk pemula.",2025-03-05
167,339,4,Konten up to date dan relevan dengan kebutuhan kerja.,2026-01-20
168,340,4,"Materinya jelas dan mudah dipahami, sangat membantu!",2026-05-05
169,341,5,"Instrukturnya kompeten, penjelasan step by step.",2025-08-11
170,345,4,"Instrukturnya kompeten, penjelasan step by step.",2026-05-09
171,347,4,"Sangat puas, worth it banget!",2025-06-19
172,349,5,"Instrukturnya kompeten, penjelasan step by step.",2025-10-18
173,351,4,"Materinya jelas dan mudah dipahami, sangat membantu!",2026-06-20
174,355,4,Konten up to date dan relevan dengan kebutuhan kerja.,2025-08-16
175,359,5,"Instrukturnya kompeten, penjelasan step by step.",2025-11-08
176,362,4,"Instrukturnya kompeten, penjelasan step by step.",2025-11-03
177,364,5,"Materinya jelas dan mudah dipahami, sangat membantu!",2024-11-21
178,366,4,"Materinya jelas dan mudah dipahami, sangat membantu!",2026-01-21
179,367,4,"Instrukturnya kompeten, penjelasan step by step.",2026-06-02
180,369,4,Konten up to date dan relevan dengan kebutuhan kerja.,2025-03-29
181,370,1,"Kurang studi kasus, terlalu teori.",2026-05-26
182,372,5,"Materinya jelas dan mudah dipahami, sangat membantu!",2026-09-25
183,373,5,"Instrukturnya kompeten, penjelasan step by step.",2026-09-03
184,375,5,"Instrukturnya kompeten, penjelasan step by step.",2026-10-02
185,377,5,"Instrukturnya kompeten, penjelasan step by step.",2025-03-20
186,379,4,"Kursus bagus, cocok untuk pemula.",2026-09-16
187,380,4,Konten up to date dan relevan dengan kebutuhan kerja.,2025-06-30
188,383,5,"Instrukturnya kompeten, penjelasan step by step.",2026-03-24
189,385,4,Konten up to date dan relevan dengan kebutuhan kerja.,2026-06-22
190,386,1,Modul terlalu panjang dan membosankan.,2026-03-23
191,388,4,"Kursus bagus, cocok untuk pemula.",2023-12-12
192,390,5,"Instrukturnya kompeten, penjelasan step by step.",2026-10-05
193,395,5,"Materinya jelas dan mudah dipahami, sangat membantu!",2025-07-10
194,397,5,"Instrukturnya kompeten, penjelasan step by step.",2026-06-25
195,399,4,Konten up to date dan relevan dengan kebutuhan kerja.,2026-02-15
196,400,5,Konten up to date dan relevan dengan kebutuhan kerja.,2026-06-23
197,404,5,Konten up to date dan relevan dengan kebutuhan kerja.,2026-03-14
198,406,4,"Kursus bagus, cocok untuk pemula.",2026-07-20
199,407,5,Konten up to date dan relevan dengan kebutuhan kerja.,2026-07-12
200,412,5,"Kursus bagus, cocok untuk pemula.",2026-08-03
201,413,5,"Materinya jelas dan mudah dipahami, sangat membantu!",2026-02-26
202,419,4,"Kursus bagus, cocok untuk pemula.",2026-03-05
203,421,5,"Sangat puas, worth it banget!",2024-02-14
204,425,4,"Sangat puas, worth it banget!",2026-07-05
205,428,1,Audio dan video kurang jelas di beberapa modul.,2026-08-09
206,436,3,Lumayan membantu untuk basic knowledge.,2026-09-11
207,438,4,"Sangat puas, worth it banget!",2025-09-27
208,439,5,"Materinya jelas dan mudah dipahami, sangat membantu!",2025-08-31
209,440,4,"Sangat puas, worth it banget!",2026-09-13
210,441,5,Konten up to date dan relevan dengan kebutuhan kerja.,2026-02-28
211,443,4,Konten up to date dan relevan dengan kebutuhan kerja.,2026-09-13
212,444,4,"Instrukturnya kompeten, penjelasan step by step.",2024-07-17
213,445,3,"Cukup baik, tapi bisa lebih baik lagi.",2026-02-25
214,446,3,"Cukup baik, tapi bisa lebih baik lagi.",2025-06-03
215,447,5,"Instrukturnya kompeten, penjelasan step by step.",2025-09-19
216,449,3,Lumayan membantu untuk basic knowledge.,2025-08-07
217,457,5,"Materinya jelas dan mudah dipahami, sangat membantu!",2026-01-13
218,460,5,"Kursus bagus, cocok untuk pemula.",2026-08-11
219,461,5,Konten up to date dan relevan dengan kebutuhan kerja.,2024-10-29
220,463,5,"Kursus bagus, cocok untuk pemula.",2026-05-05
221,464,3,Lumayan membantu untuk basic knowledge.,2026-04-02
222,465,4,"Materinya jelas dan mudah dipahami, sangat membantu!",2026-08-22
223,466,4,"Instrukturnya kompeten, penjelasan step by step.",2026-08-06
224,467,5,"Sangat puas, worth it banget!",2026-04-16
225,473,5,"Materinya jelas dan mudah dipahami, sangat membantu!",2026-02-24
226,476,1,"Kurang studi kasus, terlalu teori.",2025-06-19
227,478,4,"Instrukturnya kompeten, penjelasan step by step.",2026-03-25
228,479,5,"Kursus bagus, cocok untuk pemula.",2026-05-11
229,480,3,"Cukup baik, tapi bisa lebih baik lagi.",2025-08-17
230,482,2,"Materinya terlalu cepat, sulit diikuti.",2024-08-06
231,483,3,"Cukup baik, tapi bisa lebih baik lagi.",2025-08-16
232,484,5,"Sangat puas, worth it banget!",2026-05-18
233,488,5,"Kursus bagus, cocok untuk pemula.",2026-08-18
234,489,2,Audio dan video kurang jelas di beberapa modul.,2026-04-26
235,491,5,"Kursus bagus, cocok untuk pemula.",2026-03-21
236,493,5,"Sangat puas, worth it banget!",2025-08-19
237,494,4,"Materinya jelas dan mudah dipahami, sangat membantu!",2026-07-13
238,495,4,"Kursus bagus, cocok untuk pemula.",2026-06-25
239,498,5,"Kursus bagus, cocok untuk pemula.",2025-09-13
240,500,5,"Instrukturnya kompeten, penjelasan step by step.",2026-09-09
241,501,5,Konten up to date dan relevan dengan kebutuhan kerja.,2025-04-27
242,503,5,"Sangat puas, worth it banget!",2026-02-15
243,510,1,Modul terlalu panjang dan membosankan.,2025-12-28
244,514,5,Konten up to date dan relevan dengan kebutuhan kerja.,2026-01-26
245,515,5,Konten up to date dan relevan dengan kebutuhan kerja.,2026-03-17
246,516,5,Konten up to date dan relevan dengan kebutuhan kerja.,2026-07-14
247,521,5,Konten up to date dan relevan dengan kebutuhan kerja.,2026-07-18
248,525,5,"Kursus bagus, cocok untuk pemula.",2026-08-09
249,527,4,"Kursus bagus, cocok untuk pemula.",2026-06-09
250,528,4,Konten up to date dan relevan dengan kebutuhan kerja.,2025-12-08
251,529,4,"Sangat puas, worth it banget!",2026-06-08
252,530,4,"Instrukturnya kompeten, penjelasan step by step.",2024-06-15
253,531,5,Konten up to date dan relevan dengan kebutuhan kerja.,2026-06-21
254,537,5,"Instrukturnya kompeten, penjelasan step by step.",2026-08-23
255,540,3,"Cukup baik, tapi bisa lebih baik lagi.",2026-06-18
256,542,4,"Materinya jelas dan mudah dipahami, sangat membantu!",2026-07-04
257,543,1,"Materinya terlalu cepat, sulit diikuti.",2026-06-04
258,544,4,"Materinya jelas dan mudah dipahami, sangat membantu!",2026-05-20
259,545,5,Konten up to date dan relevan dengan kebutuhan kerja.,2026-01-20
260,546,4,"Instrukturnya kompeten, penjelasan step by step.",2025-09-25
261,554,4,Konten up to date dan relevan dengan kebutuhan kerja.,2026-09-07
262,555,3,Lumayan membantu untuk basic knowledge.,2025-10-31
263,556,4,"Sangat puas, worth it banget!",2026-04-29
264,557,5,"Sangat puas, worth it banget!",2026-03-20
265,558,4,Konten up to date dan relevan dengan kebutuhan kerja.,2026-05-18
266,559,4,Konten up to date dan relevan dengan kebutuhan kerja.,2026-07-10
267,560,5,"Kursus bagus, cocok untuk pemula.",2026-09-03
268,562,5,"Kursus bagus, cocok untuk pemula.",2025-08-10
269,568,3,"Cukup baik, tapi bisa lebih baik lagi.",2026-08-04
270,569,5,"Kursus bagus, cocok untuk pemula.",2026-05-17
271,570,2,Modul terlalu panjang dan membosankan.,2026-03-16
272,572,4,"Kursus bagus, cocok untuk pemula.",2025-10-03
273,574,5,"Materinya jelas dan mudah dipahami, sangat membantu!",2024-09-22
274,577,5,"Materinya jelas dan mudah dipahami, sangat membantu!",2026-09-05
275,580,2,Modul terlalu panjang dan membosankan.,2025-05-13
276,582,4,"Instrukturnya kompeten, penjelasan step by step.",2025-09-06
277,585,4,Konten up to date dan relevan dengan kebutuhan kerja.,2025-08-03
278,586,5,"Kursus bagus, cocok untuk pemula.",2026-01-14
279,587,4,Konten up to date dan relevan dengan kebutuhan kerja.,2024-11-10
280,589,5,Konten up to date dan relevan dengan kebutuhan kerja.,2025-11-21
281,592,4,Konten up to date dan relevan dengan kebutuhan kerja.,2026-02-04
282,594,4,"Instrukturnya kompeten, penjelasan step by step.",2026-03-02
283,598,4,"Materinya jelas dan mudah dipahami, sangat membantu!",2026-02-28
284,599,2,"Materinya terlalu cepat, sulit diikuti.",2025-07-15
285,602,3,"Cukup baik, tapi bisa lebih baik lagi.",2026-03-30
286,603,4,"Materinya jelas dan mudah dipahami, sangat membantu!",2025-02-08
287,607,2,"Materinya terlalu cepat, sulit diikuti.",2026-06-14
288,609,4,"Kursus bagus, cocok untuk pemula.",2026-06-27
289,613,4,"Kursus bagus, cocok untuk pemula.",2026-07-27
290,615,5,"Sangat puas, worth it banget!",2026-07-20
291,617,5,Konten up to date dan relevan dengan kebutuhan kerja.,2026-07-26
292,619,5,"Kursus bagus, cocok untuk pemula.",2024-10-24
293,623,5,"Kursus bagus, cocok untuk pemula.",2026-01-01
294,628,3,Lumayan membantu untuk basic knowledge.,2026-08-10
295,629,4,"Sangat puas, worth it banget!",2026-08-12
296,631,5,"Sangat puas, worth it banget!",2026-02-08
297,633,4,"Instrukturnya kompeten, penjelasan step by step.",2026-04-03
298,635,1,Modul terlalu panjang dan membosankan.,2026-08-19
299,639,5,"Kursus bagus, cocok untuk pemula.",2026-08-05
300,640,4,Konten up to date dan relevan dengan kebutuhan kerja.,2026-03-01
301,642,5,Konten up to date dan relevan dengan kebutuhan kerja.,2026-08-26
302,643,4,"Materinya jelas dan mudah dipahami, sangat membantu!",2026-10-07
303,644,4,"Instrukturnya kompeten, penjelasan step by step.",2026-02-11
304,645,4,Konten up to date dan relevan dengan kebutuhan kerja.,2026-05-23
305,649,5,"Kursus bagus, cocok untuk pemula.",2026-02-14
306,651,4,"Materinya jelas dan mudah dipahami, sangat membantu!",2026-01-25
307,652,2,"Materinya terlalu cepat, sulit diikuti.",2026-05-30
308,653,5,Konten up to date dan relevan dengan kebutuhan kerja.,2026-05-14
309,659,5,Konten up to date dan relevan dengan kebutuhan kerja.,2025-11-30
310,662,4,"Instrukturnya kompeten, penjelasan step by step.",2025-12-14
311,666,5,"Instrukturnya kompeten, penjelasan step by step.",2026-03-01
312,671,3,"Standar saja, sesuai ekspektasi.",2026-08-21
313,674,3,Lumayan membantu untuk basic knowledge.,2026-01-04
314,675,4,"Kursus bagus, cocok untuk pemula.",2026-06-01
315,676,3,"Cukup baik, tapi bisa lebih baik lagi.",2026-04-22
316,677,5,"Instrukturnya kompeten, penjelasan step by step.",2025-10-14
317,678,1,Modul terlalu panjang dan membosankan.,2026-08-12
318,680,3,"Cukup baik, tapi bisa lebih baik lagi.",2026-06-23
319,683,5,"Sangat puas, worth it banget!",2024-05-12
320,684,4,"Materinya jelas dan mudah dipahami, sangat membantu!",2025-09-04
321,685,5,"Instrukturnya kompeten, penjelasan step by step.",2026-07-24
322,687,5,"Sangat puas, worth it banget!",2026-04-01
323,689,4,"Kursus bagus, cocok untuk pemula.",2026-09-01
324,690,5,Konten up to date dan relevan dengan kebutuhan kerja.,2026-07-08
325,691,4,Konten up to date dan relevan dengan kebutuhan kerja.,2026-07-29
326,695,3,"Standar saja, sesuai ekspektasi.",2025-02-26
327,696,5,"Kursus bagus, cocok untuk pemula.",2026-06-10
328,697,3,"Standar saja, sesuai ekspektasi.",2025-06-06
329,698,5,"Kursus bagus, cocok untuk pemula.",2024-04-09
330,699,5,"Kursus bagus, cocok untuk pemula.",2026-01-26
331,700,5,"Materinya jelas dan mudah dipahami, sangat membantu!",2026-07-20
332,701,4,"Materinya jelas dan mudah dipahami, sangat membantu!",2026-08-26
333,702,3,"Cukup baik, tapi bisa lebih baik lagi.",2026-01-04
334,706,5,"Instrukturnya kompeten, penjelasan step by step.",2026-01-25
335,712,5,"Materinya jelas dan mudah dipahami, sangat membantu!",2026-07-01
336,714,5,"Sangat puas, worth it banget!",2026-04-30
337,717,5,"Kursus bagus, cocok untuk pemula.",2026-08-03
338,718,5,"Sangat puas, worth it banget!",2026-07-28
339,720,2,Audio dan video kurang jelas di beberapa modul.,2026-08-21
340,722,2,"Kurang studi kasus, terlalu teori.",2026-07-16
341,723,4,"Sangat puas, worth it banget!",2025-01-10
342,725,2,"Materinya terlalu cepat, sulit diikuti.",2025-03-28
343,726,5,"Kursus bagus, cocok untuk pemula.",2026-01-07
344,736,5,"Materinya jelas dan mudah dipahami, sangat membantu!",2026-03-13
345,738,4,"Kursus bagus, cocok untuk pemula.",2026-07-27
346,741,5,"Kursus bagus, cocok untuk pemula.",2025-06-28
347,742,5,"Materinya jelas dan mudah dipahami, sangat membantu!",2025-08-30
348,743,3,"Cukup baik, tapi bisa lebih baik lagi.",2025-11-14
349,748,4,"Instrukturnya kompeten, penjelasan step by step.",2026-06-30
350,749,5,"Instrukturnya kompeten, penjelasan step by step.",2026-04-24
351,750,5,"Materinya jelas dan mudah dipahami, sangat membantu!",2026-06-11
352,755,5,"Materinya jelas dan mudah dipahami, sangat membantu!",2026-04-06
353,756,5,"Sangat puas, worth it banget!",2024-08-03
354,757,3,Lumayan membantu untuk basic knowledge.,2026-05-11
355,759,4,"Instrukturnya kompeten, penjelasan step by step.",2025-07-24
356,760,5,"Kursus bagus, cocok untuk pemula.",2025-07-15
357,767,5,"Kursus bagus, cocok untuk pemula.",2025-09-20
358,768,4,Konten up to date dan relevan dengan kebutuhan kerja.,2026-07-28
359,769,2,"Kurang studi kasus, terlalu teori.",2024-11-11
360,771,4,Konten up to date dan relevan dengan kebutuhan kerja.,2026-04-30
361,777,4,"Materinya jelas dan mudah dipahami, sangat membantu!",2025-10-13
362,781,4,"Materinya jelas dan mudah dipahami, sangat membantu!",2026-05-01
363,782,5,"Sangat puas, worth it banget!",2026-06-24
364,784,1,"Kurang studi kasus, terlalu teori.",2026-09-21
365,785,5,"Kursus bagus, cocok untuk pemula.",2025-08-21
366,787,2,Modul terlalu panjang dan membosankan.,2026-08-13
367,792,5,"Sangat puas, worth it banget!",2024-07-09
368,795,5,Konten up to date dan relevan dengan kebutuhan kerja.,2026-02-14
369,797,5,"Instrukturnya kompeten, penjelasan step by step.",2026-07-07
370,800,5,"Kursus bagus, cocok untuk pemula.",2026-09-15
371,803,4,"Sangat puas, worth it banget!",2026-01-26
372,806,5,Konten up to date dan relevan dengan kebutuhan kerja.,2026-07-05
373,807,2,"Kurang studi kasus, terlalu teori.",2025-08-19
374,808,5,Konten up to date dan relevan dengan kebutuhan kerja.,2026-07-24
375,809,4,"Sangat puas, worth it banget!",2026-05-07
376,812,2,Modul terlalu panjang dan membosankan.,2026-09-14
377,813,4,"Sangat puas, worth it banget!",2026-08-20
378,818,5,"Materinya jelas dan mudah dipahami, sangat membantu!",2025-06-04
379,819,5,"Sangat puas, worth it banget!",2026-05-05
380,821,4,"Materinya jelas dan mudah dipahami, sangat membantu!",2026-09-06
381,824,5,"Kursus bagus, cocok untuk pemula.",2026-01-22
382,828,1,"Materinya terlalu cepat, sulit diikuti.",2025-12-26
383,832,5,Konten up to date dan relevan dengan kebutuhan kerja.,2026-10-04
384,835,5,Konten up to date dan relevan dengan kebutuhan kerja.,2026-07-11
385,844,4,"Instrukturnya kompeten, penjelasan step by step.",2026-01-24
386,845,4,Konten up to date dan relevan dengan kebutuhan kerja.,2026-06-07
387,851,4,Konten up to date dan relevan dengan kebutuhan kerja.,2025-10-22
388,852,4,"Kursus bagus, cocok untuk pemula.",2026-01-09
389,854,4,"Materinya jelas dan mudah dipahami, sangat membantu!",2025-05-07
390,860,5,"Materinya jelas dan mudah dipahami, sangat membantu!",2025-10-27
391,861,5,"Kursus bagus, cocok untuk pemula.",2026-07-19
392,862,4,Konten up to date dan relevan dengan kebutuhan kerja.,2025-08-15
393,863,5,Konten up to date dan relevan dengan kebutuhan kerja.,2026-04-15
394,866,3,"Cukup baik, tapi bisa lebih baik lagi.",2026-09-23
395,868,4,"Sangat puas, worth it banget!",2024-11-12
396,869,3,"Standar saja, sesuai ekspektasi.",2026-06-06
397,871,1,Modul terlalu panjang dan membosankan.,2026-05-12
398,874,5,Konten up to date dan relevan dengan kebutuhan kerja.,2026-06-19
399,875,5,"Materinya jelas dan mudah dipahami, sangat membantu!",2026-05-04
400,876,5,"Materinya jelas dan mudah dipahami, sangat membantu!",2026-07-04
401,880,5,"Kursus bagus, cocok untuk pemula.",2026-07-28
402,882,5,"Materinya jelas dan mudah dipahami, sangat membantu!",2025-12-28
403,886,5,"Materinya jelas dan mudah dipahami, sangat membantu!",2026-07-05
404,889,5,"Materinya jelas dan mudah dipahami, sangat membantu!",2026-08-03
405,890,3,"Cukup baik, tapi bisa lebih baik lagi.",2026-06-28
406,894,4,"Kursus bagus, cocok untuk pemula.",2026-01-14
407,897,5,"Kursus bagus, cocok untuk pemula.",2026-01-21
408,898,4,"Kursus bagus, cocok untuk pemula.",2025-12-20
409,900,4,"Kursus bagus, cocok untuk pemula.",2026-09-25
410,901,4,"Instrukturnya kompeten, penjelasan step by step.",2025-10-21
411,902,4,"Sangat puas, worth it banget!",2026-08-15
412,905,5,Konten up to date dan relevan dengan kebutuhan kerja.,2025-12-01
413,909,5,"Kursus bagus, cocok untuk pemula.",2025-07-17
414,910,3,"Standar saja, sesuai ekspektasi.",2026-10-09
415,911,1,Kontennya sudah agak outdated.,2026-07-22
416,915,5,"Instrukturnya kompeten, penjelasan step by step.",2026-02-05
417,919,5,"Sangat puas, worth it banget!",2025-08-29
418,920,5,"Instrukturnya kompeten, penjelasan step by step.",2026-07-17
419,925,4,"Sangat puas, worth it banget!",2026-07-06
420,928,1,Audio dan video kurang jelas di beberapa modul.,2026-07-09
421,931,4,"Instrukturnya kompeten, penjelasan step by step.",2026-08-19
422,932,3,"Cukup baik, tapi bisa lebih baik lagi.",2026-07-25
423,934,5,"Kursus bagus, cocok untuk pemula.",2026-05-26
424,935,4,"Kursus bagus, cocok untuk pemula.",2026-07-21
425,937,5,Konten up to date dan relevan dengan kebutuhan kerja.,2026-04-10
426,938,4,"Sangat puas, worth it banget!",2026-04-13
427,939,4,"Materinya jelas dan mudah dipahami, sangat membantu!",2026-03-05
428,941,5,"Sangat puas, worth it banget!",2026-08-07
429,947,3,Lumayan membantu untuk basic knowledge.,2026-01-31
430,950,4,Konten up to date dan relevan dengan kebutuhan kerja.,2026-07-18
431,952,5,"Materinya jelas dan mudah dipahami, sangat membantu!",2026-08-17
432,953,1,Modul terlalu panjang dan membosankan.,2026-01-14
433,955,5,"Materinya jelas dan mudah dipahami, sangat membantu!",2026-08-29
434,956,5,"Kursus bagus, cocok untuk pemula.",2026-08-30
435,959,4,"Kursus bagus, cocok untuk pemula.",2025-05-17
436,961,5,"Materinya jelas dan mudah dipahami, sangat membantu!",2025-11-09
437,964,5,"Materinya jelas dan mudah dipahami, sangat membantu!",2025-02-17
438,967,4,"Kursus bagus, cocok untuk pemula.",2026-08-06
439,971,4,"Materinya jelas dan mudah dipahami, sangat membantu!",2026-07-06
440,973,5,"Materinya jelas dan mudah dipahami, sangat membantu!",2024-06-26
441,976,4,"Sangat puas, worth it banget!",2026-07-15
442,977,3,Lumayan membantu untuk basic knowledge.,2026-09-03
443,978,5,"Kursus bagus, cocok untuk pemula.",2026-06-07
444,981,5,"Instrukturnya kompeten, penjelasan step by step.",2026-03-17
445,984,5,"Instrukturnya kompeten, penjelasan step by step.",2026-05-21
446,985,5,"Materinya jelas dan mudah dipahami, sangat membantu!",2026-08-05
447,993,5,Konten up to date dan relevan dengan kebutuhan kerja.,2026-05-09
448,995,5,Konten up to date dan relevan dengan kebutuhan kerja.,2024-12-05
449,996,4,"Sangat puas, worth it banget!",2026-06-13
450,997,4,"Sangat puas, worth it banget!",2026-08-03
451,1000,2,Kontennya sudah agak outdated.,2026-02-14
452,1003,4,"Sangat puas, worth it banget!",2026-09-09
453,1004,5,"Sangat puas, worth it banget!",2026-02-19
454,1006,4,"Sangat puas, worth it banget!",2025-08-01
455,1007,4,"Instrukturnya kompeten, penjelasan step by step.",2026-08-13
456,1009,5,Konten up to date dan relevan dengan kebutuhan kerja.,2026-05-22
457,1011,5,"Sangat puas, worth it banget!",2026-02-23
458,1016,5,"Materinya jelas dan mudah dipahami, sangat membantu!",2026-08-05
459,1017,4,"Materinya jelas dan mudah dipahami, sangat membantu!",2026-03-06
460,1018,3,"Standar saja, sesuai ekspektasi.",2025-02-28
461,1020,2,Kontennya sudah agak outdated.,2026-08-04
462,1023,5,"Sangat puas, worth it banget!",2026-03-14
463,1026,4,"Materinya jelas dan mudah dipahami, sangat membantu!",2026-08-17
464,1027,3,Lumayan membantu untuk basic knowledge.,2025-09-04
465,1038,5,Konten up to date dan relevan dengan kebutuhan kerja.,2026-01-25
466,1039,4,"Sangat puas, worth it banget!",2026-06-09
467,1040,1,"Kurang studi kasus, terlalu teori.",2026-05-15
468,1042,5,"Kursus bagus, cocok untuk pemula.",2026-08-28
469,1043,3,"Cukup baik, tapi bisa lebih baik lagi.",2025-12-21
470,1044,4,"Instrukturnya kompeten, penjelasan step by step.",2025-09-20
471,1048,5,Konten up to date dan relevan dengan kebutuhan kerja.,2025-08-01
472,1050,3,"Cukup baik, tapi bisa lebih baik lagi.",2025-10-28
473,1053,5,Konten up to date dan relevan dengan kebutuhan kerja.,2025-06-08
474,1054,4,Konten up to date dan relevan dengan kebutuhan kerja.,2026-07-28
475,1056,5,"Sangat puas, worth it banget!",2026-03-03
476,1058,5,Konten up to date dan relevan dengan kebutuhan kerja.,2026-02-07
477,1063,3,"Standar saja, sesuai ekspektasi.",2026-07-21
478,1066,4,"Instrukturnya kompeten, penjelasan step by step.",2025-10-04
479,1067,5,"Instrukturnya kompeten, penjelasan step by step.",2026-01-19
480,1069,5,Konten up to date dan relevan dengan kebutuhan kerja.,2026-05-14
481,1071,5,Konten up to date dan relevan dengan kebutuhan kerja.,2026-10-12
482,1072,4,"Kursus bagus, cocok untuk pemula.",2026-09-21
483,1073,1,Audio dan video kurang jelas di beberapa modul.,2026-06-19
484,1075,3,"Standar saja, sesuai ekspektasi.",2025-12-10
485,1078,5,"Materinya jelas dan mudah dipahami, sangat membantu!",2024-09-04
486,1085,5,"Materinya jelas dan mudah dipahami, sangat membantu!",2026-03-31
487,1086,3,"Standar saja, sesuai ekspektasi.",2026-01-22
488,1094,5,"Kursus bagus, cocok untuk pemula.",2026-01-25
489,1098,4,"Kursus bagus, cocok untuk pemula.",2026-04-10
490,1099,5,"Sangat puas, worth it banget!",2026-08-30
491,1101,4,"Materinya jelas dan mudah dipahami, sangat membantu!",2025-08-06
492,1105,5,Konten up to date dan relevan dengan kebutuhan kerja.,2026-01-18
493,1106,5,"Materinya jelas dan mudah dipahami, sangat membantu!",2026-08-10
494,1107,5,"Materinya jelas dan mudah dipahami, sangat membantu!",2026-05-06
495,1108,4,"Materinya jelas dan mudah dipahami, sangat membantu!",2026-07-05
496,1109,4,"Instrukturnya kompeten, penjelasan step by step.",2026-05-27
497,1110,3,"Cukup baik, tapi bisa lebih baik lagi.",2026-07-03
498,1111,4,"Sangat puas, worth it banget!",2025-07-02
499,1112,5,Konten up to date dan relevan dengan kebutuhan kerja.,2024-11-24
500,1113,5,"Materinya jelas dan mudah dipahami, sangat membantu!",2025-02-21
501,1114,5,"Sangat puas, worth it banget!",2026-09-09
502,1116,4,"Instrukturnya kompeten, penjelasan step by step.",2026-04-23
503,1117,3,"Cukup baik, tapi bisa lebih baik lagi.",2026-09-20
504,1118,4,Konten up to date dan relevan dengan kebutuhan kerja.,2025-09-09
505,1132,5,Konten up to date dan relevan dengan kebutuhan kerja.,2026-08-09
506,1135,5,"Kursus bagus, cocok untuk pemula.",2026-05-06
507,1139,4,"Instrukturnya kompeten, penjelasan step by step.",2026-02-06
508,1140,5,"Instrukturnya kompeten, penjelasan step by step.",2026-04-09
509,1142,5,Konten up to date dan relevan dengan kebutuhan kerja.,2026-05-10
510,1149,3,Lumayan membantu untuk basic knowledge.,2025-11-24
511,1150,5,"Instrukturnya kompeten, penjelasan step by step.",2025-12-11
512,1151,5,Konten up to date dan relevan dengan kebutuhan kerja.,2025-12-29
513,1154,5,"Instrukturnya kompeten, penjelasan step by step.",2026-09-07
514,1155,4,"Sangat puas, worth it banget!",2026-03-09
515,1157,5,"Materinya jelas dan mudah dipahami, sangat membantu!",2026-01-26
516,1159,5,"Kursus bagus, cocok untuk pemula.",2026-01-09
517,1160,5,"Sangat puas, worth it banget!",2024-11-17
518,1162,5,"Kursus bagus, cocok untuk pemula.",2026-06-30
519,1163,5,"Kursus bagus, cocok untuk pemula.",2026-01-30
520,1167,5,"Materinya jelas dan mudah dipahami, sangat membantu!",2025-05-14
521,1170,5,"Materinya jelas dan mudah dipahami, sangat membantu!",2026-08-28
522,1172,5,Konten up to date dan relevan dengan kebutuhan kerja.,2025-06-03
523,1174,5,Konten up to date dan relevan dengan kebutuhan kerja.,2026-03-13
524,1175,5,Konten up to date dan relevan dengan kebutuhan kerja.,2026-05-27
525,1176,5,"Kursus bagus, cocok untuk pemula.",2026-04-23
526,1179,4,"Instrukturnya kompeten, penjelasan step by step.",2026-09-13
527,1180,4,"Instrukturnya kompeten, penjelasan step by step.",2026-08-29
528,1181,5,"Materinya jelas dan mudah dipahami, sangat membantu!",2026-09-24
529,1184,3,"Standar saja, sesuai ekspektasi.",2026-05-02
530,1185,5,"Materinya jelas dan mudah dipahami, sangat membantu!",2025-11-18
531,1186,4,"Sangat puas, worth it banget!",2025-01-05
532,1187,5,"Sangat puas, worth it banget!",2025-04-27
533,1194,4,"Materinya jelas dan mudah dipahami, sangat membantu!",2026-07-14
534,1196,3,"Standar saja, sesuai ekspektasi.",2026-09-16
535,1198,1,Audio dan video kurang jelas di beberapa modul.,2026-09-12
536,1200,3,"Cukup baik, tapi bisa lebih baik lagi.",2025-11-29
537,1202,3,"Cukup baik, tapi bisa lebih baik lagi.",2026-09-09
538,1203,5,"Sangat puas, worth it banget!",2026-10-13
539,1204,1,Audio dan video kurang jelas di beberapa modul.,2025-04-02
540,1205,4,"Sangat puas, worth it banget!",2026-04-07
541,1207,5,"Sangat puas, worth it banget!",2025-03-21
542,1208,3,Lumayan membantu untuk basic knowledge.,2026-07-13
543,1209,3,"Cukup baik, tapi bisa lebih baik lagi.",2024-11-15
544,1211,5,"Instrukturnya kompeten, penjelasan step by step.",2025-12-30
545,1212,4,"Materinya jelas dan mudah dipahami, sangat membantu!",2025-02-08
546,1215,5,"Materinya jelas dan mudah dipahami, sangat membantu!",2026-01-04
547,1216,4,"Kursus bagus, cocok untuk pemula.",2026-03-23
548,1218,5,"Materinya jelas dan mudah dipahami, sangat membantu!",2025-11-04
549,1220,5,"Instrukturnya kompeten, penjelasan step by step.",2026-08-19
550,1222,1,Audio dan video kurang jelas di beberapa modul.,2026-08-24
551,1225,5,"Sangat puas, worth it banget!",2024-07-17
552,1232,5,"Kursus bagus, cocok untuk pemula.",2026-09-12
553,1234,4,"Materinya jelas dan mudah dipahami, sangat membantu!",2026-04-24
554,1236,1,Modul terlalu panjang dan membosankan.,2026-06-17
555,1240,5,"Sangat puas, worth it banget!",2024-07-31
556,1241,2,"Kurang studi kasus, terlalu teori.",2026-04-17
557,1243,3,"Cukup baik, tapi bisa lebih baik lagi.",2026-05-13
558,1245,4,"Kursus bagus, cocok untuk pemula.",2025-12-01
559,1246,5,"Kursus bagus, cocok untuk pemula.",2026-02-25
560,1248,5,Konten up to date dan relevan dengan kebutuhan kerja.,2026-08-25
561,1249,4,"Kursus bagus, cocok untuk pemula.",2026-06-21
562,1251,5,"Materinya jelas dan mudah dipahami, sangat membantu!",2025-06-21
563,1252,5,"Instrukturnya kompeten, penjelasan step by step.",2025-08-28
564,1258,2,Modul terlalu panjang dan membosankan.,2025-10-13
565,1260,3,"Cukup baik, tapi bisa lebih baik lagi.",2026-07-20
566,1264,5,"Sangat puas, worth it banget!",2026-09-03
567,1267,5,"Sangat puas, worth it banget!",2026-07-05
568,1273,5,"Materinya jelas dan mudah dipahami, sangat membantu!",2026-04-30
569,1278,5,"Sangat puas, worth it banget!",2025-12-06
570,1280,5,Konten up to date dan relevan dengan kebutuhan kerja.,2025-08-31
571,1283,5,"Materinya jelas dan mudah dipahami, sangat membantu!",2025-11-09
572,1288,1,"Materinya terlalu cepat, sulit diikuti.",2026-04-11
573,1289,4,"Sangat puas, worth it banget!",2026-08-18
574,1291,5,Konten up to date dan relevan dengan kebutuhan kerja.,2026-04-16
575,1297,5,"Kursus bagus, cocok untuk pemula.",2026-05-18
576,1298,5,"Sangat puas, worth it banget!",2026-08-05
577,1300,5,"Kursus bagus, cocok untuk pemula.",2026-01-04
578,1301,3,Lumayan membantu untuk basic knowledge.,2026-01-26
579,1303,4,"Materinya jelas dan mudah dipahami, sangat membantu!",2026-01-20
580,1306,5,"Instrukturnya kompeten, penjelasan step by step.",2025-06-24
581,1307,4,"Instrukturnya kompeten, penjelasan step by step.",2026-03-23
582,1308,4,"Kursus bagus, cocok untuk pemula.",2026-08-08
583,1309,4,"Sangat puas, worth it banget!",2026-07-27
584,1311,5,"Materinya jelas dan mudah dipahami, sangat membantu!",2026-04-24
585,1316,5,Konten up to date dan relevan dengan kebutuhan kerja.,2025-12-29
586,1317,3,"Cukup baik, tapi bisa lebih baik lagi.",2024-08-05
587,1318,5,"Kursus bagus, cocok untuk pemula.",2026-06-15
588,1322,2,Modul terlalu panjang dan membosankan.,2026-06-30
589,1323,5,"Instrukturnya kompeten, penjelasan step by step.",2026-03-25
590,1324,5,"Sangat puas, worth it banget!",2026-01-08
591,1325,5,"Materinya jelas dan mudah dipahami, sangat membantu!",2026-07-11
592,1328,5,Konten up to date dan relevan dengan kebutuhan kerja.,2026-09-24
593,1333,3,"Standar saja, sesuai ekspektasi.",2025-11-02
594,1335,4,"Instrukturnya kompeten, penjelasan step by step.",2026-03-15
595,1342,5,"Instrukturnya kompeten, penjelasan step by step.",2026-06-11
596,1345,5,"Materinya jelas dan mudah dipahami, sangat membantu!",2025-10-09
597,1347,4,"Materinya jelas dan mudah dipahami, sangat membantu!",2025-10-06
598,1348,4,Konten up to date dan relevan dengan kebutuhan kerja.,2026-04-18
599,1350,5,"Instrukturnya kompeten, penjelasan step by step.",2026-03-30
600,1351,4,"Kursus bagus, cocok untuk pemula.",2026-07-05
601,1353,5,Konten up to date dan relevan dengan kebutuhan kerja.,2026-06-03
602,1355,5,"Materinya jelas dan mudah dipahami, sangat membantu!",2026-09-18
603,1357,5,"Instrukturnya kompeten, penjelasan step by step.",2024-04-09
604,1358,4,"Sangat puas, worth it banget!",2026-10-11
605,1366,5,"Sangat puas, worth it banget!",2026-01-09
606,1367,5,"Instrukturnya kompeten, penjelasan step by step.",2026-09-11
607,1368,5,"Sangat puas, worth it banget!",2026-03-11
608,1371,1,"Materinya terlalu cepat, sulit diikuti.",2026-08-30
609,1377,5,"Kursus bagus, cocok untuk pemula.",2026-01-16
610,1378,5,"Sangat puas, worth it banget!",2024-10-03
611,1380,3,"Standar saja, sesuai ekspektasi.",2025-01-03
612,1384,5,"Materinya jelas dan mudah dipahami, sangat membantu!",2025-08-12
613,1386,3,Lumayan membantu untuk basic knowledge.,2026-05-06
614,1391,5,Konten up to date dan relevan dengan kebutuhan kerja.,2026-07-26
615,1392,2,Audio dan video kurang jelas di beberapa modul.,2025-11-30
616,1393,4,Konten up to date dan relevan dengan kebutuhan kerja.,2025-09-14
617,1395,5,"Kursus bagus, cocok untuk pemula.",2025-05-27
618,1398,5,"Sangat puas, worth it banget!",2025-10-01
619,1399,4,Konten up to date dan relevan dengan kebutuhan kerja.,2025-06-10
620,1401,5,"Sangat puas, worth it banget!",2025-12-08
621,1402,5,"Materinya jelas dan mudah dipahami, sangat membantu!",2026-01-12
622,1403,3,"Standar saja, sesuai ekspektasi.",2025-01-03
623,1405,3,"Cukup baik, tapi bisa lebih baik lagi.",2026-06-29
624,1406,4,"Sangat puas, worth it banget!",2026-07-13
625,1407,5,"Kursus bagus, cocok untuk pemula.",2024-03-31
626,1412,4,"Kursus bagus, cocok untuk pemula.",2026-07-04
627,1415,5,Konten up to date dan relevan dengan kebutuhan kerja.,2026-03-27
628,1417,5,"Instrukturnya kompeten, penjelasan step by step.",2026-09-14
629,1418,5,"Sangat puas, worth it banget!",2025-09-13
630,1419,1,"Kurang studi kasus, terlalu teori.",2026-07-11
631,1424,4,"Materinya jelas dan mudah dipahami, sangat membantu!",2025-09-24
632,1426,5,"Sangat puas, worth it banget!",2025-10-09
633,1428,5,"Sangat puas, worth it banget!",2026-04-22
634,1430,3,"Cukup baik, tapi bisa lebih baik lagi.",2026-04-25
635,1431,3,Lumayan membantu untuk basic knowledge.,2026-07-18
636,1433,5,"Kursus bagus, cocok untuk pemula.",2026-05-02
637,1434,5,"Instrukturnya kompeten, penjelasan step by step.",2026-05-04
638,1435,4,"Materinya jelas dan mudah dipahami, sangat membantu!",2026-05-11
639,1437,4,Konten up to date dan relevan dengan kebutuhan kerja.,2025-05-15
640,1438,4,"Kursus bagus, cocok untuk pemula.",2026-09-12
641,1440,4,Konten up to date dan relevan dengan kebutuhan kerja.,2025-12-30
642,1443,4,Konten up to date dan relevan dengan kebutuhan kerja.,2024-05-07
643,1446,4,Konten up to date dan relevan dengan kebutuhan kerja.,2025-07-18
644,1454,5,Konten up to date dan relevan dengan kebutuhan kerja.,2026-08-16
645,1457,4,Konten up to date dan relevan dengan kebutuhan kerja.,2025-08-26
646,1459,5,"Materinya jelas dan mudah dipahami, sangat membantu!",2025-10-12
647,1460,4,"Sangat puas, worth it banget!",2026-07-01
648,1461,4,"Sangat puas, worth it banget!",2025-11-17
649,1462,3,Lumayan membantu untuk basic knowledge.,2026-06-11
650,1463,5,"Sangat puas, worth it banget!",2026-06-19
651,1464,2,Modul terlalu panjang dan membosankan.,2026-04-14
652,1465,4,"Sangat puas, worth it banget!",2024-10-03
653,1466,5,"Materinya jelas dan mudah dipahami, sangat membantu!",2026-07-17
654,1467,5,Konten up to date dan relevan dengan kebutuhan kerja.,2026-03-05
655,1470,5,"Instrukturnya kompeten, penjelasan step by step.",2026-08-05
656,1471,5,"Materinya jelas dan mudah dipahami, sangat membantu!",2026-03-04
657,1472,5,"Kursus bagus, cocok untuk pemula.",2026-05-18
658,1473,4,Konten up to date dan relevan dengan kebutuhan kerja.,2025-07-17
659,1474,4,"Instrukturnya kompeten, penjelasan step by step.",2026-06-28
660,1476,1,Kontennya sudah agak outdated.,2026-04-24
661,1479,4,"Instrukturnya kompeten, penjelasan step by step.",2026-08-12
662,1484,4,"Materinya jelas dan mudah dipahami, sangat membantu!",2024-07-23
663,1486,5,Konten up to date dan relevan dengan kebutuhan kerja.,2024-12-27
664,1487,3,Lumayan membantu untuk basic knowledge.,2025-10-03
665,1488,5,"Kursus bagus, cocok untuk pemula.",2025-07-11
666,1491,4,Konten up to date dan relevan dengan kebutuhan kerja.,2025-04-22
667,1495,4,Konten up to date dan relevan dengan kebutuhan kerja.,2026-09-19
668,1497,5,"Sangat puas, worth it banget!",2025-10-25
669,1498,4,"Kursus bagus, cocok untuk pemula.",2025-07-03
670,1499,5,"Instrukturnya kompeten, penjelasan step by step.",2026-04-18
671,1500,4,Konten up to date dan relevan dengan kebutuhan kerja.,2025-06-28
672,1502,5,"Materinya jelas dan mudah dipahami, sangat membantu!",2026-01-15
673,1503,4,Konten up to date dan relevan dengan kebutuhan kerja.,2025-09-10
674,1507,5,Konten up to date dan relevan dengan kebutuhan kerja.,2026-06-28
675,1509,5,"Instrukturnya kompeten, penjelasan step by step.",2026-02-20
676,1511,3,Lumayan membantu untuk basic knowledge.,2026-03-22
677,1517,5,"Instrukturnya kompeten, penjelasan step by step.",2026-03-08
678,1518,5,"Instrukturnya kompeten, penjelasan step by step.",2026-08-28
679,1520,5,"Kursus bagus, cocok untuk pemula.",2026-05-17
680,1521,1,Modul terlalu panjang dan membosankan.,2026-05-05
681,1524,5,"Kursus bagus, cocok untuk pemula.",2026-07-31
682,1525,2,"Kurang studi kasus, terlalu teori.",2026-03-03
683,1526,5,"Kursus bagus, cocok untuk pemula.",2026-06-08
684,1528,5,"Sangat puas, worth it banget!",2026-08-04
685,1532,4,Konten up to date dan relevan dengan kebutuhan kerja.,2025-06-19
686,1534,5,"Materinya jelas dan mudah dipahami, sangat membantu!",2024-08-16
687,1535,4,"Instrukturnya kompeten, penjelasan step by step.",2026-07-07
688,1536,5,"Instrukturnya kompeten, penjelasan step by step.",2025-04-21
689,1538,3,"Standar saja, sesuai ekspektasi.",2026-03-11
690,1539,4,"Instrukturnya kompeten, penjelasan step by step.",2024-07-30
691,1540,4,"Sangat puas, worth it banget!",2025-08-07
692,1545,5,"Materinya jelas dan mudah dipahami, sangat membantu!",2026-09-16
693,1548,5,Konten up to date dan relevan dengan kebutuhan kerja.,2025-02-17
694,1550,5,"Materinya jelas dan mudah dipahami, sangat membantu!",2025-05-17
695,1551,5,"Instrukturnya kompeten, penjelasan step by step.",2025-08-20
696,1552,5,"Instrukturnya kompeten, penjelasan step by step.",2025-01-13
697,1555,4,"Kursus bagus, cocok untuk pemula.",2026-05-25
698,1557,4,"Materinya jelas dan mudah dipahami, sangat membantu!",2025-08-31
699,1558,5,"Sangat puas, worth it banget!",2024-08-01
700,1559,4,"Kursus bagus, cocok untuk pemula.",2026-07-13
701,1560,5,"Instrukturnya kompeten, penjelasan step by step.",2026-06-30
702,1561,4,Konten up to date dan relevan dengan kebutuhan kerja.,2025-12-04
703,1562,5,Konten up to date dan relevan dengan kebutuhan kerja.,2026-03-17
704,1569,3,Lumayan membantu untuk basic knowledge.,2026-04-04
705,1570,5,"Instrukturnya kompeten, penjelasan step by step.",2026-01-24
706,1572,5,"Instrukturnya kompeten, penjelasan step by step.",2025-12-17
707,1578,4,"Materinya jelas dan mudah dipahami, sangat membantu!",2026-07-06
708,1579,5,"Kursus bagus, cocok untuk pemula.",2026-07-15
709,1584,1,Modul terlalu panjang dan membosankan.,2026-04-24
710,1585,5,Konten up to date dan relevan dengan kebutuhan kerja.,2026-06-18
711,1586,4,"Instrukturnya kompeten, penjelasan step by step.",2026-07-15
712,1587,4,"Sangat puas, worth it banget!",2026-08-20
713,1588,5,"Materinya jelas dan mudah dipahami, sangat membantu!",2026-04-04
714,1589,5,"Instrukturnya kompeten, penjelasan step by step.",2025-11-16
715,1590,4,"Kursus bagus, cocok untuk pemula.",2026-07-14
716,1591,5,Konten up to date dan relevan dengan kebutuhan kerja.,2025-06-26
717,1592,5,"Kursus bagus, cocok untuk pemula.",2025-04-03
718,1594,5,"Kursus bagus, cocok untuk pemula.",2024-02-17
719,1597,4,"Sangat puas, worth it banget!",2026-01-05
720,1600,5,"Materinya jelas dan mudah dipahami, sangat membantu!",2026-09-28
721,1601,2,"Materinya terlalu cepat, sulit diikuti.",2026-09-22
722,1603,4,"Instrukturnya kompeten, penjelasan step by step.",2025-10-06
723,1605,5,"Sangat puas, worth it banget!",2026-05-17
724,1606,5,Konten up to date dan relevan dengan kebutuhan kerja.,2026-03-17
725,1609,4,"Instrukturnya kompeten, penjelasan step by step.",2026-08-08
726,1611,5,"Kursus bagus, cocok untuk pemula.",2026-02-24
727,1615,4,"Instrukturnya kompeten, penjelasan step by step.",2025-11-14
728,1618,5,"Kursus bagus, cocok untuk pemula.",2025-08-17
729,1619,3,"Standar saja, sesuai ekspektasi.",2025-11-22
730,1621,5,"Materinya jelas dan mudah dipahami, sangat membantu!",2026-08-19
731,1622,5,"Kursus bagus, cocok untuk pemula.",2025-03-23
732,1624,5,"Sangat puas, worth it banget!",2026-07-28
733,1625,5,"Instrukturnya kompeten, penjelasan step by step.",2026-01-24
734,1629,5,"Instrukturnya kompeten, penjelasan step by step.",2025-07-04
735,1634,5,Konten up to date dan relevan dengan kebutuhan kerja.,2026-05-20
736,1635,5,"Instrukturnya kompeten, penjelasan step by step.",2026-01-24
737,1637,5,"Sangat puas, worth it banget!",2026-07-25
738,1640,5,"Materinya jelas dan mudah dipahami, sangat membantu!",2025-11-12
739,1649,4,"Instrukturnya kompeten, penjelasan step by step.",2026-09-26
740,1651,4,"Sangat puas, worth it banget!",2026-08-30
741,1655,5,"Materinya jelas dan mudah dipahami, sangat membantu!",2025-05-16
742,1656,5,"Materinya jelas dan mudah dipahami, sangat membantu!",2024-08-08
743,1659,5,"Instrukturnya kompeten, penjelasan step by step.",2025-08-05
744,1660,4,Konten up to date dan relevan dengan kebutuhan kerja.,2026-06-16
745,1662,3,"Standar saja, sesuai ekspektasi.",2025-12-05
746,1663,2,"Kurang studi kasus, terlalu teori.",2026-05-21
747,1665,5,"Instrukturnya kompeten, penjelasan step by step.",2026-05-30
748,1667,5,"Materinya jelas dan mudah dipahami, sangat membantu!",2026-08-03
749,1671,5,"Kursus bagus, cocok untuk pemula.",2025-04-15
750,1675,3,"Cukup baik, tapi bisa lebih baik lagi.",2026-09-08
751,1677,2,"Kurang studi kasus, terlalu teori.",2026-01-09
752,1681,5,"Materinya jelas dan mudah dipahami, sangat membantu!",2026-08-17
753,1684,4,Konten up to date dan relevan dengan kebutuhan kerja.,2026-07-24
754,1685,5,"Kursus bagus, cocok untuk pemula.",2025-12-04
755,1686,5,"Sangat puas, worth it banget!",2025-07-15
756,1687,5,Konten up to date dan relevan dengan kebutuhan kerja.,2026-07-19
757,1692,5,"Instrukturnya kompeten, penjelasan step by step.",2025-08-20
758,1693,5,"Sangat puas, worth it banget!",2026-02-02
759,1694,5,Konten up to date dan relevan dengan kebutuhan kerja.,2026-06-29
760,1695,5,"Kursus bagus, cocok untuk pemula.",2026-02-08
761,1696,5,"Kursus bagus, cocok untuk pemula.",2026-06-03
762,1697,1,Audio dan video kurang jelas di beberapa modul.,2026-08-30
763,1700,5,"Sangat puas, worth it banget!",2026-07-27
764,1702,5,Konten up to date dan relevan dengan kebutuhan kerja.,2026-06-23
765,1705,5,Konten up to date dan relevan dengan kebutuhan kerja.,2025-03-15
766,1706,5,"Sangat puas, worth it banget!",2026-08-09
767,1707,5,Konten up to date dan relevan dengan kebutuhan kerja.,2026-09-12
768,1710,4,Konten up to date dan relevan dengan kebutuhan kerja.,2025-07-15
769,1711,4,Konten up to date dan relevan dengan kebutuhan kerja.,2025-09-21
770,1713,5,"Sangat puas, worth it banget!",2026-08-07
771,1716,4,"Sangat puas, worth it banget!",2025-04-13
772,1721,3,"Standar saja, sesuai ekspektasi.",2026-08-11
773,1722,4,"Instrukturnya kompeten, penjelasan step by step.",2026-03-28
774,1723,4,"Kursus bagus, cocok untuk pemula.",2026-01-30
775,1724,5,"Instrukturnya kompeten, penjelasan step by step.",2026-04-18
776,1725,4,Konten up to date dan relevan dengan kebutuhan kerja.,2026-09-13
777,1732,3,"Cukup baik, tapi bisa lebih baik lagi.",2026-04-29
778,1733,3,"Standar saja, sesuai ekspektasi.",2025-05-04
779,1735,5,"Kursus bagus, cocok untuk pemula.",2026-08-04
780,1737,4,"Kursus bagus, cocok untuk pemula.",2026-04-02
781,1740,2,"Materinya terlalu cepat, sulit diikuti.",2026-05-06
782,1741,4,"Materinya jelas dan mudah dipahami, sangat membantu!",2026-07-17
783,1742,4,"Instrukturnya kompeten, penjelasan step by step.",2026-08-16
784,1744,5,"Materinya jelas dan mudah dipahami, sangat membantu!",2026-06-06
785,1745,5,Konten up to date dan relevan dengan kebutuhan kerja.,2025-12-09
786,1748,4,"Kursus bagus, cocok untuk pemula.",2025-12-17
787,1749,5,"Materinya jelas dan mudah dipahami, sangat membantu!",2025-11-26
788,1751,4,"Sangat puas, worth it banget!",2026-07-20
789,1752,5,"Kursus bagus, cocok untuk pemula.",2026-04-17
790,1754,5,"Kursus bagus, cocok untuk pemula.",2026-03-02
791,1757,5,"Sangat puas, worth it banget!",2026-03-30
792,1758,4,"Materinya jelas dan mudah dipahami, sangat membantu!",2025-10-23
793,1759,5,"Instrukturnya kompeten, penjelasan step by step.",2026-07-24
794,1763,2,Modul terlalu panjang dan membosankan.,2025-09-12
795,1766,4,"Materinya jelas dan mudah dipahami, sangat membantu!",2026-04-21
796,1774,5,"Kursus bagus, cocok untuk pemula.",2026-06-01
797,1776,5,"Sangat puas, worth it banget!",2024-09-30
798,1778,4,"Sangat puas, worth it banget!",2026-01-11
799,1782,5,"Sangat puas, worth it banget!",2025-11-06
800,1783,5,Konten up to date dan relevan dengan kebutuhan kerja.,2026-07-31
801,1784,5,Konten up to date dan relevan dengan kebutuhan kerja.,2025-08-26
802,1786,5,"Materinya jelas dan mudah dipahami, sangat membantu!",2026-09-28
803,1787,5,"Sangat puas, worth it banget!",2026-08-19
804,1788,3,"Cukup baik, tapi bisa lebih baik lagi.",2025-05-19
805,1790,5,"Sangat puas, worth it banget!",2026-06-10
806,1791,3,"Standar saja, sesuai ekspektasi.",2026-07-28
807,1792,4,"Kursus bagus, cocok untuk pemula.",2025-07-06
808,1793,3,"Standar saja, sesuai ekspektasi.",2024-06-11
809,1796,5,Konten up to date dan relevan dengan kebutuhan kerja.,2026-07-30
810,1798,3,"Standar saja, sesuai ekspektasi.",2026-05-04
811,1800,5,Konten up to date dan relevan dengan kebutuhan kerja.,2026-05-26
812,1802,5,"Sangat puas, worth it banget!",2025-04-10
813,1805,4,"Kursus bagus, cocok untuk pemula.",2026-02-16
814,1806,5,Konten up to date dan relevan dengan kebutuhan kerja.,2025-08-03
815,1807,5,"Kursus bagus, cocok untuk pemula.",2026-08-19
816,1808,4,"Kursus bagus, cocok untuk pemula.",2026-04-05
817,1809,5,"Materinya jelas dan mudah dipahami, sangat membantu!",2026-04-27
818,1810,5,Konten up to date dan relevan dengan kebutuhan kerja.,2025-11-17
819,1811,5,"Sangat puas, worth it banget!",2026-09-03
820,1814,4,"Kursus bagus, cocok untuk pemula.",2026-04-20
821,1816,5,"Materinya jelas dan mudah dipahami, sangat membantu!",2024-09-26
822,1818,2,Audio dan video kurang jelas di beberapa modul.,2025-06-11
823,1823,2,Audio dan video kurang jelas di beberapa modul.,2026-07-30
824,1825,5,"Kursus bagus, cocok untuk pemula.",2026-09-04
825,1826,5,"Instrukturnya kompeten, penjelasan step by step.",2025-07-05
826,1830,5,"Materinya jelas dan mudah dipahami, sangat membantu!",2026-04-17
827,1832,5,"Kursus bagus, cocok untuk pemula.",2026-08-05
828,1834,5,"Materinya jelas dan mudah dipahami, sangat membantu!",2026-02-17
829,1837,4,Konten up to date dan relevan dengan kebutuhan kerja.,2026-08-02
830,1838,5,"Instrukturnya kompeten, penjelasan step by step.",2026-04-15
831,1841,5,"Sangat puas, worth it banget!",2025-03-05
832,1842,4,"Kursus bagus, cocok untuk pemula.",2026-02-04
833,1846,5,"Sangat puas, worth it banget!",2026-05-27
834,1848,5,Konten up to date dan relevan dengan kebutuhan kerja.,2026-01-05
835,1849,5,"Instrukturnya kompeten, penjelasan step by step.",2025-12-29
836,1850,3,Lumayan membantu untuk basic knowledge.,2025-04-12
837,1852,5,"Kursus bagus, cocok untuk pemula.",2026-08-07
838,1854,4,"Materinya jelas dan mudah dipahami, sangat membantu!",2025-12-19
839,1855,5,"Instrukturnya kompeten, penjelasan step by step.",2025-06-19
840,1864,3,"Cukup baik, tapi bisa lebih baik lagi.",2025-06-13
841,1865,5,"Kursus bagus, cocok untuk pemula.",2026-06-07
842,1866,3,Lumayan membantu untuk basic knowledge.,2025-03-05
843,1872,5,"Kursus bagus, cocok untuk pemula.",2026-03-16
844,1875,3,Lumayan membantu untuk basic knowledge.,2026-10-03
845,1876,4,Konten up to date dan relevan dengan kebutuhan kerja.,2026-02-09
846,1878,4,"Kursus bagus, cocok untuk pemula.",2025-04-01
847,1881,5,"Kursus bagus, cocok untuk pemula.",2026-03-29
848,1882,5,Konten up to date dan relevan dengan kebutuhan kerja.,2026-08-14
849,1885,4,Konten up to date dan relevan dengan kebutuhan kerja.,2025-09-02
850,1886,4,"Kursus bagus, cocok untuk pemula.",2026-08-08
851,1889,5,"Sangat puas, worth it banget!",2025-07-18
852,1890,4,"Sangat puas, worth it banget!",2026-07-04
853,1891,5,"Materinya jelas dan mudah dipahami, sangat membantu!",2026-06-30
854,1892,2,Kontennya sudah agak outdated.,2026-03-04
855,1895,4,"Instrukturnya kompeten, penjelasan step by step.",2025-06-04
856,1897,5,"Materinya jelas dan mudah dipahami, sangat membantu!",2025-11-19
857,1899,5,"Instrukturnya kompeten, penjelasan step by step.",2025-11-26
858,1902,4,"Kursus bagus, cocok untuk pemula.",2026-05-02
859,1903,4,"Kursus bagus, cocok untuk pemula.",2026-05-10
860,1904,5,"Instrukturnya kompeten, penjelasan step by step.",2026-04-09
861,1906,4,"Instrukturnya kompeten, penjelasan step by step.",2026-07-31
862,1907,4,"Kursus bagus, cocok untuk pemula.",2026-03-19
863,1908,5,"Materinya jelas dan mudah dipahami, sangat membantu!",2026-08-07
864,1909,5,"Kursus bagus, cocok untuk pemula.",2026-05-19
865,1914,5,"Kursus bagus, cocok untuk pemula.",2026-05-17
866,1918,4,"Sangat puas, worth it banget!",2026-06-10
867,1922,4,"Materinya jelas dan mudah dipahami, sangat membantu!",2025-04-09
868,1924,4,"Kursus bagus, cocok untuk pemula.",2026-07-12
869,1925,5,"Kursus bagus, cocok untuk pemula.",2026-05-03
870,1927,3,"Standar saja, sesuai ekspektasi.",2026-05-08
871,1930,5,"Instrukturnya kompeten, penjelasan step by step.",2026-08-29
872,1931,5,"Kursus bagus, cocok untuk pemula.",2025-11-20
873,1933,5,"Materinya jelas dan mudah dipahami, sangat membantu!",2026-06-17
874,1934,5,"Sangat puas, worth it banget!",2026-01-27
875,1937,3,Lumayan membantu untuk basic knowledge.,2026-07-27
876,1942,4,"Materinya jelas dan mudah dipahami, sangat membantu!",2026-06-18
877,1944,5,"Kursus bagus, cocok untuk pemula.",2026-06-25
878,1947,4,"Materinya jelas dan mudah dipahami, sangat membantu!",2026-04-22
879,1951,3,"Standar saja, sesuai ekspektasi.",2026-06-19
880,1953,5,"Kursus bagus, cocok untuk pemula.",2024-05-09
881,1954,5,"Sangat puas, worth it banget!",2025-03-24
882,1955,3,"Cukup baik, tapi bisa lebih baik lagi.",2026-01-23
883,1957,2,"Kurang studi kasus, terlalu teori.",2025-11-22
884,1958,4,"Kursus bagus, cocok untuk pemula.",2026-05-19
885,1960,5,"Kursus bagus, cocok untuk pemula.",2026-01-05
886,1961,5,Konten up to date dan relevan dengan kebutuhan kerja.,2025-06-28
887,1962,4,"Instrukturnya kompeten, penjelasan step by step.",2026-09-25
888,1963,3,Lumayan membantu untuk basic knowledge.,2026-04-05
889,1964,5,"Materinya jelas dan mudah dipahami, sangat membantu!",2026-08-10
890,1965,5,"Sangat puas, worth it banget!",2026-08-01
891,1966,2,Audio dan video kurang jelas di beberapa modul.,2025-11-16
892,1967,3,Lumayan membantu untuk basic knowledge.,2026-08-09
893,1969,5,"Kursus bagus, cocok untuk pemula.",2026-06-05
894,1970,4,"Materinya jelas dan mudah dipahami, sangat membantu!",2026-05-13
895,1972,5,"Sangat puas, worth it banget!",2026-04-01
896,1973,5,"Instrukturnya kompeten, penjelasan step by step.",2025-12-24
897,1974,5,"Sangat puas, worth it banget!",2026-04-21
898,1983,5,Konten up to date dan relevan dengan kebutuhan kerja.,2026-07-18
899,1986,2,"Materinya terlalu cepat, sulit diikuti.",2026-06-22
900,1989,3,"Cukup baik, tapi bisa lebih baik lagi.",2025-08-17
901,1991,5,"Kursus bagus, cocok untuk pemula.",2026-04-10
902,1992,3,"Standar saja, sesuai ekspektasi.",2025-05-20
903,1994,3,"Cukup baik, tapi bisa lebih baik lagi.",2026-09-01
904,1997,5,"Materinya jelas dan mudah dipahami, sangat membantu!",2026-09-21
905,1999,5,"Kursus bagus, cocok untuk pemula.",2024-07-11
906,2006,2,Kontennya sudah agak outdated.,2026-07-24
907,2010,5,"Materinya jelas dan mudah dipahami, sangat membantu!",2025-05-20
908,2011,3,"Standar saja, sesuai ekspektasi.",2025-11-27
909,2012,2,"Kurang studi kasus, terlalu teori.",2025-11-14
910,2017,5,"Instrukturnya kompeten, penjelasan step by step.",2026-06-29
911,2018,3,Lumayan membantu untuk basic knowledge.,2026-04-03
912,2019,3,"Standar saja, sesuai ekspektasi.",2026-09-27
913,2020,3,Lumayan membantu untuk basic knowledge.,2026-07-17
914,2021,5,"Materinya jelas dan mudah dipahami, sangat membantu!",2026-02-28
915,2023,3,"Standar saja, sesuai ekspektasi.",2026-03-14
916,2026,3,Lumayan membantu untuk basic knowledge.,2026-01-13
917,2028,1,"Materinya terlalu cepat, sulit diikuti.",2025-02-20
918,2030,5,"Materinya jelas dan mudah dipahami, sangat membantu!",2024-09-23
919,2032,4,"Kursus bagus, cocok untuk pemula.",2026-07-18
920,2033,5,"Sangat puas, worth it banget!",2026-08-12
921,2035,4,"Materinya jelas dan mudah dipahami, sangat membantu!",2026-04-01
922,2038,5,"Sangat puas, worth it banget!",2026-08-26
923,2040,4,"Instrukturnya kompeten, penjelasan step by step.",2026-09-02
924,2041,5,"Sangat puas, worth it banget!",2025-09-14
925,2042,5,Konten up to date dan relevan dengan kebutuhan kerja.,2026-05-02
926,2046,5,"Instrukturnya kompeten, penjelasan step by step.",2026-07-10
927,2047,1,"Materinya terlalu cepat, sulit diikuti.",2026-02-13
928,2056,5,"Kursus bagus, cocok untuk pemula.",2025-08-13
929,2057,5,"Sangat puas, worth it banget!",2024-06-05
930,2059,5,"Sangat puas, worth it banget!",2026-01-03
931,2063,5,"Sangat puas, worth it banget!",2026-09-11
932,2066,4,Konten up to date dan relevan dengan kebutuhan kerja.,2026-07-23
933,2067,4,"Materinya jelas dan mudah dipahami, sangat membantu!",2026-05-08
934,2070,5,"Materinya jelas dan mudah dipahami, sangat membantu!",2025-10-25
935,2071,4,"Materinya jelas dan mudah dipahami, sangat membantu!",2025-08-22
936,2072,5,"Kursus bagus, cocok untuk pemula.",2023-11-16
937,2077,4,"Materinya jelas dan mudah dipahami, sangat membantu!",2025-10-29
938,2078,4,"Kursus bagus, cocok untuk pemula.",2026-06-16
939,2079,5,Konten up to date dan relevan dengan kebutuhan kerja.,2026-07-11
940,2081,3,"Standar saja, sesuai ekspektasi.",2026-09-15
941,2085,4,"Materinya jelas dan mudah dipahami, sangat membantu!",2026-06-05
942,2087,5,"Materinya jelas dan mudah dipahami, sangat membantu!",2026-01-30
943,2088,5,"Sangat puas, worth it banget!",2026-06-26
944,2090,4,Konten up to date dan relevan dengan kebutuhan kerja.,2024-05-17
945,2091,5,"Instrukturnya kompeten, penjelasan step by step.",2025-07-03
946,2092,4,"Sangat puas, worth it banget!",2025-08-03
947,2094,4,"Sangat puas, worth it banget!",2026-03-24
948,2096,5,"Materinya jelas dan mudah dipahami, sangat membantu!",2026-09-14
949,2097,5,"Materinya jelas dan mudah dipahami, sangat membantu!",2025-06-24
950,2099,4,Konten up to date dan relevan dengan kebutuhan kerja.,2026-04-14
951,2100,4,"Kursus bagus, cocok untuk pemula.",2026-02-15
952,2102,5,"Sangat puas, worth it banget!",2026-08-15
953,2104,5,"Materinya jelas dan mudah dipahami, sangat membantu!",2025-02-26
954,2105,4,"Sangat puas, worth it banget!",2025-11-12
955,2109,3,"Standar saja, sesuai ekspektasi.",2026-07-25
956,2111,5,"Materinya jelas dan mudah dipahami, sangat membantu!",2026-05-29
957,2115,5,"Sangat puas, worth it banget!",2026-08-20
958,2117,3,Lumayan membantu untuk basic knowledge.,2026-06-12
959,2121,4,"Sangat puas, worth it banget!",2026-03-05
960,2123,4,"Materinya jelas dan mudah dipahami, sangat membantu!",2025-02-12
961,2125,3,Lumayan membantu untuk basic knowledge.,2026-05-13
962,2126,5,"Instrukturnya kompeten, penjelasan step by step.",2025-07-07
963,2128,5,Konten up to date dan relevan dengan kebutuhan kerja.,2026-03-03
964,2133,5,"Instrukturnya kompeten, penjelasan step by step.",2026-09-25
965,2134,4,Konten up to date dan relevan dengan kebutuhan kerja.,2026-01-11
966,2139,5,"Kursus bagus, cocok untuk pemula.",2025-10-20
967,2140,5,Konten up to date dan relevan dengan kebutuhan kerja.,2026-09-11
968,2141,5,"Sangat puas, worth it banget!",2026-01-11
969,2142,4,Konten up to date dan relevan dengan kebutuhan kerja.,2026-05-09
970,2143,5,"Kursus bagus, cocok untuk pemula.",2025-11-28
971,2144,2,Audio dan video kurang jelas di beberapa modul.,2026-03-11
972,2147,4,"Instrukturnya kompeten, penjelasan step by step.",2026-04-06
973,2148,2,"Materinya terlalu cepat, sulit diikuti.",2026-04-04
974,2150,5,"Kursus bagus, cocok untuk pemula.",2026-09-15
975,2153,4,"Sangat puas, worth it banget!",2026-03-18
976,2155,5,Konten up to date dan relevan dengan kebutuhan kerja.,2026-06-11
977,2156,5,"Kursus bagus, cocok untuk pemula.",2026-06-13
978,2159,5,"Kursus bagus, cocok untuk pemula.",2026-05-31
979,2161,4,"Sangat puas, worth it banget!",2026-08-15
980,2163,2,"Materinya terlalu cepat, sulit diikuti.",2026-04-01
981,2168,3,"Cukup baik, tapi bisa lebih baik lagi.",2024-11-08
982,2170,5,"Instrukturnya kompeten, penjelasan step by step.",2026-03-08
983,2171,4,Konten up to date dan relevan dengan kebutuhan kerja.,2026-10-01
984,2172,5,"Kursus bagus, cocok untuk pemula.",2026-04-16
985,2174,5,"Kursus bagus, cocok untuk pemula.",2026-08-25
986,2175,5,"Instrukturnya kompeten, penjelasan step by step.",2025-01-21
987,2177,5,"Instrukturnya kompeten, penjelasan step by step.",2026-02-20
988,2185,4,"Instrukturnya kompeten, penjelasan step by step.",2025-11-26
989,2187,4,"Instrukturnya kompeten, penjelasan step by step.",2025-03-06
990,2189,3,"Standar saja, sesuai ekspektasi.",2026-05-15
991,2190,4,"Sangat puas, worth it banget!",2026-03-22
992,2193,4,"Sangat puas, worth it banget!",2026-01-20
993,2195,3,"Cukup baik, tapi bisa lebih baik lagi.",2025-10-09
994,2196,4,"Instrukturnya kompeten, penjelasan step by step.",2025-04-22
995,2197,4,"Kursus bagus, cocok untuk pemula.",2026-04-13
996,2200,5,Konten up to date dan relevan dengan kebutuhan kerja.,2026-10-02
997,2203,5,"Sangat puas, worth it banget!",2025-01-29
998,2205,4,"Sangat puas, worth it banget!",2026-08-21
999,2208,4,"Kursus bagus, cocok untuk pemula.",2025-10-20
1000,2210,5,"Sangat puas, worth it banget!",2026-03-29
1001,2211,5,"Kursus bagus, cocok untuk pemula.",2026-05-21
1002,2214,5,"Kursus bagus, cocok untuk pemula.",2026-08-19
1003,2216,5,"Materinya jelas dan mudah dipahami, sangat membantu!",2025-09-18
1004,2217,4,"Materinya jelas dan mudah dipahami, sangat membantu!",2026-01-29
1005,2218,4,"Materinya jelas dan mudah dipahami, sangat membantu!",2026-08-06
1006,2219,5,Konten up to date dan relevan dengan kebutuhan kerja.,2024-11-12
1007,2221,4,Konten up to date dan relevan dengan kebutuhan kerja.,2025-03-28
1008,2222,5,"Sangat puas, worth it banget!",2026-03-20
1009,2223,5,Konten up to date dan relevan dengan kebutuhan kerja.,2026-01-15
1010,2226,5,"Kursus bagus, cocok untuk pemula.",2026-02-10
1011,2228,4,"Sangat puas, worth it banget!",2026-06-24
1012,2230,3,"Standar saja, sesuai ekspektasi.",2026-06-08
1013,2232,4,"Materinya jelas dan mudah dipahami, sangat membantu!",2026-04-16
1014,2233,2,"Materinya terlalu cepat, sulit diikuti.",2025-06-28
1015,2234,4,"Kursus bagus, cocok untuk pemula.",2026-08-08
1016,2236,4,"Sangat puas, worth it banget!",2025-09-23
1017,2237,5,"Kursus bagus, cocok untuk pemula.",2025-08-19
1018,2238,4,"Materinya jelas dan mudah dipahami, sangat membantu!",2025-08-18
1019,2243,3,Lumayan membantu untuk basic knowledge.,2026-07-20
1020,2244,4,"Materinya jelas dan mudah dipahami, sangat membantu!",2025-05-22
1021,2248,2,"Kurang studi kasus, terlalu teori.",2026-08-11
1022,2249,5,"Materinya jelas dan mudah dipahami, sangat membantu!",2025-02-03
1023,2250,5,"Materinya jelas dan mudah dipahami, sangat membantu!",2026-09-04
1024,2252,2,Audio dan video kurang jelas di beberapa modul.,2026-04-28
1025,2255,4,"Sangat puas, worth it banget!",2025-09-05
1026,2257,3,"Cukup baik, tapi bisa lebih baik lagi.",2025-06-10
1027,2258,3,"Cukup baik, tapi bisa lebih baik lagi.",2026-07-12
1028,2261,5,Konten up to date dan relevan dengan kebutuhan kerja.,2026-07-09
1029,2262,3,Lumayan membantu untuk basic knowledge.,2026-05-25
1030,2266,4,"Sangat puas, worth it banget!",2026-07-26
1031,2267,4,Konten up to date dan relevan dengan kebutuhan kerja.,2026-05-19
1032,2270,5,"Sangat puas, worth it banget!",2024-10-21
1033,2271,4,"Kursus bagus, cocok untuk pemula.",2026-06-16
1034,2272,3,"Standar saja, sesuai ekspektasi.",2026-08-10
1035,2275,4,"Sangat puas, worth it banget!",2025-12-14
1036,2277,5,"Kursus bagus, cocok untuk pemula.",2026-05-22
1037,2279,5,"Materinya jelas dan mudah dipahami, sangat membantu!",2026-06-09
1038,2284,4,"Materinya jelas dan mudah dipahami, sangat membantu!",2026-08-23
1039,2287,4,"Materinya jelas dan mudah dipahami, sangat membantu!",2026-07-24
1040,2288,5,"Sangat puas, worth it banget!",2026-05-11
1041,2289,4,"Materinya jelas dan mudah dipahami, sangat membantu!",2026-04-26
1042,2290,4,Konten up to date dan relevan dengan kebutuhan kerja.,2026-05-20
1043,2295,4,"Materinya jelas dan mudah dipahami, sangat membantu!",2025-11-22
1044,2296,5,"Kursus bagus, cocok untuk pemula.",2026-04-07
1045,2297,5,"Sangat puas, worth it banget!",2025-08-13
1046,2298,1,Modul terlalu panjang dan membosankan.,2026-02-26
1047,2300,5,"Materinya jelas dan mudah dipahami, sangat membantu!",2026-03-18
1048,2303,4,"Sangat puas, worth it banget!",2026-08-17
1049,2309,3,"Standar saja, sesuai ekspektasi.",2026-06-03
1050,2310,5,"Sangat puas, worth it banget!",2025-11-21
1051,2311,3,"Cukup baik, tapi bisa lebih baik lagi.",2026-09-24
1052,2313,5,"Sangat puas, worth it banget!",2025-07-04
1053,2315,5,"Sangat puas, worth it banget!",2026-05-04
1054,2316,5,"Kursus bagus, cocok untuk pemula.",2025-11-28
1055,2319,5,"Materinya jelas dan mudah dipahami, sangat membantu!",2026-10-08
1056,2320,4,"Kursus bagus, cocok untuk pemula.",2026-03-26
1057,2322,5,"Sangat puas, worth it banget!",2025-10-11
1058,2325,5,"Sangat puas, worth it banget!",2026-01-29
1059,2327,5,"Instrukturnya kompeten, penjelasan step by step.",2026-07-25
1060,2329,4,"Kursus bagus, cocok untuk pemula.",2026-04-22
1061,2336,5,"Kursus bagus, cocok untuk pemula.",2025-08-15
1062,2337,4,"Sangat puas, worth it banget!",2024-08-17
1063,2340,5,"Sangat puas, worth it banget!",2025-03-10
1064,2342,5,"Kursus bagus, cocok untuk pemula.",2024-03-14
1065,2343,5,"Kursus bagus, cocok untuk pemula.",2026-09-14
1066,2348,5,"Instrukturnya kompeten, penjelasan step by step.",2026-09-26
1067,2349,3,"Standar saja, sesuai ekspektasi.",2026-10-08
1068,2351,5,"Kursus bagus, cocok untuk pemula.",2026-02-25
1069,2352,2,Kontennya sudah agak outdated.,2025-10-20
1070,2356,3,"Standar saja, sesuai ekspektasi.",2026-05-06
1071,2360,4,"Kursus bagus, cocok untuk pemula.",2026-06-26
1072,2364,3,Lumayan membantu untuk basic knowledge.,2025-01-23
1073,2368,3,"Standar saja, sesuai ekspektasi.",2026-08-06
1074,2371,3,Lumayan membantu untuk basic knowledge.,2026-06-01
1075,2376,5,Konten up to date dan relevan dengan kebutuhan kerja.,2026-07-13
1076,2379,4,Konten up to date dan relevan dengan kebutuhan kerja.,2025-05-06
1077,2387,5,Konten up to date dan relevan dengan kebutuhan kerja.,2026-08-26
1078,2390,5,"Sangat puas, worth it banget!",2025-10-15
1079,2392,1,"Kurang studi kasus, terlalu teori.",2026-07-28
1080,2393,4,Konten up to date dan relevan dengan kebutuhan kerja.,2026-02-08
1081,2394,5,"Materinya jelas dan mudah dipahami, sangat membantu!",2026-07-20
1082,2395,5,"Kursus bagus, cocok untuk pemula.",2025-12-22
1083,2397,4,"Sangat puas, worth it banget!",2026-05-19
1084,2398,4,"Instrukturnya kompeten, penjelasan step by step.",2025-09-06
1085,2399,5,Konten up to date dan relevan dengan kebutuhan kerja.,2026-08-08
1086,2400,3,Lumayan membantu untuk basic knowledge.,2025-08-05
1087,2403,4,"Kursus bagus, cocok untuk pemula.",2026-05-18
1088,2404,5,"Kursus bagus, cocok untuk pemula.",2026-02-25
1089,2406,4,"Kursus bagus, cocok untuk pemula.",2026-08-26
1090,2407,3,Lumayan membantu untuk basic knowledge.,2026-09-22
1091,2410,5,"Instrukturnya kompeten, penjelasan step by step.",2025-11-09
1092,2411,5,"Materinya jelas dan mudah dipahami, sangat membantu!",2026-05-23
1093,2412,4,"Instrukturnya kompeten, penjelasan step by step.",2026-07-20
1094,2413,5,"Materinya jelas dan mudah dipahami, sangat membantu!",2025-04-20
1095,2416,3,"Standar saja, sesuai ekspektasi.",2026-07-30
1096,2418,4,"Kursus bagus, cocok untuk pemula.",2026-08-28
1097,2419,5,"Sangat puas, worth it banget!",2026-06-14
1098,2420,5,"Instrukturnya kompeten, penjelasan step by step.",2026-05-29
1099,2422,5,"Sangat puas, worth it banget!",2026-07-18
1100,2424,5,Konten up to date dan relevan dengan kebutuhan kerja.,2026-03-17
1101,2425,5,"Instrukturnya kompeten, penjelasan step by step.",2025-02-27
1102,2426,5,Konten up to date dan relevan dengan kebutuhan kerja.,2025-10-23
1103,2431,5,"Kursus bagus, cocok untuk pemula.",2026-01-25
1104,2439,4,"Kursus bagus, cocok untuk pemula.",2026-03-15
1105,2440,5,"Sangat puas, worth it banget!",2024-08-06
1106,2441,5,"Materinya jelas dan mudah dipahami, sangat membantu!",2026-05-29
1107,2442,5,"Instrukturnya kompeten, penjelasan step by step.",2025-09-17
1108,2447,4,"Instrukturnya kompeten, penjelasan step by step.",2026-03-02
1109,2449,3,"Standar saja, sesuai ekspektasi.",2026-05-29
1110,2450,5,"Sangat puas, worth it banget!",2026-07-04
1111,2452,5,Konten up to date dan relevan dengan kebutuhan kerja.,2025-07-13
1112,2458,5,Konten up to date dan relevan dengan kebutuhan kerja.,2026-08-11
1113,2462,4,"Materinya jelas dan mudah dipahami, sangat membantu!",2026-04-28
1114,2463,5,"Sangat puas, worth it banget!",2026-05-27
1115,2464,2,"Kurang studi kasus, terlalu teori.",2025-03-10
1116,2466,3,"Cukup baik, tapi bisa lebih baik lagi.",2025-02-06
1117,2467,5,"Kursus bagus, cocok untuk pemula.",2026-08-11
1118,2469,4,"Materinya jelas dan mudah dipahami, sangat membantu!",2026-08-09
1119,2471,5,"Instrukturnya kompeten, penjelasan step by step.",2026-07-26
1120,2473,4,"Kursus bagus, cocok untuk pemula.",2026-06-23
1121,2476,4,"Instrukturnya kompeten, penjelasan step by step.",2026-08-24
1122,2478,5,"Kursus bagus, cocok untuk pemula.",2026-06-14
1123,2480,3,"Cukup baik, tapi bisa lebih baik lagi.",2025-08-11
1124,2481,2,Kontennya sudah agak outdated.,2026-05-29
1125,2482,4,"Kursus bagus, cocok untuk pemula.",2026-07-25
1126,2484,5,"Kursus bagus, cocok untuk pemula.",2026-08-25
1127,2488,5,"Instrukturnya kompeten, penjelasan step by step.",2025-09-23
1128,2490,4,"Materinya jelas dan mudah dipahami, sangat membantu!",2026-02-21
1129,2496,4,"Instrukturnya kompeten, penjelasan step by step.",2025-08-23
1130,2500,3,"Standar saja, sesuai ekspektasi.",2025-08-15
1131,2505,5,Konten up to date dan relevan dengan kebutuhan kerja.,2026-05-19
1132,2508,5,"Instrukturnya kompeten, penjelasan step by step.",2026-08-04
1133,2513,3,"Cukup baik, tapi bisa lebih baik lagi.",2026-05-30
1134,2514,5,Konten up to date dan relevan dengan kebutuhan kerja.,2025-11-19
1135,2515,5,"Kursus bagus, cocok untuk pemula.",2026-09-28
1136,2516,4,"Sangat puas, worth it banget!",2025-04-19
1137,2517,5,Konten up to date dan relevan dengan kebutuhan kerja.,2026-04-10
1138,2520,5,"Materinya jelas dan mudah dipahami, sangat membantu!",2026-04-06
1139,2525,3,"Standar saja, sesuai ekspektasi.",2026-02-04
1140,2526,4,"Instrukturnya kompeten, penjelasan step by step.",2026-07-20
1141,2528,4,"Sangat puas, worth it banget!",2025-02-27
1142,2531,4,"Sangat puas, worth it banget!",2026-08-12
1143,2535,3,"Standar saja, sesuai ekspektasi.",2025-08-01
1144,2538,5,Konten up to date dan relevan dengan kebutuhan kerja.,2026-08-26
1145,2539,4,Konten up to date dan relevan dengan kebutuhan kerja.,2025-08-30
1146,2541,1,"Materinya terlalu cepat, sulit diikuti.",2026-07-30
1147,2542,4,"Instrukturnya kompeten, penjelasan step by step.",2025-12-17
1148,2543,5,"Sangat puas, worth it banget!",2025-03-04
1149,2547,3,"Cukup baik, tapi bisa lebih baik lagi.",2025-06-06
1150,2551,4,"Sangat puas, worth it banget!",2026-04-02
1151,2552,2,Audio dan video kurang jelas di beberapa modul.,2026-06-26
1152,2554,5,"Sangat puas, worth it banget!",2026-01-23
1153,2555,4,"Instrukturnya kompeten, penjelasan step by step.",2025-05-02
1154,2556,4,"Sangat puas, worth it banget!",2026-02-24
1155,2557,4,Konten up to date dan relevan dengan kebutuhan kerja.,2026-04-29
1156,2558,3,Lumayan membantu untuk basic knowledge.,2026-04-01
1157,2560,3,Lumayan membantu untuk basic knowledge.,2026-07-29
1158,2563,5,"Kursus bagus, cocok untuk pemula.",2026-07-28
1159,2564,2,Kontennya sudah agak outdated.,2026-08-12
1160,2565,5,"Instrukturnya kompeten, penjelasan step by step.",2026-08-03
1161,2570,4,"Kursus bagus, cocok untuk pemula.",2026-08-30
1162,2571,4,"Sangat puas, worth it banget!",2025-11-20
1163,2575,3,"Cukup baik, tapi bisa lebih baik lagi.",2026-08-12
1164,2576,4,"Materinya jelas dan mudah dipahami, sangat membantu!",2026-10-01
1165,2578,5,"Instrukturnya kompeten, penjelasan step by step.",2026-07-24
1166,2579,3,"Standar saja, sesuai ekspektasi.",2026-05-06
1167,2581,2,Modul terlalu panjang dan membosankan.,2025-10-16
1168,2582,4,Konten up to date dan relevan dengan kebutuhan kerja.,2026-02-25
1169,2583,4,"Instrukturnya kompeten, penjelasan step by step.",2025-12-10
1170,2584,5,Konten up to date dan relevan dengan kebutuhan kerja.,2026-07-27
1171,2588,4,"Materinya jelas dan mudah dipahami, sangat membantu!",2026-04-12
1172,2589,4,"Kursus bagus, cocok untuk pemula.",2026-08-20
1173,2591,3,"Standar saja, sesuai ekspektasi.",2024-05-27
1174,2592,5,"Instrukturnya kompeten, penjelasan step by step.",2026-03-03
1175,2595,5,Konten up to date dan relevan dengan kebutuhan kerja.,2025-08-04
1176,2596,4,"Materinya jelas dan mudah dipahami, sangat membantu!",2026-10-15
1177,2598,1,"Kurang studi kasus, terlalu teori.",2025-11-12
1178,2602,1,Kontennya sudah agak outdated.,2026-02-18
1179,2606,3,"Standar saja, sesuai ekspektasi.",2025-07-16
1180,2607,4,Konten up to date dan relevan dengan kebutuhan kerja.,2026-08-24
1181,2608,5,"Materinya jelas dan mudah dipahami, sangat membantu!",2026-05-16
1182,2609,1,"Materinya terlalu cepat, sulit diikuti.",2025-05-07
1183,2610,4,"Materinya jelas dan mudah dipahami, sangat membantu!",2026-03-15
1184,2611,5,"Sangat puas, worth it banget!",2025-12-06
1185,2612,5,Konten up to date dan relevan dengan kebutuhan kerja.,2025-12-21
1186,2613,4,Konten up to date dan relevan dengan kebutuhan kerja.,2025-02-23
1187,2616,4,"Sangat puas, worth it banget!",2026-09-03
1188,2617,5,Konten up to date dan relevan dengan kebutuhan kerja.,2026-08-25
1189,2619,5,"Instrukturnya kompeten, penjelasan step by step.",2026-05-25
1190,2620,4,Konten up to date dan relevan dengan kebutuhan kerja.,2025-11-03
1191,2625,5,"Materinya jelas dan mudah dipahami, sangat membantu!",2026-07-17
1192,2626,5,"Instrukturnya kompeten, penjelasan step by step.",2026-05-15
1193,2628,5,"Materinya jelas dan mudah dipahami, sangat membantu!",2024-02-20
1194,2629,4,"Sangat puas, worth it banget!",2026-10-09
1195,2631,3,"Standar saja, sesuai ekspektasi.",2026-06-20
1196,2632,5,Konten up to date dan relevan dengan kebutuhan kerja.,2026-02-16
1197,2636,5,"Sangat puas, worth it banget!",2026-04-19
1198,2638,5,"Sangat puas, worth it banget!",2026-08-27
1199,2639,5,"Materinya jelas dan mudah dipahami, sangat membantu!",2026-06-09
1200,2642,5,"Sangat puas, worth it banget!",2026-07-25
1201,2643,5,"Instrukturnya kompeten, penjelasan step by step.",2026-07-23
1202,2646,5,"Kursus bagus, cocok untuk pemula.",2026-06-26
1203,2647,3,Lumayan membantu untuk basic knowledge.,2026-07-06
1204,2652,5,"Materinya jelas dan mudah dipahami, sangat membantu!",2026-01-08
1205,2654,4,"Instrukturnya kompeten, penjelasan step by step.",2026-07-28
1206,2656,5,Konten up to date dan relevan dengan kebutuhan kerja.,2025-12-09
1207,2657,4,"Sangat puas, worth it banget!",2026-06-14
1208,2661,4,"Instrukturnya kompeten, penjelasan step by step.",2025-12-25
1209,2663,5,"Kursus bagus, cocok untuk pemula.",2025-10-24
1210,2664,5,"Materinya jelas dan mudah dipahami, sangat membantu!",2026-05-28
1211,2667,5,"Instrukturnya kompeten, penjelasan step by step.",2025-11-08
1212,2668,4,"Instrukturnya kompeten, penjelasan step by step.",2026-05-10
1213,2671,5,"Kursus bagus, cocok untuk pemula.",2026-09-11
1214,2673,2,Kontennya sudah agak outdated.,2026-06-06
1215,2674,4,"Kursus bagus, cocok untuk pemula.",2025-08-05
1216,2676,5,"Kursus bagus, cocok untuk pemula.",2026-01-26
1217,2680,4,Konten up to date dan relevan dengan kebutuhan kerja.,2026-02-27
1218,2683,5,"Materinya jelas dan mudah dipahami, sangat membantu!",2026-08-27
1219,2684,4,"Instrukturnya kompeten, penjelasan step by step.",2026-04-11
1220,2686,4,Konten up to date dan relevan dengan kebutuhan kerja.,2025-04-18
1221,2688,5,"Kursus bagus, cocok untuk pemula.",2026-07-02
1222,2689,5,"Kursus bagus, cocok untuk pemula.",2026-05-24
1223,2691,5,"Instrukturnya kompeten, penjelasan step by step.",2026-08-20
1224,2692,4,"Kursus bagus, cocok untuk pemula.",2025-11-27
1225,2695,5,"Sangat puas, worth it banget!",2026-08-30
1226,2700,4,"Sangat puas, worth it banget!",2026-05-31
1227,2702,5,"Materinya jelas dan mudah dipahami, sangat membantu!",2026-08-18
1228,2704,5,"Kursus bagus, cocok untuk pemula.",2025-08-02
1229,2705,5,"Sangat puas, worth it banget!",2026-01-15
1230,2708,3,Lumayan membantu untuk basic knowledge.,2026-04-07
1231,2709,5,"Instrukturnya kompeten, penjelasan step by step.",2026-09-19
1232,2710,4,"Sangat puas, worth it banget!",2026-06-15
1233,2713,5,"Materinya jelas dan mudah dipahami, sangat membantu!",2026-08-12
1234,2715,5,"Instrukturnya kompeten, penjelasan step by step.",2026-04-05
1235,2716,4,"Materinya jelas dan mudah dipahami, sangat membantu!",2025-09-23
1236,2717,3,"Cukup baik, tapi bisa lebih baik lagi.",2026-08-16
1237,2722,4,"Kursus bagus, cocok untuk pemula.",2026-09-14
1238,2723,4,Konten up to date dan relevan dengan kebutuhan kerja.,2026-05-28
1239,2726,5,"Sangat puas, worth it banget!",2026-05-02
1240,2727,5,"Kursus bagus, cocok untuk pemula.",2026-08-20
1241,2731,3,Lumayan membantu untuk basic knowledge.,2025-07-12
1242,2734,3,Lumayan membantu untuk basic knowledge.,2026-03-23
1243,2735,4,"Materinya jelas dan mudah dipahami, sangat membantu!",2026-02-12
1244,2740,5,"Instrukturnya kompeten, penjelasan step by step.",2026-09-30
1245,2743,5,Konten up to date dan relevan dengan kebutuhan kerja.,2026-04-21
1246,2747,2,Kontennya sudah agak outdated.,2026-07-01
1247,2748,5,"Materinya jelas dan mudah dipahami, sangat membantu!",2026-07-26
1248,2751,4,Konten up to date dan relevan dengan kebutuhan kerja.,2026-03-21
1249,2752,5,"Sangat puas, worth it banget!",2026-04-03
1250,2753,5,"Materinya jelas dan mudah dipahami, sangat membantu!",2026-08-14
1251,2754,5,"Materinya jelas dan mudah dipahami, sangat membantu!",2026-08-19
1252,2756,1,Kontennya sudah agak outdated.,2025-12-03
1253,2758,5,"Kursus bagus, cocok untuk pemula.",2025-07-16
1254,2759,4,"Instrukturnya kompeten, penjelasan step by step.",2026-05-25
1255,2760,4,"Instrukturnya kompeten, penjelasan step by step.",2026-08-30
1256,2761,4,"Kursus bagus, cocok untuk pemula.",2026-07-22
1257,2765,5,"Instrukturnya kompeten, penjelasan step by step.",2026-06-18
1258,2768,3,"Cukup baik, tapi bisa lebih baik lagi.",2026-06-21
1259,2770,5,"Materinya jelas dan mudah dipahami, sangat membantu!",2026-09-27
1260,2775,4,"Instrukturnya kompeten, penjelasan step by step.",2026-05-31
1261,2777,5,"Sangat puas, worth it banget!",2025-10-08
1262,2778,1,"Materinya terlalu cepat, sulit diikuti.",2026-06-24
1263,2779,4,"Materinya jelas dan mudah dipahami, sangat membantu!",2025-06-10
1264,2781,5,"Materinya jelas dan mudah dipahami, sangat membantu!",2025-02-14
1265,2782,5,"Sangat puas, worth it banget!",2024-04-07
1266,2784,3,Lumayan membantu untuk basic knowledge.,2026-07-09
1267,2789,5,"Sangat puas, worth it banget!",2025-04-27
1268,2790,5,Konten up to date dan relevan dengan kebutuhan kerja.,2026-10-10
1269,2792,5,"Kursus bagus, cocok untuk pemula.",2026-03-30
1270,2796,4,"Kursus bagus, cocok untuk pemula.",2026-07-24
1271,2800,3,"Standar saja, sesuai ekspektasi.",2026-03-14
1272,2803,4,Konten up to date dan relevan dengan kebutuhan kerja.,2026-03-07
1273,2804,5,"Instrukturnya kompeten, penjelasan step by step.",2026-03-14
1274,2805,5,"Materinya jelas dan mudah dipahami, sangat membantu!",2026-04-16
1275,2806,5,"Kursus bagus, cocok untuk pemula.",2026-10-04
1276,2807,5,"Kursus bagus, cocok untuk pemula.",2026-08-03
1277,2812,5,"Kursus bagus, cocok untuk pemula.",2024-04-28
1278,2813,3,"Cukup baik, tapi bisa lebih baik lagi.",2026-09-10
1279,2815,4,Konten up to date dan relevan dengan kebutuhan kerja.,2025-09-12
1280,2816,5,"Instrukturnya kompeten, penjelasan step by step.",2026-05-19
1281,2818,4,"Kursus bagus, cocok untuk pemula.",2026-07-11
1282,2822,5,"Materinya jelas dan mudah dipahami, sangat membantu!",2026-01-08
1283,2826,5,"Kursus bagus, cocok untuk pemula.",2026-06-27
1284,2827,5,Konten up to date dan relevan dengan kebutuhan kerja.,2026-01-13
1285,2828,4,"Sangat puas, worth it banget!",2026-07-14
1286,2829,5,"Kursus bagus, cocok untuk pemula.",2026-03-20
1287,2830,5,"Instrukturnya kompeten, penjelasan step by step.",2024-08-31
1288,2834,5,"Materinya jelas dan mudah dipahami, sangat membantu!",2025-09-09
1289,2835,1,Modul terlalu panjang dan membosankan.,2025-10-15
1290,2836,5,"Kursus bagus, cocok untuk pemula.",2026-07-24
1291,2837,4,"Instrukturnya kompeten, penjelasan step by step.",2026-09-15
1292,2839,5,"Instrukturnya kompeten, penjelasan step by step.",2026-03-05
1293,2840,5,"Kursus bagus, cocok untuk pemula.",2026-03-26
1294,2841,3,Lumayan membantu untuk basic knowledge.,2025-12-08
1295,2844,4,"Materinya jelas dan mudah dipahami, sangat membantu!",2026-05-18
1296,2847,4,"Materinya jelas dan mudah dipahami, sangat membantu!",2026-03-09
1297,2848,4,"Kursus bagus, cocok untuk pemula.",2026-06-24
1298,2850,4,"Instrukturnya kompeten, penjelasan step by step.",2025-08-11
1299,2851,3,"Standar saja, sesuai ekspektasi.",2026-05-27
1300,2852,4,"Materinya jelas dan mudah dipahami, sangat membantu!",2025-11-10
1301,2854,4,"Instrukturnya kompeten, penjelasan step by step.",2026-07-27
1302,2855,5,"Sangat puas, worth it banget!",2026-08-02
1303,2858,2,"Materinya terlalu cepat, sulit diikuti.",2026-06-22
1304,2863,5,"Sangat puas, worth it banget!",2026-05-19
1305,2864,4,"Kursus bagus, cocok untuk pemula.",2026-08-25
1306,2865,5,"Materinya jelas dan mudah dipahami, sangat membantu!",2025-07-13
1307,2866,5,"Materinya jelas dan mudah dipahami, sangat membantu!",2026-06-07
1308,2867,3,"Cukup baik, tapi bisa lebih baik lagi.",2025-12-13
1309,2870,5,"Materinya jelas dan mudah dipahami, sangat membantu!",2026-07-31
1310,2871,5,"Sangat puas, worth it banget!",2025-12-19
1311,2872,5,"Sangat puas, worth it banget!",2026-02-10
1312,2878,5,"Kursus bagus, cocok untuk pemula.",2025-01-22
1313,2879,4,"Materinya jelas dan mudah dipahami, sangat membantu!",2025-05-10
1314,2882,4,"Kursus bagus, cocok untuk pemula.",2026-01-11
1315,2883,4,Konten up to date dan relevan dengan kebutuhan kerja.,2026-03-10
1316,2885,4,Konten up to date dan relevan dengan kebutuhan kerja.,2026-02-08
1317,2888,2,Modul terlalu panjang dan membosankan.,2026-04-20
1318,2889,5,"Kursus bagus, cocok untuk pemula.",2026-05-03
1319,2891,4,"Kursus bagus, cocok untuk pemula.",2026-07-19
1320,2892,4,"Instrukturnya kompeten, penjelasan step by step.",2026-08-30
1321,2893,5,Konten up to date dan relevan dengan kebutuhan kerja.,2026-04-01
1322,2894,3,Lumayan membantu untuk basic knowledge.,2026-06-28
1323,2895,5,"Kursus bagus, cocok untuk pemula.",2026-07-16
1324,2898,5,"Sangat puas, worth it banget!",2025-12-23
1325,2899,3,Lumayan membantu untuk basic knowledge.,2026-04-24
1326,2902,5,"Instrukturnya kompeten, penjelasan step by step.",2026-01-18
1327,2903,5,Konten up to date dan relevan dengan kebutuhan kerja.,2026-07-13
1328,2905,5,"Sangat puas, worth it banget!",2026-08-28
1329,2906,5,Konten up to date dan relevan dengan kebutuhan kerja.,2026-05-06
1330,2907,3,"Standar saja, sesuai ekspektasi.",2025-12-06
1331,2908,4,Konten up to date dan relevan dengan kebutuhan kerja.,2026-04-19
1332,2910,5,"Sangat puas, worth it banget!",2025-01-30
1333,2913,5,"Kursus bagus, cocok untuk pemula.",2026-07-31
1334,2916,4,"Sangat puas, worth it banget!",2026-04-14
1335,2917,3,Lumayan membantu untuk basic knowledge.,2025-11-12
1336,2918,5,"Kursus bagus, cocok untuk pemula.",2026-05-23
1337,2919,5,"Kursus bagus, cocok untuk pemula.",2026-08-16
1338,2921,3,"Cukup baik, tapi bisa lebih baik lagi.",2026-06-03
1339,2922,4,"Materinya jelas dan mudah dipahami, sangat membantu!",2026-05-02
1340,2924,5,Konten up to date dan relevan dengan kebutuhan kerja.,2025-04-18
1341,2926,3,"Cukup baik, tapi bisa lebih baik lagi.",2025-02-10
1342,2928,5,Konten up to date dan relevan dengan kebutuhan kerja.,2026-04-20
1343,2929,5,Konten up to date dan relevan dengan kebutuhan kerja.,2025-05-19
1344,2930,2,Modul terlalu panjang dan membosankan.,2026-02-28
1345,2931,5,"Sangat puas, worth it banget!",2026-05-29
1346,2933,3,"Standar saja, sesuai ekspektasi.",2026-03-17
1347,2934,4,"Instrukturnya kompeten, penjelasan step by step.",2025-09-06
1348,2935,4,"Sangat puas, worth it banget!",2025-07-30
1349,2936,4,Konten up to date dan relevan dengan kebutuhan kerja.,2026-04-17
1350,2938,5,"Instrukturnya kompeten, penjelasan step by step.",2024-11-07
1351,2939,5,"Materinya jelas dan mudah dipahami, sangat membantu!",2026-09-30
1352,2941,4,"Materinya jelas dan mudah dipahami, sangat membantu!",2026-09-13
1353,2942,2,Modul terlalu panjang dan membosankan.,2025-10-24
1354,2943,4,Konten up to date dan relevan dengan kebutuhan kerja.,2026-05-02
1355,2946,4,"Kursus bagus, cocok untuk pemula.",2025-09-29
1356,2947,3,Lumayan membantu untuk basic knowledge.,2024-07-09
1357,2949,4,Konten up to date dan relevan dengan kebutuhan kerja.,2025-05-12
1358,2951,3,"Cukup baik, tapi bisa lebih baik lagi.",2026-06-07
1359,2954,4,Konten up to date dan relevan dengan kebutuhan kerja.,2025-08-26
1360,2957,5,Konten up to date dan relevan dengan kebutuhan kerja.,2026-06-08
1361,2958,5,"Instrukturnya kompeten, penjelasan step by step.",2025-10-01
1362,2959,3,"Standar saja, sesuai ekspektasi.",2026-05-23
1363,2962,3,"Cukup baik, tapi bisa lebih baik lagi.",2026-07-27
1364,2966,5,"Kursus bagus, cocok untuk pemula.",2025-10-10
1365,2969,4,"Sangat puas, worth it banget!",2025-06-17
1366,2971,4,"Materinya jelas dan mudah dipahami, sangat membantu!",2025-05-11
1367,2975,1,Modul terlalu panjang dan membosankan.,2025-05-12
1368,2976,5,"Materinya jelas dan mudah dipahami, sangat membantu!",2026-05-29
1369,2980,4,"Materinya jelas dan mudah dipahami, sangat membantu!",2025-06-03
1370,2984,3,"Standar saja, sesuai ekspektasi.",2026-06-29
1371,2985,3,Lumayan membantu untuk basic knowledge.,2026-02-17
1372,2986,5,"Materinya jelas dan mudah dipahami, sangat membantu!",2026-04-26
1373,2987,4,"Instrukturnya kompeten, penjelasan step by step.",2025-12-13
1374,2988,5,"Materinya jelas dan mudah dipahami, sangat membantu!",2026-07-12
1375,2992,4,"Kursus bagus, cocok untuk pemula.",2026-08-19
1376,2994,3,"Standar saja, sesuai ekspektasi.",2025-10-27
1377,2995,3,"Standar saja, sesuai ekspektasi.",2026-09-04
1378,3001,5,"Instrukturnya kompeten, penjelasan step by step.",2026-03-31
1379,3002,2,Audio dan video kurang jelas di beberapa modul.,2026-06-06
1380,3003,5,"Instrukturnya kompeten, penjelasan step by step.",2026-04-17
1381,3004,2,Audio dan video kurang jelas di beberapa modul.,2026-08-06
1382,3006,5,"Sangat puas, worth it banget!",2026-07-22
1383,3008,1,Modul terlalu panjang dan membosankan.,2025-09-22
1384,3010,4,"Materinya jelas dan mudah dipahami, sangat membantu!",2026-02-10
1385,3013,5,"Instrukturnya kompeten, penjelasan step by step.",2026-06-27
1386,3018,5,"Kursus bagus, cocok untuk pemula.",2026-05-23
1387,3022,5,"Sangat puas, worth it banget!",2024-10-25
1388,3023,5,"Instrukturnya kompeten, penjelasan step by step.",2025-07-03
1389,3025,4,"Instrukturnya kompeten, penjelasan step by step.",2026-08-14
1390,3026,5,Konten up to date dan relevan dengan kebutuhan kerja.,2026-04-01
1391,3028,5,Konten up to date dan relevan dengan kebutuhan kerja.,2025-08-09
1392,3029,4,"Sangat puas, worth it banget!",2026-08-01
1393,3031,5,"Instrukturnya kompeten, penjelasan step by step.",2025-05-24
1394,3034,5,"Kursus bagus, cocok untuk pemula.",2026-09-05
1395,3035,4,"Instrukturnya kompeten, penjelasan step by step.",2026-08-28
1396,3036,4,"Sangat puas, worth it banget!",2026-06-06
1397,3039,3,"Cukup baik, tapi bisa lebih baik lagi.",2026-07-04
1398,3042,4,"Instrukturnya kompeten, penjelasan step by step.",2026-04-05
1399,3044,3,"Cukup baik, tapi bisa lebih baik lagi.",2026-01-18
1400,3046,5,"Materinya jelas dan mudah dipahami, sangat membantu!",2026-02-20
1401,3049,5,"Kursus bagus, cocok untuk pemula.",2026-05-18
1402,3050,5,"Sangat puas, worth it banget!",2025-08-15
1403,3052,5,"Kursus bagus, cocok untuk pemula.",2026-07-08
1404,3053,2,Audio dan video kurang jelas di beberapa modul.,2026-10-05
1405,3054,5,"Sangat puas, worth it banget!",2025-03-23
1406,3056,5,"Kursus bagus, cocok untuk pemula.",2026-07-20
1407,3059,3,"Cukup baik, tapi bisa lebih baik lagi.",2026-09-13
1408,3060,5,"Kursus bagus, cocok untuk pemula.",2025-12-13
1409,3061,4,"Sangat puas, worth it banget!",2026-03-08
1410,3062,4,Konten up to date dan relevan dengan kebutuhan kerja.,2026-01-07
1411,3064,5,"Kursus bagus, cocok untuk pemula.",2026-08-24
1412,3065,1,Modul terlalu panjang dan membosankan.,2026-01-24
1413,3070,2,"Materinya terlalu cepat, sulit diikuti.",2026-04-04
1414,3071,4,Konten up to date dan relevan dengan kebutuhan kerja.,2025-06-10
1415,3073,5,"Materinya jelas dan mudah dipahami, sangat membantu!",2026-09-14
1416,3076,4,"Instrukturnya kompeten, penjelasan step by step.",2026-04-23
1417,3077,4,"Kursus bagus, cocok untuk pemula.",2026-01-18
1418,3079,4,Konten up to date dan relevan dengan kebutuhan kerja.,2025-10-05
1419,3081,2,"Materinya terlalu cepat, sulit diikuti.",2026-04-10
1420,3082,4,"Instrukturnya kompeten, penjelasan step by step.",2026-03-09
1421,3085,3,"Cukup baik, tapi bisa lebih baik lagi.",2026-08-02
1422,3086,5,"Sangat puas, worth it banget!",2025-12-17
1423,3089,4,Konten up to date dan relevan dengan kebutuhan kerja.,2025-06-23
1424,3091,4,Konten up to date dan relevan dengan kebutuhan kerja.,2024-10-13
1425,3092,5,"Instrukturnya kompeten, penjelasan step by step.",2024-11-18
1426,3094,5,"Instrukturnya kompeten, penjelasan step by step.",2026-01-15
1427,3097,4,Konten up to date dan relevan dengan kebutuhan kerja.,2026-08-08
1428,3099,4,"Kursus bagus, cocok untuk pemula.",2026-07-15
1429,3100,5,"Instrukturnya kompeten, penjelasan step by step.",2025-12-28
1430,3101,5,"Materinya jelas dan mudah dipahami, sangat membantu!",2026-01-30
1431,3104,5,"Sangat puas, worth it banget!",2024-03-21
1432,3105,5,"Materinya jelas dan mudah dipahami, sangat membantu!",2025-04-13
1433,3107,4,"Materinya jelas dan mudah dipahami, sangat membantu!",2026-04-14
1434,3110,5,"Instrukturnya kompeten, penjelasan step by step.",2026-03-21
1435,3112,5,"Sangat puas, worth it banget!",2026-07-06
1436,3113,3,Lumayan membantu untuk basic knowledge.,2026-10-20
1437,3115,3,"Standar saja, sesuai ekspektasi.",2026-02-05
1438,3116,3,"Cukup baik, tapi bisa lebih baik lagi.",2025-07-12
1439,3122,5,"Sangat puas, worth it banget!",2025-06-16
1440,3124,4,"Sangat puas, worth it banget!",2026-07-24
1441,3126,3,Lumayan membantu untuk basic knowledge.,2026-04-03
1442,3129,3,"Standar saja, sesuai ekspektasi.",2025-10-01
1443,3130,4,"Kursus bagus, cocok untuk pemula.",2025-10-16
1444,3132,5,"Materinya jelas dan mudah dipahami, sangat membantu!",2026-02-18
1445,3136,5,"Instrukturnya kompeten, penjelasan step by step.",2026-08-11
1446,3138,2,"Materinya terlalu cepat, sulit diikuti.",2026-08-11
1447,3140,5,"Instrukturnya kompeten, penjelasan step by step.",2026-05-03
1448,3143,5,"Instrukturnya kompeten, penjelasan step by step.",2025-12-27
1449,3145,4,Konten up to date dan relevan dengan kebutuhan kerja.,2026-08-15
1450,3147,5,"Sangat puas, worth it banget!",2025-07-14
1451,3148,4,"Materinya jelas dan mudah dipahami, sangat membantu!",2025-11-23
1452,3149,5,Konten up to date dan relevan dengan kebutuhan kerja.,2025-10-03
1453,3150,5,Konten up to date dan relevan dengan kebutuhan kerja.,2025-07-06
1454,3153,4,"Kursus bagus, cocok untuk pemula.",2026-08-14
1455,3154,5,"Instrukturnya kompeten, penjelasan step by step.",2026-08-24
1456,3155,5,"Instrukturnya kompeten, penjelasan step by step.",2026-07-04
1457,3159,4,"Sangat puas, worth it banget!",2025-10-29
1458,3161,3,"Cukup baik, tapi bisa lebih baik lagi.",2026-09-27
1459,3164,5,"Instrukturnya kompeten, penjelasan step by step.",2025-12-03
1460,3165,4,"Instrukturnya kompeten, penjelasan step by step.",2026-04-23
1461,3166,5,Konten up to date dan relevan dengan kebutuhan kerja.,2026-01-19
1462,3168,4,"Sangat puas, worth it banget!",2026-08-29
1463,3172,5,"Materinya jelas dan mudah dipahami, sangat membantu!",2024-10-24
1464,3176,5,"Sangat puas, worth it banget!",2026-06-10
1465,3177,5,"Kursus bagus, cocok untuk pemula.",2025-08-30
1466,3183,5,Konten up to date dan relevan dengan kebutuhan kerja.,2025-12-01
1467,3186,5,"Kursus bagus, cocok untuk pemula.",2025-12-24
1468,3189,3,Lumayan membantu untuk basic knowledge.,2026-08-01
1469,3190,4,"Sangat puas, worth it banget!",2025-11-07
1470,3191,5,"Sangat puas, worth it banget!",2026-08-29
1471,3198,5,"Sangat puas, worth it banget!",2025-06-02
1472,3200,5,"Sangat puas, worth it banget!",2026-03-16
1473,3201,4,"Sangat puas, worth it banget!",2025-03-25
1474,3208,5,"Sangat puas, worth it banget!",2026-05-10
1475,3209,5,"Instrukturnya kompeten, penjelasan step by step.",2026-07-15
1476,3210,5,Konten up to date dan relevan dengan kebutuhan kerja.,2025-12-09
1477,3212,4,"Instrukturnya kompeten, penjelasan step by step.",2025-09-26
1478,3213,4,"Sangat puas, worth it banget!",2026-08-08
1479,3215,5,"Instrukturnya kompeten, penjelasan step by step.",2026-06-17
1480,3218,5,"Instrukturnya kompeten, penjelasan step by step.",2026-07-01
1481,3220,5,"Sangat puas, worth it banget!",2025-06-17
1482,3224,4,"Sangat puas, worth it banget!",2026-04-14
1483,3228,2,Kontennya sudah agak outdated.,2025-09-21
1484,3236,3,"Standar saja, sesuai ekspektasi.",2025-11-23
1485,3237,5,"Materinya jelas dan mudah dipahami, sangat membantu!",2026-07-28
1486,3238,4,"Materinya jelas dan mudah dipahami, sangat membantu!",2026-05-17
1487,3239,1,Modul terlalu panjang dan membosankan.,2026-06-14
1488,3240,4,Konten up to date dan relevan dengan kebutuhan kerja.,2024-12-20
1489,3244,3,"Cukup baik, tapi bisa lebih baik lagi.",2026-08-13
1490,3248,4,"Sangat puas, worth it banget!",2026-08-12
1491,3249,5,Konten up to date dan relevan dengan kebutuhan kerja.,2026-08-08
1492,3250,5,"Instrukturnya kompeten, penjelasan step by step.",2026-06-23
1493,3251,5,"Kursus bagus, cocok untuk pemula.",2024-06-01
1494,3253,5,Konten up to date dan relevan dengan kebutuhan kerja.,2026-01-28
1495,3260,4,Konten up to date dan relevan dengan kebutuhan kerja.,2026-07-21
1496,3261,2,Modul terlalu panjang dan membosankan.,2026-08-17
1497,3262,5,"Instrukturnya kompeten, penjelasan step by step.",2025-10-28
1498,3263,4,"Sangat puas, worth it banget!",2025-09-03
1499,3265,4,"Sangat puas, worth it banget!",2026-02-25
1500,3269,4,"Sangat puas, worth it banget!",2026-08-03
1501,3272,4,"Instrukturnya kompeten, penjelasan step by step.",2025-06-20
1502,3277,5,"Sangat puas, worth it banget!",2026-08-25
1503,3279,4,Konten up to date dan relevan dengan kebutuhan kerja.,2025-10-13
1504,3281,5,Konten up to date dan relevan dengan kebutuhan kerja.,2025-06-26
1505,3285,5,Konten up to date dan relevan dengan kebutuhan kerja.,2026-07-31
1506,3286,4,"Materinya jelas dan mudah dipahami, sangat membantu!",2024-09-13
1507,3288,4,"Sangat puas, worth it banget!",2026-08-07
1508,3290,4,"Sangat puas, worth it banget!",2026-08-24
1509,3291,5,"Kursus bagus, cocok untuk pemula.",2025-05-22
1510,3292,4,"Materinya jelas dan mudah dipahami, sangat membantu!",2026-10-08
1511,3296,4,"Materinya jelas dan mudah dipahami, sangat membantu!",2025-11-28
1512,3297,5,"Materinya jelas dan mudah dipahami, sangat membantu!",2026-06-12
1513,3299,3,"Cukup baik, tapi bisa lebih baik lagi.",2026-06-15
1514,3300,5,Konten up to date dan relevan dengan kebutuhan kerja.,2026-03-24
1515,3301,4,"Kursus bagus, cocok untuk pemula.",2026-03-03
1516,3302,5,Konten up to date dan relevan dengan kebutuhan kerja.,2026-05-28
1517,3309,3,"Standar saja, sesuai ekspektasi.",2026-05-03
1518,3316,5,Konten up to date dan relevan dengan kebutuhan kerja.,2026-06-05
1519,3317,4,Konten up to date dan relevan dengan kebutuhan kerja.,2026-06-01
1520,3318,2,Audio dan video kurang jelas di beberapa modul.,2025-08-10
1521,3322,3,"Cukup baik, tapi bisa lebih baik lagi.",2026-07-10
1522,3324,4,"Kursus bagus, cocok untuk pemula.",2025-06-27
1523,3325,5,"Sangat puas, worth it banget!",2024-03-27
1524,3327,2,Audio dan video kurang jelas di beberapa modul.,2026-05-01
1525,3328,4,"Instrukturnya kompeten, penjelasan step by step.",2026-05-27
1526,3330,5,Konten up to date dan relevan dengan kebutuhan kerja.,2025-12-02
1527,3331,5,"Instrukturnya kompeten, penjelasan step by step.",2026-08-09
1528,3334,3,"Standar saja, sesuai ekspektasi.",2025-03-15
1529,3335,4,"Sangat puas, worth it banget!",2025-03-30
1530,3339,5,"Kursus bagus, cocok untuk pemula.",2025-11-09
1531,3340,2,Audio dan video kurang jelas di beberapa modul.,2026-04-04
1532,3341,4,"Materinya jelas dan mudah dipahami, sangat membantu!",2026-03-22
1533,3342,2,"Materinya terlalu cepat, sulit diikuti.",2026-06-24
1534,3345,5,"Instrukturnya kompeten, penjelasan step by step.",2026-06-01
1535,3346,2,"Materinya terlalu cepat, sulit diikuti.",2026-08-15
1536,3350,4,"Instrukturnya kompeten, penjelasan step by step.",2024-06-14
1537,3351,4,"Kursus bagus, cocok untuk pemula.",2026-07-14
1538,3353,4,"Kursus bagus, cocok untuk pemula.",2026-03-13
1539,3357,5,"Materinya jelas dan mudah dipahami, sangat membantu!",2026-07-02
1540,3358,3,"Cukup baik, tapi bisa lebih baik lagi.",2025-06-13
1541,3361,5,"Sangat puas, worth it banget!",2025-02-21
1542,3364,4,Konten up to date dan relevan dengan kebutuhan kerja.,2026-06-30
1543,3365,5,"Instrukturnya kompeten, penjelasan step by step.",2024-12-05
1544,3366,4,"Instrukturnya kompeten, penjelasan step by step.",2024-10-23
1545,3367,5,"Instrukturnya kompeten, penjelasan step by step.",2025-11-22
1546,3371,4,"Sangat puas, worth it banget!",2026-03-25
1547,3380,3,Lumayan membantu untuk basic knowledge.,2026-02-07
1548,3381,5,Konten up to date dan relevan dengan kebutuhan kerja.,2024-08-17
1549,3384,5,"Materinya jelas dan mudah dipahami, sangat membantu!",2026-03-04
1550,3387,5,"Instrukturnya kompeten, penjelasan step by step.",2026-01-17
1551,3388,5,"Kursus bagus, cocok untuk pemula.",2026-05-26
1552,3389,4,"Sangat puas, worth it banget!",2025-10-12
1553,3390,5,"Kursus bagus, cocok untuk pemula.",2026-08-01
1554,3392,4,"Kursus bagus, cocok untuk pemula.",2026-07-14
1555,3393,5,"Sangat puas, worth it banget!",2026-02-20
1556,3396,4,"Kursus bagus, cocok untuk pemula.",2025-08-15
1557,3400,5,"Sangat puas, worth it banget!",2024-01-19
1558,3403,4,"Instrukturnya kompeten, penjelasan step by step.",2024-11-26
1559,3405,5,Konten up to date dan relevan dengan kebutuhan kerja.,2026-10-09
1560,3406,5,"Instrukturnya kompeten, penjelasan step by step.",2026-08-26
1561,3408,5,"Instrukturnya kompeten, penjelasan step by step.",2026-08-03
1562,3409,5,"Instrukturnya kompeten, penjelasan step by step.",2026-09-12
1563,3410,4,"Sangat puas, worth it banget!",2026-01-09
1564,3415,5,"Sangat puas, worth it banget!",2025-12-31
1565,3417,4,Konten up to date dan relevan dengan kebutuhan kerja.,2026-06-05
1566,3420,4,"Sangat puas, worth it banget!",2026-08-17
1567,3421,4,Konten up to date dan relevan dengan kebutuhan kerja.,2026-08-01
1568,3423,3,"Cukup baik, tapi bisa lebih baik lagi.",2026-04-24
1569,3424,5,Konten up to date dan relevan dengan kebutuhan kerja.,2026-07-14
1570,3426,4,"Kursus bagus, cocok untuk pemula.",2025-12-20
1571,3427,4,"Sangat puas, worth it banget!",2026-07-01
1572,3430,3,Lumayan membantu untuk basic knowledge.,2026-08-07
1573,3431,5,"Materinya jelas dan mudah dipahami, sangat membantu!",2026-03-16
1574,3435,5,Konten up to date dan relevan dengan kebutuhan kerja.,2026-06-13
1575,3436,5,"Materinya jelas dan mudah dipahami, sangat membantu!",2025-05-03
1576,3437,3,Lumayan membantu untuk basic knowledge.,2025-09-05
1577,3438,4,"Kursus bagus, cocok untuk pemula.",2026-08-08
1578,3439,5,"Kursus bagus, cocok untuk pemula.",2026-10-07
1579,3440,4,Konten up to date dan relevan dengan kebutuhan kerja.,2026-03-21
1580,3441,5,"Kursus bagus, cocok untuk pemula.",2026-08-12
1581,3442,2,Kontennya sudah agak outdated.,2025-06-11
1582,3443,1,"Materinya terlalu cepat, sulit diikuti.",2026-08-25
1583,3449,4,"Kursus bagus, cocok untuk pemula.",2026-01-10
1584,3452,4,"Materinya jelas dan mudah dipahami, sangat membantu!",2026-09-30
1585,3453,5,"Kursus bagus, cocok untuk pemula.",2026-07-21
1586,3455,4,"Materinya jelas dan mudah dipahami, sangat membantu!",2026-02-07
1587,3456,5,"Kursus bagus, cocok untuk pemula.",2026-07-11
1588,3458,5,"Sangat puas, worth it banget!",2025-11-02
1589,3459,5,"Sangat puas, worth it banget!",2026-05-24
1590,3460,5,"Instrukturnya kompeten, penjelasan step by step.",2025-04-19
1591,3461,4,"Materinya jelas dan mudah dipahami, sangat membantu!",2026-05-09
1592,3462,4,"Instrukturnya kompeten, penjelasan step by step.",2026-04-13
1593,3466,1,"Kurang studi kasus, terlalu teori.",2026-08-05
1594,3467,5,Konten up to date dan relevan dengan kebutuhan kerja.,2026-08-14
1595,3469,4,"Instrukturnya kompeten, penjelasan step by step.",2024-09-26
1596,3473,5,"Instrukturnya kompeten, penjelasan step by step.",2025-08-16
1597,3475,4,"Kursus bagus, cocok untuk pemula.",2025-04-03
1598,3477,3,"Standar saja, sesuai ekspektasi.",2026-05-10
1599,3478,4,"Sangat puas, worth it banget!",2025-10-29
1600,3480,4,"Materinya jelas dan mudah dipahami, sangat membantu!",2026-10-07
1601,3482,4,"Instrukturnya kompeten, penjelasan step by step.",2025-03-07
1602,3483,4,"Kursus bagus, cocok untuk pemula.",2025-10-15
1603,3486,5,"Kursus bagus, cocok untuk pemula.",2025-12-21
1604,3488,5,"Kursus bagus, cocok untuk pemula.",2026-06-25
1605,3490,1,Kontennya sudah agak outdated.,2026-08-16
1606,3492,5,"Materinya jelas dan mudah dipahami, sangat membantu!",2026-09-08
1607,3493,5,"Sangat puas, worth it banget!",2026-08-15
1608,3494,3,"Standar saja, sesuai ekspektasi.",2026-08-28
1609,3501,1,Kontennya sudah agak outdated.,2026-05-28
1610,3504,5,"Kursus bagus, cocok untuk pemula.",2026-03-26
1611,3505,5,Konten up to date dan relevan dengan kebutuhan kerja.,2026-08-14
1612,3507,4,"Kursus bagus, cocok untuk pemula.",2026-02-01
1613,3509,4,"Kursus bagus, cocok untuk pemula.",2026-07-26
1614,3510,3,"Cukup baik, tapi bisa lebih baik lagi.",2025-02-18
1615,3511,1,Kontennya sudah agak outdated.,2025-07-13
1616,3516,4,Konten up to date dan relevan dengan kebutuhan kerja.,2025-11-27
1617,3521,4,"Kursus bagus, cocok untuk pemula.",2026-02-03
1618,3524,4,"Instrukturnya kompeten, penjelasan step by step.",2025-10-04
1619,3525,4,"Materinya jelas dan mudah dipahami, sangat membantu!",2025-01-23
1620,3531,5,"Materinya jelas dan mudah dipahami, sangat membantu!",2026-05-28
1621,3532,4,"Materinya jelas dan mudah dipahami, sangat membantu!",2026-08-15
1622,3534,5,"Sangat puas, worth it banget!",2025-06-14
1623,3536,4,"Sangat puas, worth it banget!",2025-09-06
1624,3538,5,"Materinya jelas dan mudah dipahami, sangat membantu!",2026-04-18
1625,3539,5,"Instrukturnya kompeten, penjelasan step by step.",2026-08-23
1626,3540,4,"Instrukturnya kompeten, penjelasan step by step.",2025-06-04
1627,3541,4,"Instrukturnya kompeten, penjelasan step by step.",2026-03-31
1628,3542,5,"Materinya jelas dan mudah dipahami, sangat membantu!",2026-06-18
1629,3544,4,"Instrukturnya kompeten, penjelasan step by step.",2026-09-13
1630,3547,5,"Sangat puas, worth it banget!",2026-05-18
1631,3548,4,"Kursus bagus, cocok untuk pemula.",2026-05-02
1632,3549,5,"Materinya jelas dan mudah dipahami, sangat membantu!",2026-05-09
1633,3551,2,"Materinya terlalu cepat, sulit diikuti.",2025-09-14
1634,3557,4,"Kursus bagus, cocok untuk pemula.",2026-04-11
1635,3560,5,"Materinya jelas dan mudah dipahami, sangat membantu!",2026-08-11
1636,3561,4,"Kursus bagus, cocok untuk pemula.",2026-01-03
1637,3562,4,"Instrukturnya kompeten, penjelasan step by step.",2026-06-11
1638,3564,5,"Kursus bagus, cocok untuk pemula.",2026-08-18
1639,3569,5,"Instrukturnya kompeten, penjelasan step by step.",2026-07-19
1640,3570,5,"Sangat puas, worth it banget!",2026-07-17
1641,3571,4,"Sangat puas, worth it banget!",2026-02-07
1642,3573,5,Konten up to date dan relevan dengan kebutuhan kerja.,2026-09-13
1643,3574,5,Konten up to date dan relevan dengan kebutuhan kerja.,2026-09-24
1644,3576,3,Lumayan membantu untuk basic knowledge.,2026-05-21
1645,3577,5,"Materinya jelas dan mudah dipahami, sangat membantu!",2026-06-12
1646,3578,4,"Kursus bagus, cocok untuk pemula.",2026-05-31
1647,3579,5,"Kursus bagus, cocok untuk pemula.",2024-11-16
1648,3581,5,"Sangat puas, worth it banget!",2026-07-29
1649,3582,4,"Sangat puas, worth it banget!",2026-08-12
1650,3583,5,"Materinya jelas dan mudah dipahami, sangat membantu!",2026-05-29
1651,3586,5,"Kursus bagus, cocok untuk pemula.",2025-04-20
1652,3587,2,Kontennya sudah agak outdated.,2026-06-19
1653,3591,5,"Kursus bagus, cocok untuk pemula.",2026-07-17
1654,3594,2,Modul terlalu panjang dan membosankan.,2026-02-07
1655,3596,5,"Kursus bagus, cocok untuk pemula.",2025-12-29
1656,3600,1,Audio dan video kurang jelas di beberapa modul.,2025-05-10
1657,3603,4,"Kursus bagus, cocok untuk pemula.",2026-08-06
1658,3604,3,Lumayan membantu untuk basic knowledge.,2025-06-14
1659,3605,4,"Kursus bagus, cocok untuk pemula.",2026-03-18
1660,3606,5,"Kursus bagus, cocok untuk pemula.",2026-08-08
1661,3609,3,Lumayan membantu untuk basic knowledge.,2026-08-04
1662,3610,5,"Kursus bagus, cocok untuk pemula.",2026-02-04
1663,3613,5,Konten up to date dan relevan dengan kebutuhan kerja.,2026-01-16
1664,3614,2,Kontennya sudah agak outdated.,2024-07-13
1665,3615,4,Konten up to date dan relevan dengan kebutuhan kerja.,2026-07-11
1666,3617,5,"Kursus bagus, cocok untuk pemula.",2026-08-11
1667,3619,3,"Cukup baik, tapi bisa lebih baik lagi.",2026-08-08
1668,3621,5,"Sangat puas, worth it banget!",2026-08-09
1669,3622,3,Lumayan membantu untuk basic knowledge.,2025-10-22
1670,3624,4,"Instrukturnya kompeten, penjelasan step by step.",2026-07-06
1671,3626,4,"Sangat puas, worth it banget!",2026-04-26
1672,3631,5,"Sangat puas, worth it banget!",2026-05-05
1673,3635,4,"Instrukturnya kompeten, penjelasan step by step.",2025-06-27
1674,3637,5,"Instrukturnya kompeten, penjelasan step by step.",2025-05-25
1675,3640,5,Konten up to date dan relevan dengan kebutuhan kerja.,2026-07-15
1676,3641,2,"Kurang studi kasus, terlalu teori.",2025-10-17
1677,3644,5,Konten up to date dan relevan dengan kebutuhan kerja.,2026-09-10
1678,3645,5,"Materinya jelas dan mudah dipahami, sangat membantu!",2026-06-08
1679,3649,3,"Standar saja, sesuai ekspektasi.",2024-07-31
1680,3655,4,"Instrukturnya kompeten, penjelasan step by step.",2025-11-02
1681,3657,5,"Kursus bagus, cocok untuk pemula.",2026-09-05
1682,3658,5,"Instrukturnya kompeten, penjelasan step by step.",2026-04-29
1683,3661,4,"Materinya jelas dan mudah dipahami, sangat membantu!",2025-07-06
1684,3663,3,"Cukup baik, tapi bisa lebih baik lagi.",2026-07-20
1685,3666,5,"Materinya jelas dan mudah dipahami, sangat membantu!",2024-03-20
1686,3670,2,"Kurang studi kasus, terlalu teori.",2026-08-14
1687,3672,5,"Materinya jelas dan mudah dipahami, sangat membantu!",2026-05-19
1688,3677,5,"Materinya jelas dan mudah dipahami, sangat membantu!",2026-07-20
1689,3681,3,"Standar saja, sesuai ekspektasi.",2025-04-17
1690,3682,4,"Kursus bagus, cocok untuk pemula.",2026-04-08
1691,3684,5,"Sangat puas, worth it banget!",2026-05-03
1692,3685,5,Konten up to date dan relevan dengan kebutuhan kerja.,2026-06-25
1693,3687,3,Lumayan membantu untuk basic knowledge.,2026-04-04
1694,3688,5,"Sangat puas, worth it banget!",2026-04-06
1695,3689,2,"Kurang studi kasus, terlalu teori.",2026-02-19
1696,3690,5,Konten up to date dan relevan dengan kebutuhan kerja.,2026-01-25
1697,3692,4,"Kursus bagus, cocok untuk pemula.",2025-09-22
1698,3695,5,Konten up to date dan relevan dengan kebutuhan kerja.,2026-07-01
1699,3696,5,"Instrukturnya kompeten, penjelasan step by step.",2026-08-07
1700,3699,1,Audio dan video kurang jelas di beberapa modul.,2024-11-16
1701,3703,5,"Materinya jelas dan mudah dipahami, sangat membantu!",2026-03-04
1702,3705,5,"Kursus bagus, cocok untuk pemula.",2025-04-19
1703,3707,4,Konten up to date dan relevan dengan kebutuhan kerja.,2026-04-25
1704,3709,5,"Instrukturnya kompeten, penjelasan step by step.",2026-06-13
1705,3712,4,"Kursus bagus, cocok untuk pemula.",2025-11-15
1706,3713,5,"Materinya jelas dan mudah dipahami, sangat membantu!",2026-01-03
1707,3714,5,"Materinya jelas dan mudah dipahami, sangat membantu!",2026-03-24
1708,3715,3,"Cukup baik, tapi bisa lebih baik lagi.",2026-07-05
1709,3716,4,"Instrukturnya kompeten, penjelasan step by step.",2026-04-11
1710,3717,5,Konten up to date dan relevan dengan kebutuhan kerja.,2026-07-29
1711,3718,2,"Kurang studi kasus, terlalu teori.",2026-04-13
1712,3721,3,Lumayan membantu untuk basic knowledge.,2026-02-08
1713,3723,5,"Materinya jelas dan mudah dipahami, sangat membantu!",2026-03-09
1714,3726,4,Konten up to date dan relevan dengan kebutuhan kerja.,2024-05-23
1715,3731,5,"Kursus bagus, cocok untuk pemula.",2025-07-06
1716,3732,5,"Instrukturnya kompeten, penjelasan step by step.",2026-09-14
1717,3733,4,"Instrukturnya kompeten, penjelasan step by step.",2025-07-20
1718,3734,4,"Kursus bagus, cocok untuk pemula.",2026-09-23
1719,3738,5,"Materinya jelas dan mudah dipahami, sangat membantu!",2026-02-06
1720,3739,5,"Materinya jelas dan mudah dipahami, sangat membantu!",2026-01-23
1721,3740,3,"Standar saja, sesuai ekspektasi.",2026-08-30
1722,3742,4,"Sangat puas, worth it banget!",2026-04-25
1723,3743,4,"Instrukturnya kompeten, penjelasan step by step.",2025-06-09
1724,3744,5,"Kursus bagus, cocok untuk pemula.",2026-09-07
1725,3746,4,Konten up to date dan relevan dengan kebutuhan kerja.,2026-05-05
1726,3750,5,Konten up to date dan relevan dengan kebutuhan kerja.,2025-03-31
1727,3751,1,Kontennya sudah agak outdated.,2026-07-14
1728,3753,5,"Materinya jelas dan mudah dipahami, sangat membantu!",2026-01-23
1729,3758,4,"Kursus bagus, cocok untuk pemula.",2026-06-27
1730,3759,3,Lumayan membantu untuk basic knowledge.,2026-03-29
1731,3760,4,"Sangat puas, worth it banget!",2026-05-04
1732,3761,5,"Instrukturnya kompeten, penjelasan step by step.",2026-10-09
1733,3764,5,"Instrukturnya kompeten, penjelasan step by step.",2025-11-24
1734,3767,5,Konten up to date dan relevan dengan kebutuhan kerja.,2025-01-21
1735,3771,3,"Cukup baik, tapi bisa lebih baik lagi.",2025-04-16
1736,3772,5,"Materinya jelas dan mudah dipahami, sangat membantu!",2025-09-20
1737,3773,4,Konten up to date dan relevan dengan kebutuhan kerja.,2026-06-07
1738,3775,4,"Instrukturnya kompeten, penjelasan step by step.",2026-04-25
1739,3779,4,"Instrukturnya kompeten, penjelasan step by step.",2026-02-25
1740,3780,5,"Instrukturnya kompeten, penjelasan step by step.",2025-12-19
1741,3785,5,"Sangat puas, worth it banget!",2026-04-27
1742,3789,1,"Kurang studi kasus, terlalu teori.",2025-12-06
1743,3791,5,"Instrukturnya kompeten, penjelasan step by step.",2026-08-11
1744,3793,4,"Materinya jelas dan mudah dipahami, sangat membantu!",2024-10-18
1745,3795,3,Lumayan membantu untuk basic knowledge.,2025-05-21
1746,3797,1,Kontennya sudah agak outdated.,2026-03-29
1747,3799,4,"Kursus bagus, cocok untuk pemula.",2026-04-19
1748,3800,5,Konten up to date dan relevan dengan kebutuhan kerja.,2026-02-17
1749,3804,5,Konten up to date dan relevan dengan kebutuhan kerja.,2026-07-06
1750,3805,5,"Sangat puas, worth it banget!",2026-06-24
1751,3806,4,"Instrukturnya kompeten, penjelasan step by step.",2026-09-10
1752,3810,5,"Kursus bagus, cocok untuk pemula.",2026-04-11
1753,3812,5,"Kursus bagus, cocok untuk pemula.",2026-03-18
1754,3816,5,Konten up to date dan relevan dengan kebutuhan kerja.,2026-07-18
1755,3817,3,"Standar saja, sesuai ekspektasi.",2026-05-22
1756,3819,3,Lumayan membantu untuk basic knowledge.,2026-06-12
1757,3820,5,"Sangat puas, worth it banget!",2026-09-18
1758,3821,4,"Materinya jelas dan mudah dipahami, sangat membantu!",2026-08-20
1759,3825,5,"Materinya jelas dan mudah dipahami, sangat membantu!",2026-03-23
1760,3826,4,"Instrukturnya kompeten, penjelasan step by step.",2025-09-04
1761,3827,2,"Materinya terlalu cepat, sulit diikuti.",2026-08-05
1762,3829,5,"Instrukturnya kompeten, penjelasan step by step.",2026-07-29
1763,3831,4,"Kursus bagus, cocok untuk pemula.",2026-07-11
1764,3832,5,"Instrukturnya kompeten, penjelasan step by step.",2025-09-19
1765,3833,4,"Materinya jelas dan mudah dipahami, sangat membantu!",2026-09-10
1766,3836,5,"Kursus bagus, cocok untuk pemula.",2026-09-06
1767,3842,3,Lumayan membantu untuk basic knowledge.,2026-08-15
1768,3843,3,Lumayan membantu untuk basic knowledge.,2025-12-20
1769,3847,3,"Cukup baik, tapi bisa lebih baik lagi.",2026-05-19
1770,3850,5,"Materinya jelas dan mudah dipahami, sangat membantu!",2026-08-14
1771,3851,3,"Cukup baik, tapi bisa lebih baik lagi.",2025-06-10
1772,3852,5,"Instrukturnya kompeten, penjelasan step by step.",2026-04-23
1773,3856,3,Lumayan membantu untuk basic knowledge.,2026-07-10
1774,3858,4,"Sangat puas, worth it banget!",2024-10-08
1775,3859,4,"Kursus bagus, cocok untuk pemula.",2026-07-18
1776,3860,4,"Materinya jelas dan mudah dipahami, sangat membantu!",2025-10-18
1777,3861,5,"Kursus bagus, cocok untuk pemula.",2026-05-19
1778,3862,5,Konten up to date dan relevan dengan kebutuhan kerja.,2026-07-17
1779,3865,4,"Kursus bagus, cocok untuk pemula.",2025-05-04
1780,3866,4,"Materinya jelas dan mudah dipahami, sangat membantu!",2026-06-12
1781,3869,3,"Standar saja, sesuai ekspektasi.",2026-06-29
1782,3871,5,"Materinya jelas dan mudah dipahami, sangat membantu!",2026-07-16
1783,3873,5,Konten up to date dan relevan dengan kebutuhan kerja.,2026-08-19
1784,3874,2,Modul terlalu panjang dan membosankan.,2026-03-10
1785,3876,5,Konten up to date dan relevan dengan kebutuhan kerja.,2024-04-25
1786,3878,4,"Instrukturnya kompeten, penjelasan step by step.",2025-08-22
1787,3880,4,"Kursus bagus, cocok untuk pemula.",2026-03-08
1788,3883,5,"Kursus bagus, cocok untuk pemula.",2026-01-23
1789,3884,5,"Instrukturnya kompeten, penjelasan step by step.",2026-07-20
1790,3885,5,"Sangat puas, worth it banget!",2026-04-15
1791,3888,4,"Kursus bagus, cocok untuk pemula.",2025-02-07
1792,3889,3,Lumayan membantu untuk basic knowledge.,2026-03-14
1793,3891,5,"Sangat puas, worth it banget!",2026-03-12
1794,3894,4,"Instrukturnya kompeten, penjelasan step by step.",2026-02-27
1795,3895,4,"Sangat puas, worth it banget!",2026-06-20
1796,3900,5,"Instrukturnya kompeten, penjelasan step by step.",2026-04-21
1797,3901,5,"Instrukturnya kompeten, penjelasan step by step.",2026-08-23
1798,3906,5,"Instrukturnya kompeten, penjelasan step by step.",2025-10-11
1799,3913,5,"Kursus bagus, cocok untuk pemula.",2026-05-12
1800,3914,4,"Instrukturnya kompeten, penjelasan step by step.",2026-04-16
1801,3919,5,Konten up to date dan relevan dengan kebutuhan kerja.,2025-01-23
1802,3921,4,"Materinya jelas dan mudah dipahami, sangat membantu!",2025-08-26
1803,3924,4,"Sangat puas, worth it banget!",2026-08-14
1804,3925,4,"Materinya jelas dan mudah dipahami, sangat membantu!",2026-08-22
1805,3928,5,Konten up to date dan relevan dengan kebutuhan kerja.,2026-04-01
1806,3929,2,Audio dan video kurang jelas di beberapa modul.,2025-11-23
1807,3933,3,"Cukup baik, tapi bisa lebih baik lagi.",2026-09-05
1808,3935,4,"Materinya jelas dan mudah dipahami, sangat membantu!",2026-02-01
1809,3936,4,"Sangat puas, worth it banget!",2024-11-14
1810,3938,5,"Kursus bagus, cocok untuk pemula.",2026-02-03
1811,3939,5,"Kursus bagus, cocok untuk pemula.",2025-09-17
1812,3941,3,"Standar saja, sesuai ekspektasi.",2025-02-12
1813,3942,5,"Materinya jelas dan mudah dipahami, sangat membantu!",2026-08-10
1814,3943,3,"Standar saja, sesuai ekspektasi.",2026-09-26
1815,3944,5,"Sangat puas, worth it banget!",2025-10-26
1816,3946,5,"Instrukturnya kompeten, penjelasan step by step.",2026-02-04
1817,3956,4,"Kursus bagus, cocok untuk pemula.",2026-04-29
1818,3957,4,Konten up to date dan relevan dengan kebutuhan kerja.,2026-04-22
1819,3958,4,"Materinya jelas dan mudah dipahami, sangat membantu!",2026-01-18
1820,3959,5,"Sangat puas, worth it banget!",2025-11-08
1821,3964,3,Lumayan membantu untuk basic knowledge.,2025-10-05
1822,3969,5,Konten up to date dan relevan dengan kebutuhan kerja.,2026-03-05
1823,3973,5,"Kursus bagus, cocok untuk pemula.",2025-10-08
1824,3974,5,"Materinya jelas dan mudah dipahami, sangat membantu!",2026-01-22
1825,3975,4,"Kursus bagus, cocok untuk pemula.",2026-09-02
1826,3979,5,"Kursus bagus, cocok untuk pemula.",2026-08-09
1827,3981,4,"Instrukturnya kompeten, penjelasan step by step.",2026-10-12
1828,3982,5,"Kursus bagus, cocok untuk pemula.",2026-07-19
1829,3985,4,"Sangat puas, worth it banget!",2026-07-01
1830,3988,4,"Kursus bagus, cocok untuk pemula.",2026-08-20
1831,3989,5,"Materinya jelas dan mudah dipahami, sangat membantu!",2025-09-14
1832,3995,5,"Instrukturnya kompeten, penjelasan step by step.",2026-09-26
1833,3998,4,Konten up to date dan relevan dengan kebutuhan kerja.,2026-07-16
1834,4003,3,"Standar saja, sesuai ekspektasi.",2026-01-19
1835,4005,3,"Cukup baik, tapi bisa lebih baik lagi.",2026-06-28
1836,4007,4,"Instrukturnya kompeten, penjelasan step by step.",2026-05-27
1837,4008,3,"Cukup baik, tapi bisa lebih baik lagi.",2025-10-01
1838,4010,3,"Standar saja, sesuai ekspektasi.",2026-01-24
1839,4014,3,Lumayan membantu untuk basic knowledge.,2026-09-22
1840,4017,3,"Cukup baik, tapi bisa lebih baik lagi.",2026-03-29
1841,4019,4,"Materinya jelas dan mudah dipahami, sangat membantu!",2025-12-16
1842,4023,4,"Materinya jelas dan mudah dipahami, sangat membantu!",2026-02-25
1843,4026,4,"Materinya jelas dan mudah dipahami, sangat membantu!",2026-09-25
1844,4027,5,"Instrukturnya kompeten, penjelasan step by step.",2026-07-28
1845,4029,5,"Kursus bagus, cocok untuk pemula.",2025-02-21
1846,4032,4,"Kursus bagus, cocok untuk pemula.",2026-06-03
1847,4034,4,"Materinya jelas dan mudah dipahami, sangat membantu!",2026-06-10
1848,4036,5,"Materinya jelas dan mudah dipahami, sangat membantu!",2025-02-11
1849,4037,5,"Kursus bagus, cocok untuk pemula.",2026-02-17
1850,4039,4,"Materinya jelas dan mudah dipahami, sangat membantu!",2026-06-01
1851,4040,5,Konten up to date dan relevan dengan kebutuhan kerja.,2026-06-29
1852,4044,4,"Sangat puas, worth it banget!",2026-08-07
1853,4045,4,"Materinya jelas dan mudah dipahami, sangat membantu!",2025-10-22
1854,4046,4,Konten up to date dan relevan dengan kebutuhan kerja.,2025-08-14
1855,4048,4,"Materinya jelas dan mudah dipahami, sangat membantu!",2025-12-14
1856,4051,5,"Materinya jelas dan mudah dipahami, sangat membantu!",2026-03-08
1857,4052,4,"Kursus bagus, cocok untuk pemula.",2026-04-08
1858,4054,3,Lumayan membantu untuk basic knowledge.,2024-06-17
1859,4056,2,Modul terlalu panjang dan membosankan.,2026-04-10
1860,4061,4,Konten up to date dan relevan dengan kebutuhan kerja.,2026-09-21
1861,4064,5,"Sangat puas, worth it banget!",2025-08-15
1862,4067,5,"Sangat puas, worth it banget!",2024-10-25
1863,4071,5,"Materinya jelas dan mudah dipahami, sangat membantu!",2025-05-31
1864,4072,1,Modul terlalu panjang dan membosankan.,2026-04-18
1865,4074,4,"Sangat puas, worth it banget!",2025-04-11
1866,4076,4,"Kursus bagus, cocok untuk pemula.",2026-02-13
1867,4077,4,"Materinya jelas dan mudah dipahami, sangat membantu!",2025-12-10
1868,4079,3,"Standar saja, sesuai ekspektasi.",2026-04-27
1869,4081,4,"Materinya jelas dan mudah dipahami, sangat membantu!",2025-08-02
1870,4082,3,"Cukup baik, tapi bisa lebih baik lagi.",2025-08-28
1871,4086,4,"Materinya jelas dan mudah dipahami, sangat membantu!",2026-06-26
1872,4090,4,"Kursus bagus, cocok untuk pemula.",2026-09-14
1873,4094,2,Audio dan video kurang jelas di beberapa modul.,2026-07-07
1874,4095,5,Konten up to date dan relevan dengan kebutuhan kerja.,2026-01-02
1875,4099,5,"Instrukturnya kompeten, penjelasan step by step.",2026-08-12
1876,4107,5,"Materinya jelas dan mudah dipahami, sangat membantu!",2026-05-30
1877,4108,2,Kontennya sudah agak outdated.,2026-06-08
1878,4110,4,"Sangat puas, worth it banget!",2026-03-03
1879,4111,4,Konten up to date dan relevan dengan kebutuhan kerja.,2024-12-04
1880,4112,4,Konten up to date dan relevan dengan kebutuhan kerja.,2026-05-13
1881,4118,3,"Cukup baik, tapi bisa lebih baik lagi.",2025-11-23
1882,4119,5,"Sangat puas, worth it banget!",2026-03-06
1883,4121,1,Audio dan video kurang jelas di beberapa modul.,2025-12-08
1884,4123,5,"Sangat puas, worth it banget!",2026-09-02
1885,4125,4,"Sangat puas, worth it banget!",2026-04-27
1886,4128,2,Modul terlalu panjang dan membosankan.,2026-07-25
1887,4129,4,Konten up to date dan relevan dengan kebutuhan kerja.,2026-05-04
1888,4131,5,Konten up to date dan relevan dengan kebutuhan kerja.,2026-05-02
1889,4134,5,Konten up to date dan relevan dengan kebutuhan kerja.,2024-09-20
1890,4135,1,Audio dan video kurang jelas di beberapa modul.,2026-08-25
1891,4136,3,"Cukup baik, tapi bisa lebih baik lagi.",2026-06-25
1892,4137,4,"Instrukturnya kompeten, penjelasan step by step.",2026-07-14
1893,4138,5,"Sangat puas, worth it banget!",2026-01-19
1894,4142,5,"Instrukturnya kompeten, penjelasan step by step.",2026-05-08
1895,4143,5,"Kursus bagus, cocok untuk pemula.",2026-07-21
1896,4144,4,"Kursus bagus, cocok untuk pemula.",2026-05-25
1897,4146,2,"Kurang studi kasus, terlalu teori.",2026-07-25
1898,4147,5,"Sangat puas, worth it banget!",2026-08-12
1899,4151,4,"Materinya jelas dan mudah dipahami, sangat membantu!",2026-05-10
1900,4152,5,"Sangat puas, worth it banget!",2024-03-13
1901,4153,5,"Sangat puas, worth it banget!",2025-05-30
1902,4154,4,"Kursus bagus, cocok untuk pemula.",2026-07-27
1903,4156,4,"Sangat puas, worth it banget!",2026-05-30
1904,4157,5,"Instrukturnya kompeten, penjelasan step by step.",2026-03-23
1905,4158,5,"Sangat puas, worth it banget!",2026-03-31
1906,4159,3,Lumayan membantu untuk basic knowledge.,2026-07-22
1907,4160,5,"Kursus bagus, cocok untuk pemula.",2025-12-03
1908,4164,5,"Kursus bagus, cocok untuk pemula.",2026-07-09
1909,4167,2,Kontennya sudah agak outdated.,2026-07-23
1910,4169,5,"Sangat puas, worth it banget!",2026-02-27
1911,4171,5,Konten up to date dan relevan dengan kebutuhan kerja.,2025-11-22
1912,4172,4,"Materinya jelas dan mudah dipahami, sangat membantu!",2025-12-15
1913,4175,5,"Materinya jelas dan mudah dipahami, sangat membantu!",2025-07-12
1914,4176,5,"Instrukturnya kompeten, penjelasan step by step.",2026-04-04
1915,4177,2,Modul terlalu panjang dan membosankan.,2025-12-30
1916,4179,5,"Instrukturnya kompeten, penjelasan step by step.",2025-04-27
1917,4181,4,"Materinya jelas dan mudah dipahami, sangat membantu!",2026-04-07
1918,4182,5,"Instrukturnya kompeten, penjelasan step by step.",2026-06-13
1919,4185,5,Konten up to date dan relevan dengan kebutuhan kerja.,2026-06-15
1920,4186,1,Kontennya sudah agak outdated.,2025-06-12
1921,4187,4,Konten up to date dan relevan dengan kebutuhan kerja.,2026-08-18
1922,4195,5,"Materinya jelas dan mudah dipahami, sangat membantu!",2026-05-08
1923,4198,5,Konten up to date dan relevan dengan kebutuhan kerja.,2025-07-22
1924,4200,3,Lumayan membantu untuk basic knowledge.,2024-01-17
1925,4202,2,"Materinya terlalu cepat, sulit diikuti.",2025-08-21
1926,4206,5,"Instrukturnya kompeten, penjelasan step by step.",2025-03-10
1927,4208,3,"Standar saja, sesuai ekspektasi.",2026-03-13
1928,4209,5,"Kursus bagus, cocok untuk pemula.",2026-10-08
1929,4212,4,"Kursus bagus, cocok untuk pemula.",2026-07-31
1930,4213,2,Modul terlalu panjang dan membosankan.,2026-08-03
1931,4220,4,Konten up to date dan relevan dengan kebutuhan kerja.,2026-08-15
1932,4222,4,"Sangat puas, worth it banget!",2026-08-03
1933,4223,5,"Materinya jelas dan mudah dipahami, sangat membantu!",2026-01-26
1934,4225,4,Konten up to date dan relevan dengan kebutuhan kerja.,2026-04-14
1935,4227,3,"Cukup baik, tapi bisa lebih baik lagi.",2026-08-10
1936,4233,4,"Kursus bagus, cocok untuk pemula.",2026-06-26
1937,4236,3,"Cukup baik, tapi bisa lebih baik lagi.",2026-07-03
1938,4238,5,"Instrukturnya kompeten, penjelasan step by step.",2026-08-13
1939,4242,4,"Instrukturnya kompeten, penjelasan step by step.",2026-07-03
1940,4243,5,"Sangat puas, worth it banget!",2025-02-11
1941,4251,3,"Standar saja, sesuai ekspektasi.",2026-07-19
1942,4252,4,"Kursus bagus, cocok untuk pemula.",2026-09-20
1943,4253,5,"Kursus bagus, cocok untuk pemula.",2025-06-14
1944,4254,5,Konten up to date dan relevan dengan kebutuhan kerja.,2024-08-02
1945,4255,3,"Cukup baik, tapi bisa lebih baik lagi.",2026-09-28
1946,4256,4,"Instrukturnya kompeten, penjelasan step by step.",2026-07-30
1947,4262,4,Konten up to date dan relevan dengan kebutuhan kerja.,2025-11-06
1948,4266,3,Lumayan membantu untuk basic knowledge.,2026-07-21
1949,4267,5,"Materinya jelas dan mudah dipahami, sangat membantu!",2026-02-12
1950,4268,4,"Sangat puas, worth it banget!",2025-07-28
1951,4270,4,Konten up to date dan relevan dengan kebutuhan kerja.,2024-12-16
1952,4272,4,"Kursus bagus, cocok untuk pemula.",2025-03-08
1953,4273,5,"Materinya jelas dan mudah dipahami, sangat membantu!",2026-05-24
1954,4274,3,"Standar saja, sesuai ekspektasi.",2026-09-25
1955,4276,4,"Materinya jelas dan mudah dipahami, sangat membantu!",2026-03-03
1956,4277,5,"Instrukturnya kompeten, penjelasan step by step.",2026-03-19
1957,4279,4,"Sangat puas, worth it banget!",2026-07-24
1958,4280,5,Konten up to date dan relevan dengan kebutuhan kerja.,2026-04-19
1959,4286,5,"Instrukturnya kompeten, penjelasan step by step.",2026-10-20
1960,4287,5,Konten up to date dan relevan dengan kebutuhan kerja.,2026-02-21
1961,4288,5,Konten up to date dan relevan dengan kebutuhan kerja.,2026-03-18
1962,4290,3,"Cukup baik, tapi bisa lebih baik lagi.",2026-02-25
1963,4292,5,"Kursus bagus, cocok untuk pemula.",2026-08-06
1964,4293,4,"Kursus bagus, cocok untuk pemula.",2026-08-02
1965,4295,4,"Sangat puas, worth it banget!",2026-04-28
1966,4298,5,"Kursus bagus, cocok untuk pemula.",2026-10-19
1967,4299,2,"Materinya terlalu cepat, sulit diikuti.",2026-05-19
1968,4301,5,"Materinya jelas dan mudah dipahami, sangat membantu!",2024-12-08
1969,4303,4,Konten up to date dan relevan dengan kebutuhan kerja.,2025-01-12
1970,4307,4,Konten up to date dan relevan dengan kebutuhan kerja.,2026-06-05
1971,4309,3,"Standar saja, sesuai ekspektasi.",2025-02-13
1972,4312,4,Konten up to date dan relevan dengan kebutuhan kerja.,2026-07-09
1973,4314,1,Kontennya sudah agak outdated.,2026-09-07
1974,4315,3,Lumayan membantu untuk basic knowledge.,2025-06-23
1975,4317,5,"Kursus bagus, cocok untuk pemula.",2025-12-06
1976,4318,5,"Sangat puas, worth it banget!",2025-12-29
1977,4320,5,"Materinya jelas dan mudah dipahami, sangat membantu!",2026-06-18
1978,4324,4,"Instrukturnya kompeten, penjelasan step by step.",2026-02-04
1979,4325,3,Lumayan membantu untuk basic knowledge.,2024-12-19
1980,4326,3,"Cukup baik, tapi bisa lebih baik lagi.",2025-12-13
1981,4330,3,Lumayan membantu untuk basic knowledge.,2026-09-16
1982,4332,5,"Sangat puas, worth it banget!",2026-09-05
1983,4333,3,"Cukup baik, tapi bisa lebih baik lagi.",2026-07-26
1984,4334,4,"Instrukturnya kompeten, penjelasan step by step.",2025-09-03
1985,4335,4,"Kursus bagus, cocok untuk pemula.",2026-09-06
1986,4342,5,"Materinya jelas dan mudah dipahami, sangat membantu!",2025-12-28
1987,4344,4,"Instrukturnya kompeten, penjelasan step by step.",2026-03-03
1988,4345,5,"Instrukturnya kompeten, penjelasan step by step.",2026-03-13
1989,4346,5,"Sangat puas, worth it banget!",2026-08-06
1990,4350,5,Konten up to date dan relevan dengan kebutuhan kerja.,2025-08-06
1991,4355,5,Konten up to date dan relevan dengan kebutuhan kerja.,2026-06-09
1992,4357,5,"Sangat puas, worth it banget!",2025-10-27
1993,4358,5,"Kursus bagus, cocok untuk pemula.",2026-09-14
1994,4361,4,"Materinya jelas dan mudah dipahami, sangat membantu!",2026-06-11
1995,4363,5,"Materinya jelas dan mudah dipahami, sangat membantu!",2026-08-24
1996,4368,4,Konten up to date dan relevan dengan kebutuhan kerja.,2026-06-13
1997,4369,5,"Sangat puas, worth it banget!",2026-07-20
1998,4370,3,"Standar saja, sesuai ekspektasi.",2026-07-05
1999,4372,4,"Materinya jelas dan mudah dipahami, sangat membantu!",2026-06-12
2000,4374,4,Konten up to date dan relevan dengan kebutuhan kerja.,2026-03-26
2001,4375,5,"Instrukturnya kompeten, penjelasan step by step.",2026-09-16
2002,4376,4,Konten up to date dan relevan dengan kebutuhan kerja.,2025-01-14
2003,4377,2,Modul terlalu panjang dan membosankan.,2025-05-23
2004,4379,5,"Instrukturnya kompeten, penjelasan step by step.",2025-07-08
2005,4380,2,"Materinya terlalu cepat, sulit diikuti.",2026-05-04
2006,4383,4,"Sangat puas, worth it banget!",2026-05-17
2007,4384,5,"Sangat puas, worth it banget!",2026-10-06
2008,4388,5,"Kursus bagus, cocok untuk pemula.",2026-03-04
2009,4391,5,"Kursus bagus, cocok untuk pemula.",2025-08-24
2010,4392,4,"Instrukturnya kompeten, penjelasan step by step.",2026-08-30
2011,4397,1,Kontennya sudah agak outdated.,2026-06-22
2012,4401,5,"Materinya jelas dan mudah dipahami, sangat membantu!",2026-08-24
2013,4402,4,"Instrukturnya kompeten, penjelasan step by step.",2026-05-30
2014,4403,4,"Materinya jelas dan mudah dipahami, sangat membantu!",2026-05-03
2015,4405,5,"Materinya jelas dan mudah dipahami, sangat membantu!",2026-08-28
2016,4407,4,Konten up to date dan relevan dengan kebutuhan kerja.,2026-08-30
2017,4408,4,"Materinya jelas dan mudah dipahami, sangat membantu!",2025-11-10
2018,4412,4,"Kursus bagus, cocok untuk pemula.",2026-05-05
2019,4414,5,"Materinya jelas dan mudah dipahami, sangat membantu!",2026-06-24
2020,4417,4,"Materinya jelas dan mudah dipahami, sangat membantu!",2026-07-31
2021,4420,2,Audio dan video kurang jelas di beberapa modul.,2026-03-31
2022,4421,5,"Materinya jelas dan mudah dipahami, sangat membantu!",2026-07-11
2023,4423,4,"Materinya jelas dan mudah dipahami, sangat membantu!",2025-11-18
2024,4424,3,"Standar saja, sesuai ekspektasi.",2026-01-23
2025,4425,4,"Sangat puas, worth it banget!",2026-05-26
2026,4429,4,"Kursus bagus, cocok untuk pemula.",2026-09-06
2027,4432,4,"Instrukturnya kompeten, penjelasan step by step.",2026-05-02
2028,4435,4,"Kursus bagus, cocok untuk pemula.",2025-05-28
2029,4437,5,"Instrukturnya kompeten, penjelasan step by step.",2026-10-08
2030,4442,5,"Instrukturnya kompeten, penjelasan step by step.",2024-12-02
2031,4444,4,"Sangat puas, worth it banget!",2026-08-09
2032,4447,5,"Materinya jelas dan mudah dipahami, sangat membantu!",2026-09-25
2033,4448,3,"Standar saja, sesuai ekspektasi.",2026-06-09
2034,4452,3,"Cukup baik, tapi bisa lebih baik lagi.",2026-08-16
2035,4453,1,"Kurang studi kasus, terlalu teori.",2026-05-19
2036,4454,3,Lumayan membantu untuk basic knowledge.,2025-11-25
2037,4455,3,"Standar saja, sesuai ekspektasi.",2026-08-25
2038,4456,4,Konten up to date dan relevan dengan kebutuhan kerja.,2026-07-17
2039,4459,5,Konten up to date dan relevan dengan kebutuhan kerja.,2026-09-04
2040,4460,5,Konten up to date dan relevan dengan kebutuhan kerja.,2026-03-22
2041,4461,5,"Instrukturnya kompeten, penjelasan step by step.",2025-12-13
2042,4462,3,"Standar saja, sesuai ekspektasi.",2025-12-14
2043,4463,4,Konten up to date dan relevan dengan kebutuhan kerja.,2026-06-08
2044,4466,4,"Instrukturnya kompeten, penjelasan step by step.",2026-05-09
2045,4467,5,"Sangat puas, worth it banget!",2025-07-09
2046,4468,2,"Materinya terlalu cepat, sulit diikuti.",2025-06-04
2047,4469,5,"Sangat puas, worth it banget!",2025-12-02
2048,4471,5,"Kursus bagus, cocok untuk pemula.",2026-07-02
2049,4472,4,"Instrukturnya kompeten, penjelasan step by step.",2026-02-15
2050,4475,4,Konten up to date dan relevan dengan kebutuhan kerja.,2026-05-19
2051,4476,4,"Materinya jelas dan mudah dipahami, sangat membantu!",2025-09-05
2052,4477,4,Konten up to date dan relevan dengan kebutuhan kerja.,2026-05-18
2053,4479,5,"Kursus bagus, cocok untuk pemula.",2026-09-01
2054,4484,5,"Kursus bagus, cocok untuk pemula.",2026-07-27
2055,4485,5,"Materinya jelas dan mudah dipahami, sangat membantu!",2026-08-31
2056,4486,4,Konten up to date dan relevan dengan kebutuhan kerja.,2026-08-05
2057,4489,5,"Instrukturnya kompeten, penjelasan step by step.",2026-08-03
2058,4491,4,"Sangat puas, worth it banget!",2025-07-28
2059,4495,4,Konten up to date dan relevan dengan kebutuhan kerja.,2026-09-06
2060,4496,2,"Materinya terlalu cepat, sulit diikuti.",2026-01-26
2061,4501,5,"Instrukturnya kompeten, penjelasan step by step.",2026-06-24
2062,4502,4,"Materinya jelas dan mudah dipahami, sangat membantu!",2026-03-03
2063,4503,5,"Sangat puas, worth it banget!",2026-06-24
2064,4504,5,"Sangat puas, worth it banget!",2026-07-25
2065,4505,5,"Kursus bagus, cocok untuk pemula.",2026-01-22
2066,4506,5,"Kursus bagus, cocok untuk pemula.",2026-01-11
2067,4510,4,"Kursus bagus, cocok untuk pemula.",2024-09-29
2068,4512,4,"Kursus bagus, cocok untuk pemula.",2026-07-14
2069,4513,5,"Kursus bagus, cocok untuk pemula.",2026-04-23
2070,4514,5,"Materinya jelas dan mudah dipahami, sangat membantu!",2025-04-16
2071,4515,5,"Materinya jelas dan mudah dipahami, sangat membantu!",2026-06-16
2072,4516,5,"Materinya jelas dan mudah dipahami, sangat membantu!",2026-07-31
2073,4517,4,"Kursus bagus, cocok untuk pemula.",2025-11-01
2074,4522,4,"Kursus bagus, cocok untuk pemula.",2025-01-05
2075,4523,5,"Materinya jelas dan mudah dipahami, sangat membantu!",2026-05-08
2076,4524,4,"Instrukturnya kompeten, penjelasan step by step.",2026-07-12
2077,4530,5,"Materinya jelas dan mudah dipahami, sangat membantu!",2026-04-08
2078,4531,5,"Instrukturnya kompeten, penjelasan step by step.",2026-02-25
2079,4533,4,"Instrukturnya kompeten, penjelasan step by step.",2026-08-10
2080,4534,5,"Sangat puas, worth it banget!",2026-09-26
2081,4535,4,"Sangat puas, worth it banget!",2026-07-25
2082,4537,5,"Materinya jelas dan mudah dipahami, sangat membantu!",2026-08-28
2083,4539,5,"Kursus bagus, cocok untuk pemula.",2026-08-05
2084,4542,5,"Materinya jelas dan mudah dipahami, sangat membantu!",2025-08-05
2085,4543,4,"Instrukturnya kompeten, penjelasan step by step.",2026-07-02
2086,4546,5,"Materinya jelas dan mudah dipahami, sangat membantu!",2026-08-01
2087,4548,4,"Sangat puas, worth it banget!",2025-08-12
2088,4549,5,Konten up to date dan relevan dengan kebutuhan kerja.,2026-03-07
2089,4552,5,"Materinya jelas dan mudah dipahami, sangat membantu!",2026-04-22
2090,4553,5,Konten up to date dan relevan dengan kebutuhan kerja.,2025-07-23
2091,4556,4,"Sangat puas, worth it banget!",2025-08-02
2092,4558,4,"Sangat puas, worth it banget!",2025-04-26
2093,4562,4,"Sangat puas, worth it banget!",2026-06-10
2094,4563,4,"Sangat puas, worth it banget!",2026-03-21
2095,4564,5,"Materinya jelas dan mudah dipahami, sangat membantu!",2026-04-19
2096,4565,5,Konten up to date dan relevan dengan kebutuhan kerja.,2026-04-05
2097,4567,4,Konten up to date dan relevan dengan kebutuhan kerja.,2026-03-31
2098,4569,4,"Materinya jelas dan mudah dipahami, sangat membantu!",2026-07-14
2099,4571,3,Lumayan membantu untuk basic knowledge.,2026-04-05
2100,4572,5,"Materinya jelas dan mudah dipahami, sangat membantu!",2026-04-25
2101,4573,5,"Materinya jelas dan mudah dipahami, sangat membantu!",2025-08-18
2102,4574,5,"Instrukturnya kompeten, penjelasan step by step.",2025-11-28
2103,4575,5,"Kursus bagus, cocok untuk pemula.",2025-12-02
2104,4576,5,"Kursus bagus, cocok untuk pemula.",2026-09-29
2105,4577,3,Lumayan membantu untuk basic knowledge.,2026-07-08
2106,4587,5,"Kursus bagus, cocok untuk pemula.",2026-04-30
2107,4588,4,"Sangat puas, worth it banget!",2026-07-23
2108,4589,4,"Instrukturnya kompeten, penjelasan step by step.",2026-07-27
2109,4591,5,"Sangat puas, worth it banget!",2026-01-04
2110,4592,5,"Sangat puas, worth it banget!",2026-08-05
2111,4594,3,"Standar saja, sesuai ekspektasi.",2026-05-29
2112,4597,5,"Kursus bagus, cocok untuk pemula.",2026-08-05
2113,4598,4,Konten up to date dan relevan dengan kebutuhan kerja.,2024-05-25
2114,4599,3,Lumayan membantu untuk basic knowledge.,2026-07-15
2115,4602,3,"Cukup baik, tapi bisa lebih baik lagi.",2026-03-11
2116,4607,4,Konten up to date dan relevan dengan kebutuhan kerja.,2025-10-03
2117,4608,4,"Instrukturnya kompeten, penjelasan step by step.",2025-09-22
2118,4610,2,"Kurang studi kasus, terlalu teori.",2026-09-13
2119,4613,4,"Instrukturnya kompeten, penjelasan step by step.",2025-10-20
2120,4615,5,"Materinya jelas dan mudah dipahami, sangat membantu!",2026-05-16
2121,4620,1,Audio dan video kurang jelas di beberapa modul.,2026-06-10
2122,4622,5,"Materinya jelas dan mudah dipahami, sangat membantu!",2026-04-24
2123,4624,5,"Kursus bagus, cocok untuk pemula.",2025-01-02
2124,4626,4,"Materinya jelas dan mudah dipahami, sangat membantu!",2026-04-22
2125,4627,5,"Kursus bagus, cocok untuk pemula.",2025-12-18
2126,4631,5,"Sangat puas, worth it banget!",2026-02-08
2127,4632,4,Konten up to date dan relevan dengan kebutuhan kerja.,2026-08-03
2128,4633,5,"Instrukturnya kompeten, penjelasan step by step.",2026-02-02
2129,4636,5,"Instrukturnya kompeten, penjelasan step by step.",2026-10-10
2130,4637,4,"Sangat puas, worth it banget!",2026-03-18
2131,4639,5,"Kursus bagus, cocok untuk pemula.",2026-01-13
2132,4642,4,"Sangat puas, worth it banget!",2026-06-22
2133,4643,1,"Materinya terlalu cepat, sulit diikuti.",2025-08-23
2134,4645,4,"Instrukturnya kompeten, penjelasan step by step.",2026-03-02
2135,4647,4,"Instrukturnya kompeten, penjelasan step by step.",2024-05-05
2136,4649,3,"Cukup baik, tapi bisa lebih baik lagi.",2025-05-09
2137,4650,4,"Kursus bagus, cocok untuk pemula.",2025-12-12
2138,4653,3,"Cukup baik, tapi bisa lebih baik lagi.",2026-02-16
2139,4656,5,"Materinya jelas dan mudah dipahami, sangat membantu!",2026-01-04
2140,4658,5,Konten up to date dan relevan dengan kebutuhan kerja.,2025-11-26
2141,4659,3,"Cukup baik, tapi bisa lebih baik lagi.",2026-09-02
2142,4664,5,"Kursus bagus, cocok untuk pemula.",2025-08-10
2143,4665,4,"Kursus bagus, cocok untuk pemula.",2026-01-17
2144,4666,2,Modul terlalu panjang dan membosankan.,2023-11-08
2145,4667,5,"Kursus bagus, cocok untuk pemula.",2026-06-22
2146,4669,2,"Materinya terlalu cepat, sulit diikuti.",2026-07-07
2147,4670,1,Kontennya sudah agak outdated.,2026-07-21
2148,4673,4,"Instrukturnya kompeten, penjelasan step by step.",2026-07-30
2149,4674,1,Audio dan video kurang jelas di beberapa modul.,2023-11-29
2150,4675,3,"Cukup baik, tapi bisa lebih baik lagi.",2025-11-12
2151,4677,5,"Materinya jelas dan mudah dipahami, sangat membantu!",2026-05-04
2152,4683,4,Konten up to date dan relevan dengan kebutuhan kerja.,2024-09-30
2153,4685,5,"Kursus bagus, cocok untuk pemula.",2026-06-10
2154,4687,2,Kontennya sudah agak outdated.,2026-08-07
2155,4690,1,"Materinya terlalu cepat, sulit diikuti.",2026-02-28
2156,4691,3,"Cukup baik, tapi bisa lebih baik lagi.",2024-09-25
2157,4693,4,Konten up to date dan relevan dengan kebutuhan kerja.,2025-03-17
2158,4695,5,"Kursus bagus, cocok untuk pemula.",2026-04-27
2159,4698,5,Konten up to date dan relevan dengan kebutuhan kerja.,2025-05-08
2160,4701,5,"Materinya jelas dan mudah dipahami, sangat membantu!",2026-08-11
2161,4704,4,Konten up to date dan relevan dengan kebutuhan kerja.,2025-09-16
2162,4705,4,"Kursus bagus, cocok untuk pemula.",2026-06-17
2163,4706,4,Konten up to date dan relevan dengan kebutuhan kerja.,2025-04-11
2164,4708,5,"Instrukturnya kompeten, penjelasan step by step.",2026-08-20
2165,4709,5,"Instrukturnya kompeten, penjelasan step by step.",2026-06-25
2166,4715,5,"Instrukturnya kompeten, penjelasan step by step.",2025-08-22
2167,4717,5,"Materinya jelas dan mudah dipahami, sangat membantu!",2026-08-07
2168,4718,4,"Kursus bagus, cocok untuk pemula.",2026-08-05
2169,4721,4,"Materinya jelas dan mudah dipahami, sangat membantu!",2026-06-07
2170,4723,2,"Kurang studi kasus, terlalu teori.",2026-06-14
2171,4727,5,Konten up to date dan relevan dengan kebutuhan kerja.,2025-04-24
2172,4728,5,Konten up to date dan relevan dengan kebutuhan kerja.,2026-01-14
2173,4729,5,"Materinya jelas dan mudah dipahami, sangat membantu!",2026-08-07
2174,4730,4,"Sangat puas, worth it banget!",2025-11-28
2175,4732,5,"Kursus bagus, cocok untuk pemula.",2025-01-28
2176,4735,4,"Materinya jelas dan mudah dipahami, sangat membantu!",2026-08-01
2177,4738,5,"Sangat puas, worth it banget!",2026-05-13
2178,4739,5,"Materinya jelas dan mudah dipahami, sangat membantu!",2025-12-05
2179,4743,5,Konten up to date dan relevan dengan kebutuhan kerja.,2025-10-23
2180,4744,5,"Kursus bagus, cocok untuk pemula.",2026-10-02
2181,4747,5,"Sangat puas, worth it banget!",2025-02-26
2182,4748,4,"Sangat puas, worth it banget!",2026-01-20
2183,4749,4,"Kursus bagus, cocok untuk pemula.",2026-05-26
2184,4750,5,"Kursus bagus, cocok untuk pemula.",2026-03-10
2185,4762,5,"Instrukturnya kompeten, penjelasan step by step.",2025-10-25
2186,4764,4,Konten up to date dan relevan dengan kebutuhan kerja.,2026-10-10
2187,4770,4,"Instrukturnya kompeten, penjelasan step by step.",2026-09-05
2188,4777,3,Lumayan membantu untuk basic knowledge.,2026-07-22
2189,4778,5,"Materinya jelas dan mudah dipahami, sangat membantu!",2024-11-29
2190,4779,4,"Kursus bagus, cocok untuk pemula.",2026-07-16
2191,4780,3,"Standar saja, sesuai ekspektasi.",2026-06-27
2192,4782,5,Konten up to date dan relevan dengan kebutuhan kerja.,2026-06-21
2193,4784,3,"Standar saja, sesuai ekspektasi.",2026-07-26
2194,4786,5,Konten up to date dan relevan dengan kebutuhan kerja.,2026-04-13
2195,4787,4,"Instrukturnya kompeten, penjelasan step by step.",2026-05-31
2196,4788,4,"Materinya jelas dan mudah dipahami, sangat membantu!",2026-07-24
2197,4789,3,"Cukup baik, tapi bisa lebih baik lagi.",2026-01-10
2198,4790,2,"Materinya terlalu cepat, sulit diikuti.",2026-10-24
2199,4791,5,"Materinya jelas dan mudah dipahami, sangat membantu!",2026-03-21
2200,4796,4,"Sangat puas, worth it banget!",2026-09-27
2201,4798,5,"Sangat puas, worth it banget!",2026-03-18
2202,4799,5,"Kursus bagus, cocok untuk pemula.",2025-10-22
2203,4801,4,Konten up to date dan relevan dengan kebutuhan kerja.,2026-03-05
2204,4802,5,"Materinya jelas dan mudah dipahami, sangat membantu!",2026-09-22
2205,4804,4,"Instrukturnya kompeten, penjelasan step by step.",2024-10-28
2206,4807,5,"Kursus bagus, cocok untuk pemula.",2026-07-15
2207,4809,5,"Materinya jelas dan mudah dipahami, sangat membantu!",2025-07-13
2208,4811,4,"Materinya jelas dan mudah dipahami, sangat membantu!",2026-03-11
2209,4813,4,"Instrukturnya kompeten, penjelasan step by step.",2026-09-03
2210,4817,5,"Kursus bagus, cocok untuk pemula.",2026-06-16
2211,4820,5,"Kursus bagus, cocok untuk pemula.",2025-11-15
2212,4821,5,Konten up to date dan relevan dengan kebutuhan kerja.,2025-12-14
2213,4826,5,"Kursus bagus, cocok untuk pemula.",2024-10-05
2214,4828,3,"Cukup baik, tapi bisa lebih baik lagi.",2026-06-11
2215,4829,5,"Sangat puas, worth it banget!",2026-08-27
2216,4832,5,"Instrukturnya kompeten, penjelasan step by step.",2025-08-12
2217,4849,5,Konten up to date dan relevan dengan kebutuhan kerja.,2026-05-17
2218,4850,4,Konten up to date dan relevan dengan kebutuhan kerja.,2026-09-23
2219,4853,2,Audio dan video kurang jelas di beberapa modul.,2026-06-07
2220,4855,5,"Sangat puas, worth it banget!",2024-08-12
2221,4856,4,"Sangat puas, worth it banget!",2026-07-10
2222,4858,3,"Standar saja, sesuai ekspektasi.",2025-03-10
2223,4859,5,"Materinya jelas dan mudah dipahami, sangat membantu!",2026-04-30
2224,4860,5,"Sangat puas, worth it banget!",2025-08-12
2225,4861,4,"Materinya jelas dan mudah dipahami, sangat membantu!",2025-05-21
2226,4863,5,"Materinya jelas dan mudah dipahami, sangat membantu!",2026-05-31
2227,4871,4,Konten up to date dan relevan dengan kebutuhan kerja.,2026-08-25
2228,4873,5,"Sangat puas, worth it banget!",2024-10-18
2229,4877,2,Audio dan video kurang jelas di beberapa modul.,2026-06-30
2230,4878,5,"Instrukturnya kompeten, penjelasan step by step.",2026-05-12
2231,4879,5,"Sangat puas, worth it banget!",2026-07-05
2232,4881,5,"Sangat puas, worth it banget!",2026-03-14
2233,4883,4,"Materinya jelas dan mudah dipahami, sangat membantu!",2025-12-21
2234,4884,5,"Instrukturnya kompeten, penjelasan step by step.",2026-06-14
2235,4890,5,"Kursus bagus, cocok untuk pemula.",2025-06-19
2236,4891,5,Konten up to date dan relevan dengan kebutuhan kerja.,2026-07-14
2237,4892,4,Konten up to date dan relevan dengan kebutuhan kerja.,2025-12-22
2238,4895,3,"Cukup baik, tapi bisa lebih baik lagi.",2026-09-04
2239,4897,5,"Instrukturnya kompeten, penjelasan step by step.",2026-06-28
2240,4901,5,Konten up to date dan relevan dengan kebutuhan kerja.,2026-06-07
2241,4904,3,Lumayan membantu untuk basic knowledge.,2024-08-11
2242,4905,2,"Materinya terlalu cepat, sulit diikuti.",2026-01-03
2243,4906,4,"Materinya jelas dan mudah dipahami, sangat membantu!",2026-09-16
2244,4907,4,"Instrukturnya kompeten, penjelasan step by step.",2026-06-16
2245,4910,4,Konten up to date dan relevan dengan kebutuhan kerja.,2026-05-03
2246,4913,5,"Instrukturnya kompeten, penjelasan step by step.",2026-01-26
2247,4915,3,"Standar saja, sesuai ekspektasi.",2024-10-20
2248,4916,4,"Sangat puas, worth it banget!",2026-02-05
2249,4917,4,"Kursus bagus, cocok untuk pemula.",2026-03-19
2250,4918,3,"Standar saja, sesuai ekspektasi.",2025-09-07
2251,4919,4,"Instrukturnya kompeten, penjelasan step by step.",2026-09-01
2252,4921,3,"Standar saja, sesuai ekspektasi.",2026-09-07
2253,4923,5,Konten up to date dan relevan dengan kebutuhan kerja.,2026-05-15
2254,4924,4,"Kursus bagus, cocok untuk pemula.",2025-10-27
2255,4925,2,Audio dan video kurang jelas di beberapa modul.,2026-08-14
2256,4926,3,"Cukup baik, tapi bisa lebih baik lagi.",2025-08-16
2257,4927,4,"Instrukturnya kompeten, penjelasan step by step.",2025-09-12
2258,4928,5,"Materinya jelas dan mudah dipahami, sangat membantu!",2026-03-08
2259,4930,4,"Sangat puas, worth it banget!",2026-08-23
2260,4933,4,"Materinya jelas dan mudah dipahami, sangat membantu!",2026-02-06
2261,4934,3,Lumayan membantu untuk basic knowledge.,2026-03-08
2262,4935,5,"Materinya jelas dan mudah dipahami, sangat membantu!",2025-12-26
2263,4937,5,"Sangat puas, worth it banget!",2026-06-11
2264,4939,2,Modul terlalu panjang dan membosankan.,2026-04-27
2265,4944,5,"Materinya jelas dan mudah dipahami, sangat membantu!",2026-06-30
2266,4947,5,"Kursus bagus, cocok untuk pemula.",2024-07-08
2267,4948,5,"Sangat puas, worth it banget!",2026-03-24
2268,4949,5,"Materinya jelas dan mudah dipahami, sangat membantu!",2026-07-29
2269,4950,5,"Instrukturnya kompeten, penjelasan step by step.",2026-08-19
2270,4951,5,"Sangat puas, worth it banget!",2026-02-12
2271,4952,3,Lumayan membantu untuk basic knowledge.,2026-02-16
2272,4954,3,"Standar saja, sesuai ekspektasi.",2024-10-05
2273,4957,4,"Kursus bagus, cocok untuk pemula.",2025-07-28
2274,4958,5,"Materinya jelas dan mudah dipahami, sangat membantu!",2026-08-02
2275,4959,3,"Cukup baik, tapi bisa lebih baik lagi.",2026-07-16
2276,4961,3,"Cukup baik, tapi bisa lebih baik lagi.",2026-03-28
2277,4964,5,"Instrukturnya kompeten, penjelasan step by step.",2026-03-27
2278,4965,5,"Kursus bagus, cocok untuk pemula.",2026-07-18
2279,4966,3,"Standar saja, sesuai ekspektasi.",2026-01-22
2280,4967,5,"Sangat puas, worth it banget!",2025-04-21
2281,4970,5,"Sangat puas, worth it banget!",2025-11-19
2282,4974,4,"Kursus bagus, cocok untuk pemula.",2026-08-04
2283,4975,4,Konten up to date dan relevan dengan kebutuhan kerja.,2025-09-07
2284,4976,3,"Cukup baik, tapi bisa lebih baik lagi.",2025-04-14
2285,4978,5,"Instrukturnya kompeten, penjelasan step by step.",2026-03-20
2286,4980,3,Lumayan membantu untuk basic knowledge.,2026-03-15
2287,4981,4,"Kursus bagus, cocok untuk pemula.",2026-05-04
2288,4982,4,"Materinya jelas dan mudah dipahami, sangat membantu!",2026-02-03
2289,4987,4,"Kursus bagus, cocok untuk pemula.",2025-06-07
2290,4988,2,Kontennya sudah agak outdated.,2026-09-07
2291,4989,5,"Instrukturnya kompeten, penjelasan step by step.",2026-09-09
2292,4991,4,"Sangat puas, worth it banget!",2025-11-30
2293,4992,5,"Instrukturnya kompeten, penjelasan step by step.",2025-07-20
2294,4996,5,"Kursus bagus, cocok untuk pemula.",2026-08-08
2295,4997,4,"Sangat puas, worth it banget!",2026-08-21
2296,4998,5,"Instrukturnya kompeten, penjelasan step by step.",2026-01-25
2297,5002,5,"Materinya jelas dan mudah dipahami, sangat membantu!",2026-08-09
2298,5005,5,"Sangat puas, worth it banget!",2025-02-13
2299,5007,5,"Kursus bagus, cocok untuk pemula.",2026-07-04
2300,5009,4,Konten up to date dan relevan dengan kebutuhan kerja.,2026-07-12
2301,5013,3,"Cukup baik, tapi bisa lebih baik lagi.",2024-12-19
2302,5014,3,Lumayan membantu untuk basic knowledge.,2025-11-09
2303,5015,3,Lumayan membantu untuk basic knowledge.,2025-04-05
2304,5016,3,"Cukup baik, tapi bisa lebih baik lagi.",2026-07-19
2305,5020,4,"Materinya jelas dan mudah dipahami, sangat membantu!",2026-08-11
2306,5023,5,Konten up to date dan relevan dengan kebutuhan kerja.,2026-07-12
2307,5025,4,"Materinya jelas dan mudah dipahami, sangat membantu!",2025-06-04
2308,5031,5,"Instrukturnya kompeten, penjelasan step by step.",2025-12-05
2309,5032,4,"Materinya jelas dan mudah dipahami, sangat membantu!",2026-08-05
2310,5033,5,"Sangat puas, worth it banget!",2025-07-25
2311,5034,4,"Kursus bagus, cocok untuk pemula.",2026-09-17
2312,5036,5,"Materinya jelas dan mudah dipahami, sangat membantu!",2026-03-15
2313,5038,5,"Sangat puas, worth it banget!",2025-10-19
2314,5039,5,"Sangat puas, worth it banget!",2025-10-24
2315,5041,5,Konten up to date dan relevan dengan kebutuhan kerja.,2026-09-06
2316,5042,5,"Materinya jelas dan mudah dipahami, sangat membantu!",2026-07-29
2317,5044,4,"Instrukturnya kompeten, penjelasan step by step.",2024-12-31
2318,5047,5,"Instrukturnya kompeten, penjelasan step by step.",2026-05-20
2319,5048,5,"Instrukturnya kompeten, penjelasan step by step.",2026-10-12
2320,5051,5,"Kursus bagus, cocok untuk pemula.",2026-02-13
2321,5052,4,"Instrukturnya kompeten, penjelasan step by step.",2026-03-19
2322,5053,5,"Sangat puas, worth it banget!",2025-05-09
2323,5055,5,"Sangat puas, worth it banget!",2025-11-10
2324,5057,5,"Instrukturnya kompeten, penjelasan step by step.",2026-01-01
2325,5058,5,"Sangat puas, worth it banget!",2026-01-10
2326,5061,4,"Kursus bagus, cocok untuk pemula.",2024-12-20
2327,5062,4,"Materinya jelas dan mudah dipahami, sangat membantu!",2026-06-25
2328,5063,5,"Sangat puas, worth it banget!",2026-09-10
2329,5064,3,"Standar saja, sesuai ekspektasi.",2026-01-13
2330,5065,5,"Kursus bagus, cocok untuk pemula.",2024-04-02
2331,5070,4,"Kursus bagus, cocok untuk pemula.",2026-10-09
2332,5071,3,"Cukup baik, tapi bisa lebih baik lagi.",2026-05-16
2333,5072,5,"Instrukturnya kompeten, penjelasan step by step.",2025-11-10
2334,5074,4,Konten up to date dan relevan dengan kebutuhan kerja.,2026-01-01
2335,5075,2,Kontennya sudah agak outdated.,2026-09-04
2336,5076,3,"Cukup baik, tapi bisa lebih baik lagi.",2025-11-06
2337,5077,4,"Kursus bagus, cocok untuk pemula.",2025-10-21
2338,5080,4,"Kursus bagus, cocok untuk pemula.",2026-08-01
2339,5084,3,Lumayan membantu untuk basic knowledge.,2026-01-07
2340,5085,5,"Materinya jelas dan mudah dipahami, sangat membantu!",2026-03-04
2341,5088,5,"Materinya jelas dan mudah dipahami, sangat membantu!",2026-04-16
2342,5090,4,"Instrukturnya kompeten, penjelasan step by step.",2025-09-26
2343,5092,5,"Instrukturnya kompeten, penjelasan step by step.",2026-08-02
2344,5094,4,"Instrukturnya kompeten, penjelasan step by step.",2026-06-11
2345,5095,5,"Instrukturnya kompeten, penjelasan step by step.",2026-03-13
2346,5097,2,Modul terlalu panjang dan membosankan.,2025-11-11
2347,5101,4,"Instrukturnya kompeten, penjelasan step by step.",2025-12-22
2348,5107,2,"Kurang studi kasus, terlalu teori.",2025-05-04
2349,5108,5,"Materinya jelas dan mudah dipahami, sangat membantu!",2026-07-29
2350,5109,1,Audio dan video kurang jelas di beberapa modul.,2026-09-28
2351,5110,5,"Instrukturnya kompeten, penjelasan step by step.",2026-09-05
2352,5112,4,"Materinya jelas dan mudah dipahami, sangat membantu!",2026-04-24
2353,5114,4,"Kursus bagus, cocok untuk pemula.",2024-05-04
2354,5116,5,Konten up to date dan relevan dengan kebutuhan kerja.,2026-04-08
2355,5119,5,Konten up to date dan relevan dengan kebutuhan kerja.,2026-07-26
2356,5121,4,"Materinya jelas dan mudah dipahami, sangat membantu!",2025-10-04
2357,5125,4,Konten up to date dan relevan dengan kebutuhan kerja.,2026-08-05
2358,5130,4,Konten up to date dan relevan dengan kebutuhan kerja.,2025-11-10
2359,5131,1,"Materinya terlalu cepat, sulit diikuti.",2025-12-29
2360,5139,5,"Instrukturnya kompeten, penjelasan step by step.",2025-01-07
2361,5140,4,Konten up to date dan relevan dengan kebutuhan kerja.,2026-07-26
2362,5142,5,"Instrukturnya kompeten, penjelasan step by step.",2026-09-28
2363,5147,4,"Instrukturnya kompeten, penjelasan step by step.",2026-02-11
2364,5148,5,"Instrukturnya kompeten, penjelasan step by step.",2026-05-11
2365,5149,5,"Instrukturnya kompeten, penjelasan step by step.",2025-07-28
2366,5156,4,"Instrukturnya kompeten, penjelasan step by step.",2026-08-01
2367,5162,5,"Kursus bagus, cocok untuk pemula.",2026-08-15
2368,5163,5,"Instrukturnya kompeten, penjelasan step by step.",2024-06-18
2369,5164,5,"Kursus bagus, cocok untuk pemula.",2026-09-24
2370,5165,5,Konten up to date dan relevan dengan kebutuhan kerja.,2026-05-07
2371,5173,4,Konten up to date dan relevan dengan kebutuhan kerja.,2025-09-27
2372,5175,5,"Instrukturnya kompeten, penjelasan step by step.",2025-11-22
2373,5176,5,"Sangat puas, worth it banget!",2026-03-20
2374,5179,5,"Sangat puas, worth it banget!",2026-08-23
2375,5181,5,Konten up to date dan relevan dengan kebutuhan kerja.,2025-10-24
2376,5182,5,"Instrukturnya kompeten, penjelasan step by step.",2026-05-13
2377,5184,5,Konten up to date dan relevan dengan kebutuhan kerja.,2026-06-20
2378,5185,5,"Instrukturnya kompeten, penjelasan step by step.",2026-08-09
2379,5188,4,"Instrukturnya kompeten, penjelasan step by step.",2025-10-19
2380,5196,5,"Sangat puas, worth it banget!",2025-04-07
2381,5198,5,Konten up to date dan relevan dengan kebutuhan kerja.,2026-08-20
2382,5199,3,Lumayan membantu untuk basic knowledge.,2026-08-29
2383,5202,1,Kontennya sudah agak outdated.,2026-04-05
2384,5204,4,Konten up to date dan relevan dengan kebutuhan kerja.,2026-02-15
2385,5205,4,"Sangat puas, worth it banget!",2026-06-08
2386,5207,4,"Instrukturnya kompeten, penjelasan step by step.",2026-08-03
2387,5208,2,Audio dan video kurang jelas di beberapa modul.,2025-02-22
2388,5209,5,"Sangat puas, worth it banget!",2025-11-15
2389,5212,5,"Sangat puas, worth it banget!",2026-05-20
2390,5216,4,"Instrukturnya kompeten, penjelasan step by step.",2026-01-26
2391,5217,4,"Instrukturnya kompeten, penjelasan step by step.",2025-08-30
2392,5218,5,"Kursus bagus, cocok untuk pemula.",2024-10-13
2393,5219,5,"Instrukturnya kompeten, penjelasan step by step.",2025-02-05
2394,5220,4,"Instrukturnya kompeten, penjelasan step by step.",2026-08-14
2395,5221,4,"Sangat puas, worth it banget!",2026-09-25
2396,5224,5,"Materinya jelas dan mudah dipahami, sangat membantu!",2026-07-28
2397,5225,5,"Sangat puas, worth it banget!",2024-10-25
2398,5226,5,"Kursus bagus, cocok untuk pemula.",2026-04-09
2399,5228,5,Konten up to date dan relevan dengan kebutuhan kerja.,2025-10-13
2400,5230,4,"Instrukturnya kompeten, penjelasan step by step.",2025-12-27
2401,5231,4,"Sangat puas, worth it banget!",2024-12-18
2402,5234,4,"Kursus bagus, cocok untuk pemula.",2026-09-20
2403,5237,5,Konten up to date dan relevan dengan kebutuhan kerja.,2026-07-03
2404,5238,2,Kontennya sudah agak outdated.,2026-05-23
2405,5239,5,"Sangat puas, worth it banget!",2026-05-16
2406,5243,4,"Kursus bagus, cocok untuk pemula.",2026-09-22
2407,5246,1,"Materinya terlalu cepat, sulit diikuti.",2026-10-26
2408,5251,4,Konten up to date dan relevan dengan kebutuhan kerja.,2026-04-07
2409,5253,3,"Standar saja, sesuai ekspektasi.",2024-10-17
2410,5256,4,"Kursus bagus, cocok untuk pemula.",2025-03-18
2411,5258,5,"Kursus bagus, cocok untuk pemula.",2026-08-18
2412,5263,5,"Materinya jelas dan mudah dipahami, sangat membantu!",2026-07-14
2413,5268,4,"Sangat puas, worth it banget!",2026-05-19
2414,5272,4,"Materinya jelas dan mudah dipahami, sangat membantu!",2026-05-29
2415,5273,1,"Kurang studi kasus, terlalu teori.",2026-07-28
2416,5278,5,"Kursus bagus, cocok untuk pemula.",2025-08-05
2417,5283,2,Modul terlalu panjang dan membosankan.,2026-09-14
2418,5285,3,"Cukup baik, tapi bisa lebih baik lagi.",2025-01-23
2419,5286,4,Konten up to date dan relevan dengan kebutuhan kerja.,2024-06-06
2420,5288,5,"Sangat puas, worth it banget!",2026-03-14
2421,5291,4,"Kursus bagus, cocok untuk pemula.",2025-11-28
2422,5293,4,"Sangat puas, worth it banget!",2025-12-29
2423,5295,4,Konten up to date dan relevan dengan kebutuhan kerja.,2025-10-30
2424,5297,2,"Materinya terlalu cepat, sulit diikuti.",2026-08-31
2425,5298,5,"Sangat puas, worth it banget!",2026-07-16
2426,5301,5,"Sangat puas, worth it banget!",2026-08-06
2427,5303,5,Konten up to date dan relevan dengan kebutuhan kerja.,2026-06-25
2428,5306,4,Konten up to date dan relevan dengan kebutuhan kerja.,2026-02-23
2429,5307,5,"Instrukturnya kompeten, penjelasan step by step.",2023-11-10
2430,5308,5,Konten up to date dan relevan dengan kebutuhan kerja.,2025-07-19
2431,5312,5,"Kursus bagus, cocok untuk pemula.",2026-04-19
2432,5315,4,"Materinya jelas dan mudah dipahami, sangat membantu!",2026-07-09
2433,5316,5,"Materinya jelas dan mudah dipahami, sangat membantu!",2025-11-04
2434,5317,4,"Kursus bagus, cocok untuk pemula.",2026-07-18
2435,5321,5,"Kursus bagus, cocok untuk pemula.",2026-06-18
2436,5322,4,"Materinya jelas dan mudah dipahami, sangat membantu!",2025-09-23
2437,5324,5,Konten up to date dan relevan dengan kebutuhan kerja.,2026-02-03
2438,5325,4,"Sangat puas, worth it banget!",2026-08-16
2439,5327,5,Konten up to date dan relevan dengan kebutuhan kerja.,2026-08-20
2440,5329,5,Konten up to date dan relevan dengan kebutuhan kerja.,2026-09-14
2441,5331,5,Konten up to date dan relevan dengan kebutuhan kerja.,2026-08-05
2442,5333,3,"Cukup baik, tapi bisa lebih baik lagi.",2024-06-04
2443,5334,4,Konten up to date dan relevan dengan kebutuhan kerja.,2026-03-27
2444,5337,4,"Kursus bagus, cocok untuk pemula.",2026-08-04
2445,5338,5,"Sangat puas, worth it banget!",2026-07-08
2446,5342,3,Lumayan membantu untuk basic knowledge.,2026-07-03
2447,5343,4,"Materinya jelas dan mudah dipahami, sangat membantu!",2026-05-02
2448,5346,4,"Instrukturnya kompeten, penjelasan step by step.",2025-09-06
2449,5348,2,"Kurang studi kasus, terlalu teori.",2026-05-14
2450,5349,2,"Kurang studi kasus, terlalu teori.",2026-05-04
2451,5351,5,"Kursus bagus, cocok untuk pemula.",2026-06-28
2452,5354,5,Konten up to date dan relevan dengan kebutuhan kerja.,2025-04-01
2453,5356,5,"Instrukturnya kompeten, penjelasan step by step.",2026-07-17
2454,5358,4,"Instrukturnya kompeten, penjelasan step by step.",2025-06-14
2455,5359,4,"Sangat puas, worth it banget!",2025-10-04
2456,5361,1,"Materinya terlalu cepat, sulit diikuti.",2026-03-01
2457,5362,3,"Cukup baik, tapi bisa lebih baik lagi.",2026-03-10
2458,5363,4,Konten up to date dan relevan dengan kebutuhan kerja.,2026-05-16
2459,5364,4,"Instrukturnya kompeten, penjelasan step by step.",2026-05-05
2460,5368,5,"Kursus bagus, cocok untuk pemula.",2026-10-10
2461,5369,5,"Instrukturnya kompeten, penjelasan step by step.",2024-11-03
2462,5370,5,"Instrukturnya kompeten, penjelasan step by step.",2024-12-19
2463,5372,5,"Instrukturnya kompeten, penjelasan step by step.",2025-12-19
2464,5374,4,"Kursus bagus, cocok untuk pemula.",2025-08-28
2465,5375,4,Konten up to date dan relevan dengan kebutuhan kerja.,2026-02-01
2466,5376,5,"Materinya jelas dan mudah dipahami, sangat membantu!",2026-06-25
2467,5378,5,Konten up to date dan relevan dengan kebutuhan kerja.,2026-07-11
2468,5386,4,"Materinya jelas dan mudah dipahami, sangat membantu!",2024-09-07
2469,5389,5,"Instrukturnya kompeten, penjelasan step by step.",2026-03-09
2470,5390,4,"Sangat puas, worth it banget!",2026-07-09
2471,5393,5,"Kursus bagus, cocok untuk pemula.",2025-11-03
2472,5396,5,"Kursus bagus, cocok untuk pemula.",2026-09-11
2473,5401,5,Konten up to date dan relevan dengan kebutuhan kerja.,2026-08-21
2474,5402,3,"Cukup baik, tapi bisa lebih baik lagi.",2026-02-24
2475,5405,4,"Kursus bagus, cocok untuk pemula.",2026-09-15
2476,5406,5,"Sangat puas, worth it banget!",2026-05-07
2477,5407,2,"Materinya terlalu cepat, sulit diikuti.",2026-05-08
2478,5408,4,"Instrukturnya kompeten, penjelasan step by step.",2026-03-11
2479,5411,4,Konten up to date dan relevan dengan kebutuhan kerja.,2026-03-22
2480,5412,5,"Kursus bagus, cocok untuk pemula.",2026-02-01
2481,5414,5,"Sangat puas, worth it banget!",2026-05-13
2482,5417,5,"Materinya jelas dan mudah dipahami, sangat membantu!",2025-11-09
2483,5418,4,"Sangat puas, worth it banget!",2026-08-09
2484,5419,3,Lumayan membantu untuk basic knowledge.,2025-01-24
2485,5421,4,"Materinya jelas dan mudah dipahami, sangat membantu!",2026-06-13
2486,5423,5,"Kursus bagus, cocok untuk pemula.",2026-05-23
2487,5425,5,"Sangat puas, worth it banget!",2026-08-07
2488,5426,4,"Materinya jelas dan mudah dipahami, sangat membantu!",2026-09-30
2489,5429,5,"Instrukturnya kompeten, penjelasan step by step.",2025-12-13
2490,5430,3,"Cukup baik, tapi bisa lebih baik lagi.",2026-03-09
2491,5431,4,"Materinya jelas dan mudah dipahami, sangat membantu!",2026-01-22
2492,5435,5,"Materinya jelas dan mudah dipahami, sangat membantu!",2026-03-04
2493,5437,5,"Sangat puas, worth it banget!",2025-10-13
2494,5438,4,"Sangat puas, worth it banget!",2026-02-05
2495,5439,4,Konten up to date dan relevan dengan kebutuhan kerja.,2026-03-21
2496,5440,5,Konten up to date dan relevan dengan kebutuhan kerja.,2025-11-23
2497,5441,5,Konten up to date dan relevan dengan kebutuhan kerja.,2025-10-28
2498,5445,4,"Materinya jelas dan mudah dipahami, sangat membantu!",2026-07-08
2499,5446,5,"Materinya jelas dan mudah dipahami, sangat membantu!",2025-12-13
2500,5448,3,Lumayan membantu untuk basic knowledge.,2026-05-06
2501,5450,2,"Kurang studi kasus, terlalu teori.",2025-07-29
2502,5451,5,"Kursus bagus, cocok untuk pemula.",2024-06-25
2503,5453,5,"Instrukturnya kompeten, penjelasan step by step.",2025-08-12
2504,5455,3,"Standar saja, sesuai ekspektasi.",2025-09-01
2505,5456,5,"Materinya jelas dan mudah dipahami, sangat membantu!",2026-07-03
2506,5458,5,"Instrukturnya kompeten, penjelasan step by step.",2026-05-09
2507,5459,4,"Materinya jelas dan mudah dipahami, sangat membantu!",2026-10-09
2508,5461,3,Lumayan membantu untuk basic knowledge.,2026-05-20
2509,5466,5,Konten up to date dan relevan dengan kebutuhan kerja.,2026-10-01
2510,5467,4,"Instrukturnya kompeten, penjelasan step by step.",2025-09-14
2511,5468,5,Konten up to date dan relevan dengan kebutuhan kerja.,2025-06-08
2512,5470,1,"Materinya terlalu cepat, sulit diikuti.",2026-07-22
2513,5471,4,"Instrukturnya kompeten, penjelasan step by step.",2026-10-01
2514,5473,5,"Instrukturnya kompeten, penjelasan step by step.",2025-02-05
2515,5474,4,"Materinya jelas dan mudah dipahami, sangat membantu!",2026-01-05
2516,5475,1,"Kurang studi kasus, terlalu teori.",2026-01-27
2517,5478,4,"Instrukturnya kompeten, penjelasan step by step.",2026-08-30
2518,5479,5,"Materinya jelas dan mudah dipahami, sangat membantu!",2026-04-26
2519,5481,5,"Materinya jelas dan mudah dipahami, sangat membantu!",2025-12-20
2520,5485,4,"Sangat puas, worth it banget!",2026-09-16
2521,5486,5,"Sangat puas, worth it banget!",2026-07-15
2522,5487,4,"Kursus bagus, cocok untuk pemula.",2025-11-02
2523,5488,3,Lumayan membantu untuk basic knowledge.,2025-04-29
2524,5492,3,"Standar saja, sesuai ekspektasi.",2025-12-13
2525,5494,5,Konten up to date dan relevan dengan kebutuhan kerja.,2026-01-09
2526,5495,5,"Kursus bagus, cocok untuk pemula.",2026-06-07
2527,5496,3,"Cukup baik, tapi bisa lebih baik lagi.",2025-05-29
2528,5499,1,Audio dan video kurang jelas di beberapa modul.,2026-06-04
2529,5501,4,"Kursus bagus, cocok untuk pemula.",2026-07-21
2530,5502,3,"Standar saja, sesuai ekspektasi.",2025-07-06
2531,5503,4,"Materinya jelas dan mudah dipahami, sangat membantu!",2026-08-23
2532,5507,4,"Sangat puas, worth it banget!",2025-12-27
2533,5510,5,"Sangat puas, worth it banget!",2025-11-08
2534,5511,5,"Kursus bagus, cocok untuk pemula.",2026-03-25
2535,5512,5,"Materinya jelas dan mudah dipahami, sangat membantu!",2026-07-01
2536,5513,5,"Instrukturnya kompeten, penjelasan step by step.",2025-06-06
2537,5514,5,"Instrukturnya kompeten, penjelasan step by step.",2025-12-15
2538,5521,3,"Cukup baik, tapi bisa lebih baik lagi.",2026-03-28
2539,5522,5,"Instrukturnya kompeten, penjelasan step by step.",2025-02-03
2540,5523,5,"Sangat puas, worth it banget!",2025-12-16
2541,5531,5,"Materinya jelas dan mudah dipahami, sangat membantu!",2026-04-22
2542,5532,5,"Instrukturnya kompeten, penjelasan step by step.",2026-04-05
2543,5534,4,Konten up to date dan relevan dengan kebutuhan kerja.,2026-08-04
2544,5538,3,Lumayan membantu untuk basic knowledge.,2025-11-15
2545,5540,3,"Cukup baik, tapi bisa lebih baik lagi.",2025-11-05
2546,5541,5,"Sangat puas, worth it banget!",2026-08-28
2547,5545,4,Konten up to date dan relevan dengan kebutuhan kerja.,2025-03-10
2548,5547,5,"Materinya jelas dan mudah dipahami, sangat membantu!",2024-03-23
2549,5549,5,Konten up to date dan relevan dengan kebutuhan kerja.,2024-02-29
2550,5550,3,Lumayan membantu untuk basic knowledge.,2026-01-09
2551,5551,4,Konten up to date dan relevan dengan kebutuhan kerja.,2026-06-06
2552,5555,5,"Sangat puas, worth it banget!",2026-09-13
2553,5556,4,"Sangat puas, worth it banget!",2026-07-17
2554,5557,5,"Kursus bagus, cocok untuk pemula.",2025-12-06
2555,5562,5,"Materinya jelas dan mudah dipahami, sangat membantu!",2026-01-10
2556,5565,4,"Instrukturnya kompeten, penjelasan step by step.",2026-03-23
2557,5566,5,"Instrukturnya kompeten, penjelasan step by step.",2026-02-11
2558,5567,1,"Kurang studi kasus, terlalu teori.",2025-11-15
2559,5574,4,Konten up to date dan relevan dengan kebutuhan kerja.,2026-08-22
2560,5575,5,"Materinya jelas dan mudah dipahami, sangat membantu!",2026-04-14
2561,5576,4,Konten up to date dan relevan dengan kebutuhan kerja.,2026-01-25
2562,5577,4,Konten up to date dan relevan dengan kebutuhan kerja.,2026-03-24
2563,5578,5,"Instrukturnya kompeten, penjelasan step by step.",2025-07-22
2564,5580,4,"Materinya jelas dan mudah dipahami, sangat membantu!",2024-06-30
2565,5581,4,"Instrukturnya kompeten, penjelasan step by step.",2026-04-29
2566,5584,5,Konten up to date dan relevan dengan kebutuhan kerja.,2025-12-26
2567,5586,5,"Materinya jelas dan mudah dipahami, sangat membantu!",2026-04-14
2568,5587,4,"Instrukturnya kompeten, penjelasan step by step.",2025-08-23
2569,5589,3,"Cukup baik, tapi bisa lebih baik lagi.",2026-02-22
2570,5592,5,Konten up to date dan relevan dengan kebutuhan kerja.,2026-08-04
2571,5593,3,"Standar saja, sesuai ekspektasi.",2025-05-05
2572,5594,4,"Sangat puas, worth it banget!",2025-09-17
2573,5596,4,"Instrukturnya kompeten, penjelasan step by step.",2025-06-12
2574,5598,3,Lumayan membantu untuk basic knowledge.,2026-08-14
2575,5599,4,"Sangat puas, worth it banget!",2026-10-07
2576,5604,5,"Sangat puas, worth it banget!",2026-07-15
2577,5605,4,Konten up to date dan relevan dengan kebutuhan kerja.,2025-05-22
2578,5607,1,Audio dan video kurang jelas di beberapa modul.,2026-08-04
2579,5608,4,"Instrukturnya kompeten, penjelasan step by step.",2024-11-23
2580,5610,3,"Standar saja, sesuai ekspektasi.",2026-04-14
2581,5617,5,"Kursus bagus, cocok untuk pemula.",2026-05-05
2582,5618,3,Lumayan membantu untuk basic knowledge.,2026-03-27
2583,5622,3,"Standar saja, sesuai ekspektasi.",2026-09-19
2584,5625,3,"Standar saja, sesuai ekspektasi.",2025-05-30
2585,5627,3,"Cukup baik, tapi bisa lebih baik lagi.",2025-08-14
2586,5629,3,"Standar saja, sesuai ekspektasi.",2026-06-05
2587,5631,5,Konten up to date dan relevan dengan kebutuhan kerja.,2026-04-12
2588,5633,3,"Cukup baik, tapi bisa lebih baik lagi.",2025-08-22
2589,5634,4,"Kursus bagus, cocok untuk pemula.",2026-10-12
2590,5636,4,Konten up to date dan relevan dengan kebutuhan kerja.,2026-05-13
2591,5637,5,"Instrukturnya kompeten, penjelasan step by step.",2025-07-26
2592,5638,4,Konten up to date dan relevan dengan kebutuhan kerja.,2025-12-21
2593,5640,4,"Sangat puas, worth it banget!",2026-08-23
2594,5641,5,Konten up to date dan relevan dengan kebutuhan kerja.,2025-12-20
2595,5642,5,"Materinya jelas dan mudah dipahami, sangat membantu!",2026-01-25
2596,5645,5,"Instrukturnya kompeten, penjelasan step by step.",2026-01-06
2597,5646,5,Konten up to date dan relevan dengan kebutuhan kerja.,2026-05-09
2598,5648,5,Konten up to date dan relevan dengan kebutuhan kerja.,2026-06-10
2599,5655,5,"Materinya jelas dan mudah dipahami, sangat membantu!",2026-08-22
2600,5658,4,"Materinya jelas dan mudah dipahami, sangat membantu!",2026-05-15
2601,5662,5,"Instrukturnya kompeten, penjelasan step by step.",2026-07-15
2602,5663,4,"Kursus bagus, cocok untuk pemula.",2026-07-04
2603,5665,4,"Instrukturnya kompeten, penjelasan step by step.",2026-06-07
2604,5668,4,"Instrukturnya kompeten, penjelasan step by step.",2026-04-06
2605,5670,4,"Instrukturnya kompeten, penjelasan step by step.",2024-09-28
2606,5674,1,"Materinya terlalu cepat, sulit diikuti.",2026-06-12
2607,5676,4,"Instrukturnya kompeten, penjelasan step by step.",2025-09-05
2608,5677,5,Konten up to date dan relevan dengan kebutuhan kerja.,2026-03-22
2609,5679,3,"Cukup baik, tapi bisa lebih baik lagi.",2025-12-29
2610,5680,3,Lumayan membantu untuk basic knowledge.,2025-04-27
2611,5682,5,"Materinya jelas dan mudah dipahami, sangat membantu!",2026-05-01
2612,5683,5,Konten up to date dan relevan dengan kebutuhan kerja.,2025-10-16
2613,5684,1,"Kurang studi kasus, terlalu teori.",2024-11-19
2614,5686,5,"Instrukturnya kompeten, penjelasan step by step.",2026-07-15
2615,5689,5,"Kursus bagus, cocok untuk pemula.",2026-07-27
2616,5690,4,"Materinya jelas dan mudah dipahami, sangat membantu!",2025-10-08
2617,5691,4,"Sangat puas, worth it banget!",2025-10-31
2618,5692,4,"Materinya jelas dan mudah dipahami, sangat membantu!",2026-09-03
2619,5693,5,Konten up to date dan relevan dengan kebutuhan kerja.,2025-12-07
2620,5694,2,Modul terlalu panjang dan membosankan.,2025-12-26
2621,5697,4,"Sangat puas, worth it banget!",2026-06-25
2622,5699,5,Konten up to date dan relevan dengan kebutuhan kerja.,2026-05-15
2623,5704,5,"Instrukturnya kompeten, penjelasan step by step.",2025-11-20
2624,5705,4,Konten up to date dan relevan dengan kebutuhan kerja.,2025-08-23
2625,5707,5,"Kursus bagus, cocok untuk pemula.",2025-11-08
2626,5709,5,Konten up to date dan relevan dengan kebutuhan kerja.,2026-04-25
2627,5713,5,Konten up to date dan relevan dengan kebutuhan kerja.,2026-03-17
2628,5715,5,"Materinya jelas dan mudah dipahami, sangat membantu!",2026-10-18
2629,5716,4,"Sangat puas, worth it banget!",2025-07-21
2630,5717,4,"Sangat puas, worth it banget!",2025-05-10
2631,5721,5,Konten up to date dan relevan dengan kebutuhan kerja.,2026-10-03
2632,5722,5,Konten up to date dan relevan dengan kebutuhan kerja.,2026-05-14
2633,5723,5,"Kursus bagus, cocok untuk pemula.",2026-04-07
2634,5724,2,Audio dan video kurang jelas di beberapa modul.,2026-02-07
2635,5729,3,"Cukup baik, tapi bisa lebih baik lagi.",2026-05-17
2636,5731,2,"Materinya terlalu cepat, sulit diikuti.",2026-04-08
2637,5738,4,"Materinya jelas dan mudah dipahami, sangat membantu!",2025-12-05
2638,5739,5,Konten up to date dan relevan dengan kebutuhan kerja.,2026-06-25
2639,5740,5,"Kursus bagus, cocok untuk pemula.",2025-10-14
2640,5746,4,"Kursus bagus, cocok untuk pemula.",2026-07-28
2641,5748,3,"Standar saja, sesuai ekspektasi.",2026-03-25
2642,5750,2,Kontennya sudah agak outdated.,2026-01-09
2643,5752,3,"Cukup baik, tapi bisa lebih baik lagi.",2026-06-29
2644,5753,5,"Sangat puas, worth it banget!",2026-07-24
2645,5755,1,"Materinya terlalu cepat, sulit diikuti.",2024-06-17
2646,5757,4,"Kursus bagus, cocok untuk pemula.",2026-08-08
2647,5760,5,"Instrukturnya kompeten, penjelasan step by step.",2026-05-19
2648,5762,5,"Instrukturnya kompeten, penjelasan step by step.",2026-08-29
2649,5765,5,"Sangat puas, worth it banget!",2026-09-09
2650,5766,4,"Instrukturnya kompeten, penjelasan step by step.",2026-05-17
2651,5768,4,"Kursus bagus, cocok untuk pemula.",2026-10-06
2652,5770,5,"Materinya jelas dan mudah dipahami, sangat membantu!",2026-06-24
2653,5771,4,"Kursus bagus, cocok untuk pemula.",2026-08-18
2654,5775,5,"Kursus bagus, cocok untuk pemula.",2026-03-15
2655,5777,5,"Kursus bagus, cocok untuk pemula.",2026-06-21
2656,5782,3,"Cukup baik, tapi bisa lebih baik lagi.",2026-09-17
2657,5783,4,"Materinya jelas dan mudah dipahami, sangat membantu!",2026-01-26
2658,5785,4,"Kursus bagus, cocok untuk pemula.",2026-05-09
2659,5786,4,"Sangat puas, worth it banget!",2026-07-18
2660,5789,4,"Sangat puas, worth it banget!",2026-06-19
2661,5793,5,"Sangat puas, worth it banget!",2025-07-04
2662,5795,1,"Kurang studi kasus, terlalu teori.",2025-12-04
2663,5798,4,"Sangat puas, worth it banget!",2026-09-19
2664,5799,5,Konten up to date dan relevan dengan kebutuhan kerja.,2025-05-13
2665,5800,5,"Sangat puas, worth it banget!",2026-06-19
2666,5804,4,"Sangat puas, worth it banget!",2026-03-13
2667,5805,5,Konten up to date dan relevan dengan kebutuhan kerja.,2026-07-25
2668,5807,5,"Sangat puas, worth it banget!",2026-02-09
2669,5810,4,"Sangat puas, worth it banget!",2026-06-25
2670,5811,4,"Materinya jelas dan mudah dipahami, sangat membantu!",2025-07-10
2671,5813,5,Konten up to date dan relevan dengan kebutuhan kerja.,2025-12-18
2672,5815,4,"Instrukturnya kompeten, penjelasan step by step.",2025-12-28
2673,5816,5,"Kursus bagus, cocok untuk pemula.",2026-02-24
2674,5817,5,"Materinya jelas dan mudah dipahami, sangat membantu!",2026-05-13
2675,5818,4,"Instrukturnya kompeten, penjelasan step by step.",2026-05-06
2676,5820,5,"Sangat puas, worth it banget!",2026-03-05
2677,5821,5,"Sangat puas, worth it banget!",2026-05-08
2678,5822,5,"Instrukturnya kompeten, penjelasan step by step.",2026-08-06
2679,5823,5,"Materinya jelas dan mudah dipahami, sangat membantu!",2025-07-09
2680,5824,3,Lumayan membantu untuk basic knowledge.,2024-08-27
2681,5826,5,"Sangat puas, worth it banget!",2026-08-11
2682,5828,5,"Instrukturnya kompeten, penjelasan step by step.",2026-03-31
2683,5829,3,Lumayan membantu untuk basic knowledge.,2026-01-09
2684,5835,3,"Standar saja, sesuai ekspektasi.",2025-07-05
2685,5837,5,"Kursus bagus, cocok untuk pemula.",2026-04-15
2686,5839,4,"Kursus bagus, cocok untuk pemula.",2026-07-08
2687,5840,4,Konten up to date dan relevan dengan kebutuhan kerja.,2026-03-09
2688,5845,4,"Instrukturnya kompeten, penjelasan step by step.",2026-08-14
2689,5848,2,Modul terlalu panjang dan membosankan.,2026-01-20
2690,5849,3,Lumayan membantu untuk basic knowledge.,2025-04-13
2691,5851,4,"Sangat puas, worth it banget!",2026-09-30
2692,5854,5,"Kursus bagus, cocok untuk pemula.",2026-06-17
2693,5855,5,"Kursus bagus, cocok untuk pemula.",2025-07-04
2694,5858,5,Konten up to date dan relevan dengan kebutuhan kerja.,2026-05-22
2695,5859,4,"Kursus bagus, cocok untuk pemula.",2026-07-13
2696,5860,5,"Sangat puas, worth it banget!",2026-06-23
2697,5862,3,"Standar saja, sesuai ekspektasi.",2026-07-11
2698,5864,5,"Sangat puas, worth it banget!",2026-01-23
2699,5865,4,Konten up to date dan relevan dengan kebutuhan kerja.,2025-12-10
2700,5866,3,Lumayan membantu untuk basic knowledge.,2025-03-02
2701,5867,4,"Kursus bagus, cocok untuk pemula.",2024-03-16
2702,5872,5,Konten up to date dan relevan dengan kebutuhan kerja.,2026-06-26
2703,5873,5,"Materinya jelas dan mudah dipahami, sangat membantu!",2025-07-06
2704,5876,3,Lumayan membantu untuk basic knowledge.,2026-07-03
2705,5878,4,"Materinya jelas dan mudah dipahami, sangat membantu!",2026-06-13
2706,5880,4,"Instrukturnya kompeten, penjelasan step by step.",2026-10-20
2707,5881,4,"Kursus bagus, cocok untuk pemula.",2024-09-25
2708,5884,5,"Instrukturnya kompeten, penjelasan step by step.",2026-05-06
2709,5894,4,"Materinya jelas dan mudah dipahami, sangat membantu!",2026-06-18
2710,5895,3,Lumayan membantu untuk basic knowledge.,2026-07-14
2711,5896,4,"Instrukturnya kompeten, penjelasan step by step.",2026-03-02
2712,5902,4,Konten up to date dan relevan dengan kebutuhan kerja.,2025-03-23
2713,5903,5,"Instrukturnya kompeten, penjelasan step by step.",2025-01-09
2714,5912,2,"Materinya terlalu cepat, sulit diikuti.",2026-05-23
2715,5913,5,"Sangat puas, worth it banget!",2026-05-06
2716,5916,5,"Materinya jelas dan mudah dipahami, sangat membantu!",2026-04-19
2717,5917,5,"Materinya jelas dan mudah dipahami, sangat membantu!",2026-06-13
2718,5920,4,Konten up to date dan relevan dengan kebutuhan kerja.,2025-05-11
2719,5921,4,"Kursus bagus, cocok untuk pemula.",2024-10-04
2720,5925,4,Konten up to date dan relevan dengan kebutuhan kerja.,2025-04-07
2721,5926,4,"Instrukturnya kompeten, penjelasan step by step.",2023-09-06
2722,5929,1,"Materinya terlalu cepat, sulit diikuti.",2024-11-20
2723,5930,3,Lumayan membantu untuk basic knowledge.,2026-08-30
2724,5933,4,"Kursus bagus, cocok untuk pemula.",2025-10-06
2725,5934,3,Lumayan membantu untuk basic knowledge.,2026-02-25
2726,5935,5,"Instrukturnya kompeten, penjelasan step by step.",2026-09-12
2727,5937,5,"Sangat puas, worth it banget!",2025-07-28
2728,5938,1,Audio dan video kurang jelas di beberapa modul.,2026-06-06
2729,5940,4,"Materinya jelas dan mudah dipahami, sangat membantu!",2024-11-26
2730,5942,2,Modul terlalu panjang dan membosankan.,2026-05-18
2731,5943,3,"Standar saja, sesuai ekspektasi.",2026-09-08
2732,5947,5,"Sangat puas, worth it banget!",2026-04-15
2733,5951,4,Konten up to date dan relevan dengan kebutuhan kerja.,2026-06-08
2734,5952,3,"Cukup baik, tapi bisa lebih baik lagi.",2026-06-02
2735,5954,5,"Materinya jelas dan mudah dipahami, sangat membantu!",2026-04-26
2736,5955,4,"Instrukturnya kompeten, penjelasan step by step.",2024-09-18
2737,5960,5,"Materinya jelas dan mudah dipahami, sangat membantu!",2026-03-16
2738,5961,4,"Kursus bagus, cocok untuk pemula.",2026-07-08
2739,5962,4,"Materinya jelas dan mudah dipahami, sangat membantu!",2025-09-14
2740,5964,4,"Materinya jelas dan mudah dipahami, sangat membantu!",2026-09-08
2741,5969,5,"Instrukturnya kompeten, penjelasan step by step.",2025-12-15
2742,5971,5,"Sangat puas, worth it banget!",2026-04-28
2743,5973,3,"Standar saja, sesuai ekspektasi.",2026-09-04
2744,5975,4,"Materinya jelas dan mudah dipahami, sangat membantu!",2025-11-22
2745,5976,4,"Kursus bagus, cocok untuk pemula.",2026-01-05
2746,5977,3,Lumayan membantu untuk basic knowledge.,2025-09-15
2747,5978,3,Lumayan membantu untuk basic knowledge.,2025-04-12
2748,5979,4,"Instrukturnya kompeten, penjelasan step by step.",2026-10-03
2749,5980,5,"Materinya jelas dan mudah dipahami, sangat membantu!",2025-07-04
2750,5981,5,"Sangat puas, worth it banget!",2025-07-05
2751,5988,4,"Instrukturnya kompeten, penjelasan step by step.",2026-08-08
2752,5992,5,"Instrukturnya kompeten, penjelasan step by step.",2025-11-26
2753,5995,4,Konten up to date dan relevan dengan kebutuhan kerja.,2026-03-25
2754,5996,4,"Materinya jelas dan mudah dipahami, sangat membantu!",2026-09-22
2755,5997,5,"Materinya jelas dan mudah dipahami, sangat membantu!",2025-01-28
2756,6002,4,"Instrukturnya kompeten, penjelasan step by step.",2026-06-15
2757,6003,3,"Standar saja, sesuai ekspektasi.",2024-04-14
2758,6004,4,"Instrukturnya kompeten, penjelasan step by step.",2026-04-24
2759,6008,4,"Sangat puas, worth it banget!",2026-06-06
2760,6009,5,"Kursus bagus, cocok untuk pemula.",2025-04-04
2761,6010,4,"Instrukturnya kompeten, penjelasan step by step.",2026-07-14
2762,6014,5,"Sangat puas, worth it banget!",2026-05-06
2763,6015,5,"Instrukturnya kompeten, penjelasan step by step.",2026-05-11
2764,6017,4,"Instrukturnya kompeten, penjelasan step by step.",2025-07-17
2765,6019,3,Lumayan membantu untuk basic knowledge.,2026-06-19
2766,6024,3,"Standar saja, sesuai ekspektasi.",2025-01-07
2767,6025,4,"Instrukturnya kompeten, penjelasan step by step.",2026-04-18
2768,6026,4,"Materinya jelas dan mudah dipahami, sangat membantu!",2026-01-04
2769,6028,4,"Materinya jelas dan mudah dipahami, sangat membantu!",2025-01-26
2770,6030,5,"Kursus bagus, cocok untuk pemula.",2025-11-28
2771,6031,5,Konten up to date dan relevan dengan kebutuhan kerja.,2026-03-21
2772,6036,4,"Materinya jelas dan mudah dipahami, sangat membantu!",2026-05-05
2773,6038,2,Kontennya sudah agak outdated.,2025-08-17
2774,6045,4,Konten up to date dan relevan dengan kebutuhan kerja.,2025-11-08
2775,6049,2,Modul terlalu panjang dan membosankan.,2026-03-18
2776,6050,5,"Sangat puas, worth it banget!",2025-12-27
2777,6053,5,"Instrukturnya kompeten, penjelasan step by step.",2026-08-20
2778,6059,5,"Kursus bagus, cocok untuk pemula.",2026-10-24
2779,6062,4,"Sangat puas, worth it banget!",2026-03-20
2780,6064,1,"Materinya terlalu cepat, sulit diikuti.",2025-09-25
2781,6065,3,Lumayan membantu untuk basic knowledge.,2025-11-26
2782,6068,2,Modul terlalu panjang dan membosankan.,2026-09-30
2783,6069,5,"Instrukturnya kompeten, penjelasan step by step.",2026-09-04
2784,6070,4,Konten up to date dan relevan dengan kebutuhan kerja.,2025-07-11
2785,6071,3,"Cukup baik, tapi bisa lebih baik lagi.",2026-10-12
2786,6075,4,"Sangat puas, worth it banget!",2026-06-16
2787,6077,4,"Sangat puas, worth it banget!",2026-02-14
2788,6078,4,"Sangat puas, worth it banget!",2026-06-30
2789,6079,5,"Instrukturnya kompeten, penjelasan step by step.",2025-04-02
2790,6082,4,"Instrukturnya kompeten, penjelasan step by step.",2026-10-08
2791,6083,5,"Sangat puas, worth it banget!",2026-04-14
2792,6087,5,"Instrukturnya kompeten, penjelasan step by step.",2025-11-24
2793,6092,5,"Instrukturnya kompeten, penjelasan step by step.",2026-04-15
2794,6094,5,"Kursus bagus, cocok untuk pemula.",2026-04-09
2795,6099,4,Konten up to date dan relevan dengan kebutuhan kerja.,2024-12-05
2796,6100,3,"Cukup baik, tapi bisa lebih baik lagi.",2026-07-17
2797,6101,4,"Materinya jelas dan mudah dipahami, sangat membantu!",2026-05-01
2798,6102,3,Lumayan membantu untuk basic knowledge.,2025-12-30
2799,6103,3,"Standar saja, sesuai ekspektasi.",2025-08-09
2800,6104,5,Konten up to date dan relevan dengan kebutuhan kerja.,2026-09-25
2801,6105,4,"Kursus bagus, cocok untuk pemula.",2026-03-25
2802,6109,5,"Kursus bagus, cocok untuk pemula.",2026-01-27
2803,6112,5,"Sangat puas, worth it banget!",2025-12-24
2804,6113,5,Konten up to date dan relevan dengan kebutuhan kerja.,2025-10-24
2805,6118,5,Konten up to date dan relevan dengan kebutuhan kerja.,2026-08-05
2806,6122,5,Konten up to date dan relevan dengan kebutuhan kerja.,2026-04-05
2807,6123,5,Konten up to date dan relevan dengan kebutuhan kerja.,2026-09-24
2808,6126,5,"Instrukturnya kompeten, penjelasan step by step.",2026-01-28
2809,6127,4,"Kursus bagus, cocok untuk pemula.",2025-09-19
2810,6128,5,"Kursus bagus, cocok untuk pemula.",2025-04-29
2811,6129,4,Konten up to date dan relevan dengan kebutuhan kerja.,2026-04-23
2812,6130,5,Konten up to date dan relevan dengan kebutuhan kerja.,2026-09-27
2813,6132,5,"Sangat puas, worth it banget!",2026-07-06
2814,6133,5,"Kursus bagus, cocok untuk pemula.",2026-05-18
2815,6135,4,Konten up to date dan relevan dengan kebutuhan kerja.,2026-06-12
2816,6136,5,"Sangat puas, worth it banget!",2026-01-28
2817,6138,5,"Instrukturnya kompeten, penjelasan step by step.",2026-07-04
2818,6140,4,"Sangat puas, worth it banget!",2025-07-21
2819,6141,4,Konten up to date dan relevan dengan kebutuhan kerja.,2025-03-25
2820,6143,3,"Cukup baik, tapi bisa lebih baik lagi.",2024-10-03
2821,6144,3,Lumayan membantu untuk basic knowledge.,2026-05-07
2822,6145,3,"Cukup baik, tapi bisa lebih baik lagi.",2025-05-08
2823,6146,4,Konten up to date dan relevan dengan kebutuhan kerja.,2026-01-25
2824,6149,5,Konten up to date dan relevan dengan kebutuhan kerja.,2026-08-23
2825,6150,5,"Materinya jelas dan mudah dipahami, sangat membantu!",2026-09-09
2826,6151,4,"Instrukturnya kompeten, penjelasan step by step.",2025-10-29
2827,6152,5,"Sangat puas, worth it banget!",2026-07-26
2828,6154,4,"Kursus bagus, cocok untuk pemula.",2026-08-01
2829,6157,5,Konten up to date dan relevan dengan kebutuhan kerja.,2026-04-14
2830,6166,5,Konten up to date dan relevan dengan kebutuhan kerja.,2026-01-07
2831,6168,5,"Materinya jelas dan mudah dipahami, sangat membantu!",2026-05-24
2832,6169,4,"Instrukturnya kompeten, penjelasan step by step.",2025-11-13
2833,6170,5,"Instrukturnya kompeten, penjelasan step by step.",2026-05-05
2834,6172,5,Konten up to date dan relevan dengan kebutuhan kerja.,2026-02-15
2835,6173,5,Konten up to date dan relevan dengan kebutuhan kerja.,2026-08-04
2836,6174,5,"Materinya jelas dan mudah dipahami, sangat membantu!",2025-07-09
2837,6176,5,"Sangat puas, worth it banget!",2025-05-14
2838,6178,5,"Instrukturnya kompeten, penjelasan step by step.",2026-02-19
2839,6183,5,Konten up to date dan relevan dengan kebutuhan kerja.,2025-05-09
2840,6191,4,"Instrukturnya kompeten, penjelasan step by step.",2026-02-03
2841,6192,4,"Instrukturnya kompeten, penjelasan step by step.",2025-01-31
2842,6194,3,"Standar saja, sesuai ekspektasi.",2026-08-17
2843,6196,4,"Sangat puas, worth it banget!",2026-05-06
2844,6198,4,"Sangat puas, worth it banget!",2026-07-30
2845,6200,5,Konten up to date dan relevan dengan kebutuhan kerja.,2026-05-06
2846,6201,5,"Kursus bagus, cocok untuk pemula.",2024-12-24
2847,6202,4,"Kursus bagus, cocok untuk pemula.",2026-07-13
2848,6203,5,"Materinya jelas dan mudah dipahami, sangat membantu!",2026-08-21
2849,6204,5,Konten up to date dan relevan dengan kebutuhan kerja.,2026-04-30
2850,6207,3,"Cukup baik, tapi bisa lebih baik lagi.",2026-05-06
2851,6208,3,"Cukup baik, tapi bisa lebih baik lagi.",2024-06-07
2852,6210,4,"Materinya jelas dan mudah dipahami, sangat membantu!",2026-06-06
2853,6213,5,"Instrukturnya kompeten, penjelasan step by step.",2026-06-07
2854,6214,2,"Kurang studi kasus, terlalu teori.",2025-11-30
2855,6215,5,Konten up to date dan relevan dengan kebutuhan kerja.,2026-08-04
2856,6216,4,"Instrukturnya kompeten, penjelasan step by step.",2026-05-04
2857,6217,3,"Standar saja, sesuai ekspektasi.",2025-03-20
2858,6218,4,"Materinya jelas dan mudah dipahami, sangat membantu!",2026-06-22
2859,6219,2,"Kurang studi kasus, terlalu teori.",2026-09-25
2860,6220,5,"Kursus bagus, cocok untuk pemula.",2026-06-09
2861,6222,4,Konten up to date dan relevan dengan kebutuhan kerja.,2026-07-11
2862,6224,4,"Sangat puas, worth it banget!",2026-05-19
2863,6225,4,"Instrukturnya kompeten, penjelasan step by step.",2026-01-30
2864,6227,1,Modul terlalu panjang dan membosankan.,2026-08-27
2865,6228,3,Lumayan membantu untuk basic knowledge.,2026-03-24
2866,6231,5,"Materinya jelas dan mudah dipahami, sangat membantu!",2026-07-13
2867,6235,2,"Materinya terlalu cepat, sulit diikuti.",2025-11-02
2868,6236,5,"Materinya jelas dan mudah dipahami, sangat membantu!",2025-12-20
2869,6239,3,"Cukup baik, tapi bisa lebih baik lagi.",2026-02-14
2870,6240,4,Konten up to date dan relevan dengan kebutuhan kerja.,2026-01-16
2871,6242,5,Konten up to date dan relevan dengan kebutuhan kerja.,2026-05-20
2872,6243,5,"Sangat puas, worth it banget!",2026-08-16
2873,6244,5,"Instrukturnya kompeten, penjelasan step by step.",2026-04-24
2874,6248,4,"Materinya jelas dan mudah dipahami, sangat membantu!",2025-06-17
2875,6249,5,"Sangat puas, worth it banget!",2025-10-08
2876,6251,1,Kontennya sudah agak outdated.,2025-12-02
2877,6252,5,"Instrukturnya kompeten, penjelasan step by step.",2025-09-12
2878,6253,4,"Instrukturnya kompeten, penjelasan step by step.",2026-10-21
2879,6256,5,"Materinya jelas dan mudah dipahami, sangat membantu!",2025-12-24
2880,6257,4,"Materinya jelas dan mudah dipahami, sangat membantu!",2026-07-21
2881,6259,4,Konten up to date dan relevan dengan kebutuhan kerja.,2026-05-30
2882,6263,4,"Instrukturnya kompeten, penjelasan step by step.",2026-07-12
2883,6267,5,"Kursus bagus, cocok untuk pemula.",2025-09-20
2884,6269,4,"Instrukturnya kompeten, penjelasan step by step.",2026-02-24
2885,6275,4,"Kursus bagus, cocok untuk pemula.",2026-02-02
2886,6277,3,"Cukup baik, tapi bisa lebih baik lagi.",2026-01-21
2887,6278,5,"Kursus bagus, cocok untuk pemula.",2026-10-18
2888,6279,4,"Kursus bagus, cocok untuk pemula.",2026-03-13
2889,6281,5,Konten up to date dan relevan dengan kebutuhan kerja.,2026-08-13
2890,6282,4,Konten up to date dan relevan dengan kebutuhan kerja.,2026-02-09
2891,6285,5,Konten up to date dan relevan dengan kebutuhan kerja.,2025-07-21
2892,6287,5,"Instrukturnya kompeten, penjelasan step by step.",2026-06-21
2893,6290,5,"Kursus bagus, cocok untuk pemula.",2025-09-21
2894,6292,3,"Standar saja, sesuai ekspektasi.",2026-06-12
2895,6295,5,Konten up to date dan relevan dengan kebutuhan kerja.,2025-11-20
2896,6296,5,"Kursus bagus, cocok untuk pemula.",2026-07-07
2897,6297,4,"Sangat puas, worth it banget!",2025-06-16
2898,6298,3,Lumayan membantu untuk basic knowledge.,2025-10-04
2899,6303,5,Konten up to date dan relevan dengan kebutuhan kerja.,2026-05-02
2900,6304,2,Audio dan video kurang jelas di beberapa modul.,2025-12-16
2901,6310,4,"Kursus bagus, cocok untuk pemula.",2026-04-12
2902,6312,4,"Sangat puas, worth it banget!",2026-06-02
2903,6314,5,Konten up to date dan relevan dengan kebutuhan kerja.,2026-10-25
2904,6315,4,"Instrukturnya kompeten, penjelasan step by step.",2026-07-31
2905,6316,5,"Materinya jelas dan mudah dipahami, sangat membantu!",2026-06-24
2906,6317,5,"Instrukturnya kompeten, penjelasan step by step.",2025-02-18
2907,6320,5,"Kursus bagus, cocok untuk pemula.",2026-05-27
2908,6321,1,"Materinya terlalu cepat, sulit diikuti.",2026-10-09
2909,6323,5,"Sangat puas, worth it banget!",2026-07-09
2910,6326,4,Konten up to date dan relevan dengan kebutuhan kerja.,2026-06-06
2911,6328,5,"Sangat puas, worth it banget!",2026-07-18
2912,6331,2,Modul terlalu panjang dan membosankan.,2024-03-30
2913,6336,5,"Kursus bagus, cocok untuk pemula.",2025-11-20
2914,6337,5,"Sangat puas, worth it banget!",2026-08-14
2915,6340,4,"Materinya jelas dan mudah dipahami, sangat membantu!",2025-03-18
2916,6348,4,"Materinya jelas dan mudah dipahami, sangat membantu!",2025-08-06
2917,6350,4,"Kursus bagus, cocok untuk pemula.",2025-12-13
2918,6352,5,"Materinya jelas dan mudah dipahami, sangat membantu!",2026-04-14
2919,6355,4,"Sangat puas, worth it banget!",2025-02-12
2920,6358,5,"Kursus bagus, cocok untuk pemula.",2026-06-17
2921,6360,4,"Instrukturnya kompeten, penjelasan step by step.",2026-08-08
2922,6364,3,"Standar saja, sesuai ekspektasi.",2026-03-17
2923,6368,5,"Sangat puas, worth it banget!",2026-05-21
2924,6370,3,"Cukup baik, tapi bisa lebih baik lagi.",2026-08-17
2925,6371,5,Konten up to date dan relevan dengan kebutuhan kerja.,2026-04-26
2926,6375,5,"Instrukturnya kompeten, penjelasan step by step.",2026-07-17
2927,6378,3,"Standar saja, sesuai ekspektasi.",2026-07-11
2928,6379,5,"Sangat puas, worth it banget!",2026-03-08
2929,6380,2,"Materinya terlalu cepat, sulit diikuti.",2025-04-21
2930,6381,5,"Instrukturnya kompeten, penjelasan step by step.",2026-07-07
2931,6384,4,"Sangat puas, worth it banget!",2026-05-25
2932,6388,5,"Materinya jelas dan mudah dipahami, sangat membantu!",2026-02-04
2933,6389,5,"Materinya jelas dan mudah dipahami, sangat membantu!",2026-02-02
2934,6390,4,Konten up to date dan relevan dengan kebutuhan kerja.,2025-08-16
2935,6391,4,"Kursus bagus, cocok untuk pemula.",2026-05-31
2936,6392,5,"Sangat puas, worth it banget!",2025-12-16
2937,6399,4,"Materinya jelas dan mudah dipahami, sangat membantu!",2025-07-19
2938,6400,5,Konten up to date dan relevan dengan kebutuhan kerja.,2024-05-21
2939,6401,4,"Sangat puas, worth it banget!",2026-06-26
2940,6402,4,"Sangat puas, worth it banget!",2026-09-12
2941,6403,4,"Materinya jelas dan mudah dipahami, sangat membantu!",2026-05-02
2942,6405,5,"Materinya jelas dan mudah dipahami, sangat membantu!",2026-08-14
2943,6409,5,"Materinya jelas dan mudah dipahami, sangat membantu!",2026-08-12
2944,6411,3,"Cukup baik, tapi bisa lebih baik lagi.",2026-09-08
2945,6412,5,"Instrukturnya kompeten, penjelasan step by step.",2026-09-11
2946,6413,4,"Instrukturnya kompeten, penjelasan step by step.",2026-08-01
2947,6414,5,"Sangat puas, worth it banget!",2026-08-19
2948,6415,5,"Materinya jelas dan mudah dipahami, sangat membantu!",2026-05-30
2949,6417,3,"Cukup baik, tapi bisa lebih baik lagi.",2025-04-30
2950,6418,5,"Materinya jelas dan mudah dipahami, sangat membantu!",2026-06-02
2951,6420,5,"Kursus bagus, cocok untuk pemula.",2025-09-02
2952,6421,5,"Kursus bagus, cocok untuk pemula.",2024-10-17
2953,6422,5,"Kursus bagus, cocok untuk pemula.",2025-10-13
2954,6423,5,Konten up to date dan relevan dengan kebutuhan kerja.,2026-02-07
2955,6425,4,"Sangat puas, worth it banget!",2026-01-25
2956,6427,4,Konten up to date dan relevan dengan kebutuhan kerja.,2025-11-10
2957,6428,4,"Sangat puas, worth it banget!",2026-03-22
2958,6429,4,"Sangat puas, worth it banget!",2026-02-20
2959,6430,5,Konten up to date dan relevan dengan kebutuhan kerja.,2026-08-18
2960,6431,3,"Cukup baik, tapi bisa lebih baik lagi.",2025-07-17
2961,6434,5,"Sangat puas, worth it banget!",2026-02-16
2962,6435,3,"Standar saja, sesuai ekspektasi.",2025-11-11
2963,6439,5,Konten up to date dan relevan dengan kebutuhan kerja.,2026-06-27
2964,6441,4,"Materinya jelas dan mudah dipahami, sangat membantu!",2024-09-11
2965,6442,5,"Kursus bagus, cocok untuk pemula.",2026-07-17
2966,6446,5,"Sangat puas, worth it banget!",2025-12-15
2967,6447,4,"Sangat puas, worth it banget!",2026-01-14
2968,6450,4,"Kursus bagus, cocok untuk pemula.",2026-07-16
2969,6451,4,Konten up to date dan relevan dengan kebutuhan kerja.,2026-06-30
2970,6455,4,"Sangat puas, worth it banget!",2026-04-27
2971,6456,5,"Materinya jelas dan mudah dipahami, sangat membantu!",2026-04-13
2972,6457,5,"Materinya jelas dan mudah dipahami, sangat membantu!",2026-09-05
2973,6461,4,"Instrukturnya kompeten, penjelasan step by step.",2026-01-29
2974,6463,5,"Kursus bagus, cocok untuk pemula.",2026-06-28
2975,6464,5,"Instrukturnya kompeten, penjelasan step by step.",2026-03-20
2976,6465,4,"Instrukturnya kompeten, penjelasan step by step.",2026-06-07
2977,6468,5,Konten up to date dan relevan dengan kebutuhan kerja.,2024-06-30
2978,6470,5,"Instrukturnya kompeten, penjelasan step by step.",2026-02-16
2979,6471,5,"Materinya jelas dan mudah dipahami, sangat membantu!",2026-07-26
2980,6472,3,"Cukup baik, tapi bisa lebih baik lagi.",2026-03-25
2981,6474,5,"Materinya jelas dan mudah dipahami, sangat membantu!",2026-08-12
2982,6475,3,"Standar saja, sesuai ekspektasi.",2025-07-20
2983,6476,5,"Kursus bagus, cocok untuk pemula.",2026-03-06
2984,6478,5,Konten up to date dan relevan dengan kebutuhan kerja.,2026-01-25
2985,6479,4,Konten up to date dan relevan dengan kebutuhan kerja.,2024-04-19
2986,6480,5,"Instrukturnya kompeten, penjelasan step by step.",2026-06-17
2987,6484,4,"Kursus bagus, cocok untuk pemula.",2026-02-14
2988,6486,4,"Kursus bagus, cocok untuk pemula.",2025-05-30
2989,6491,5,"Sangat puas, worth it banget!",2026-07-26
2990,6494,4,"Kursus bagus, cocok untuk pemula.",2026-07-29
2991,6495,5,"Materinya jelas dan mudah dipahami, sangat membantu!",2025-01-28
2992,6497,5,"Instrukturnya kompeten, penjelasan step by step.",2026-03-14
2993,6506,4,"Kursus bagus, cocok untuk pemula.",2026-05-17
2994,6507,3,"Cukup baik, tapi bisa lebih baik lagi.",2026-01-12
2995,6511,5,"Kursus bagus, cocok untuk pemula.",2024-09-16
2996,6512,5,"Materinya jelas dan mudah dipahami, sangat membantu!",2026-03-10
2997,6513,5,"Sangat puas, worth it banget!",2025-11-11
2998,6514,5,"Sangat puas, worth it banget!",2026-03-14
2999,6515,3,"Standar saja, sesuai ekspektasi.",2026-07-26
3000,6522,5,Konten up to date dan relevan dengan kebutuhan kerja.,2024-11-15
3001,6523,4,"Instrukturnya kompeten, penjelasan step by step.",2026-03-14
3002,6524,4,"Instrukturnya kompeten, penjelasan step by step.",2024-04-07
3003,6525,4,"Kursus bagus, cocok untuk pemula.",2024-03-13
3004,6530,5,"Materinya jelas dan mudah dipahami, sangat membantu!",2025-09-05
3005,6533,3,Lumayan membantu untuk basic knowledge.,2026-07-03
3006,6535,5,"Kursus bagus, cocok untuk pemula.",2026-07-01
3007,6539,4,"Instrukturnya kompeten, penjelasan step by step.",2026-10-02
3008,6540,5,"Instrukturnya kompeten, penjelasan step by step.",2025-05-21
3009,6543,4,"Instrukturnya kompeten, penjelasan step by step.",2025-07-27
3010,6544,5,"Materinya jelas dan mudah dipahami, sangat membantu!",2026-02-19
3011,6548,4,"Sangat puas, worth it banget!",2026-09-12
3012,6550,3,Lumayan membantu untuk basic knowledge.,2026-05-12
3013,6551,4,"Materinya jelas dan mudah dipahami, sangat membantu!",2026-08-15
3014,6552,5,"Materinya jelas dan mudah dipahami, sangat membantu!",2025-03-25
3015,6553,4,Konten up to date dan relevan dengan kebutuhan kerja.,2026-06-28
3016,6554,4,"Instrukturnya kompeten, penjelasan step by step.",2025-06-10
3017,6555,3,"Cukup baik, tapi bisa lebih baik lagi.",2026-06-04
3018,6561,3,"Standar saja, sesuai ekspektasi.",2026-05-15
3019,6562,5,Konten up to date dan relevan dengan kebutuhan kerja.,2026-02-13
3020,6563,5,"Instrukturnya kompeten, penjelasan step by step.",2024-09-13
3021,6567,5,"Sangat puas, worth it banget!",2024-09-09
3022,6570,2,Modul terlalu panjang dan membosankan.,2026-05-05
3023,6573,3,Lumayan membantu untuk basic knowledge.,2026-09-24
3024,6575,3,"Standar saja, sesuai ekspektasi.",2026-04-04
3025,6578,5,"Materinya jelas dan mudah dipahami, sangat membantu!",2025-08-20
3026,6580,5,Konten up to date dan relevan dengan kebutuhan kerja.,2026-06-10
3027,6584,5,"Sangat puas, worth it banget!",2025-07-08
3028,6585,5,"Sangat puas, worth it banget!",2026-03-19
3029,6588,5,"Sangat puas, worth it banget!",2025-09-05
3030,6589,5,"Sangat puas, worth it banget!",2026-09-27
3031,6592,4,"Instrukturnya kompeten, penjelasan step by step.",2026-09-17
3032,6593,4,Konten up to date dan relevan dengan kebutuhan kerja.,2025-09-20
3033,6594,5,"Kursus bagus, cocok untuk pemula.",2026-08-28
3034,6595,5,"Materinya jelas dan mudah dipahami, sangat membantu!",2026-04-23
3035,6596,4,"Materinya jelas dan mudah dipahami, sangat membantu!",2026-04-13
3036,6601,5,"Kursus bagus, cocok untuk pemula.",2025-05-23
3037,6602,5,"Instrukturnya kompeten, penjelasan step by step.",2025-08-21
3038,6603,3,"Cukup baik, tapi bisa lebih baik lagi.",2025-09-26
3039,6604,4,"Materinya jelas dan mudah dipahami, sangat membantu!",2026-06-27
3040,6611,5,Konten up to date dan relevan dengan kebutuhan kerja.,2026-06-05
3041,6615,3,"Cukup baik, tapi bisa lebih baik lagi.",2026-08-15
3042,6616,4,"Instrukturnya kompeten, penjelasan step by step.",2026-02-15
3043,6618,4,"Kursus bagus, cocok untuk pemula.",2026-04-28
3044,6621,2,Kontennya sudah agak outdated.,2025-03-19
3045,6622,5,"Materinya jelas dan mudah dipahami, sangat membantu!",2026-09-27
3046,6624,5,"Kursus bagus, cocok untuk pemula.",2026-06-15
3047,6629,4,"Materinya jelas dan mudah dipahami, sangat membantu!",2026-07-11
3048,6630,3,"Cukup baik, tapi bisa lebih baik lagi.",2026-08-30
3049,6634,4,Konten up to date dan relevan dengan kebutuhan kerja.,2025-12-25
3050,6639,5,"Sangat puas, worth it banget!",2026-10-06
3051,6641,5,"Materinya jelas dan mudah dipahami, sangat membantu!",2026-04-29
3052,6653,4,"Kursus bagus, cocok untuk pemula.",2026-05-15
3053,6654,4,"Kursus bagus, cocok untuk pemula.",2026-03-12
3054,6655,5,"Kursus bagus, cocok untuk pemula.",2025-10-04
3055,6658,3,"Standar saja, sesuai ekspektasi.",2026-02-24
3056,6659,4,"Instrukturnya kompeten, penjelasan step by step.",2026-08-09
3057,6660,5,Konten up to date dan relevan dengan kebutuhan kerja.,2026-03-09
3058,6667,5,Konten up to date dan relevan dengan kebutuhan kerja.,2025-04-22
3059,6670,5,"Kursus bagus, cocok untuk pemula.",2025-12-03
3060,6675,5,"Instrukturnya kompeten, penjelasan step by step.",2026-05-25
3061,6676,4,Konten up to date dan relevan dengan kebutuhan kerja.,2026-06-09
3062,6677,3,"Cukup baik, tapi bisa lebih baik lagi.",2026-06-11
3063,6680,3,Lumayan membantu untuk basic knowledge.,2025-10-05
3064,6685,4,"Materinya jelas dan mudah dipahami, sangat membantu!",2025-06-30
3065,6686,5,"Sangat puas, worth it banget!",2026-05-27
3066,6687,4,"Kursus bagus, cocok untuk pemula.",2026-04-10
3067,6690,5,"Instrukturnya kompeten, penjelasan step by step.",2026-03-17
3068,6693,5,Konten up to date dan relevan dengan kebutuhan kerja.,2026-10-11
3069,6697,5,Konten up to date dan relevan dengan kebutuhan kerja.,2026-08-13
3070,6700,5,"Kursus bagus, cocok untuk pemula.",2026-06-23
3071,6704,2,Modul terlalu panjang dan membosankan.,2026-04-09
3072,6705,5,"Materinya jelas dan mudah dipahami, sangat membantu!",2025-06-09
3073,6708,4,"Instrukturnya kompeten, penjelasan step by step.",2026-05-17
3074,6709,4,"Materinya jelas dan mudah dipahami, sangat membantu!",2026-07-21
3075,6713,4,"Kursus bagus, cocok untuk pemula.",2026-08-25
3076,6716,4,"Kursus bagus, cocok untuk pemula.",2026-07-14
3077,6718,4,"Instrukturnya kompeten, penjelasan step by step.",2026-02-19
3078,6719,2,Kontennya sudah agak outdated.,2025-11-14
3079,6720,4,"Kursus bagus, cocok untuk pemula.",2026-05-08
3080,6721,5,"Materinya jelas dan mudah dipahami, sangat membantu!",2026-04-12
3081,6722,3,"Standar saja, sesuai ekspektasi.",2026-09-10
3082,6724,5,"Kursus bagus, cocok untuk pemula.",2026-06-19
3083,6725,4,Konten up to date dan relevan dengan kebutuhan kerja.,2026-08-29
3084,6727,5,"Sangat puas, worth it banget!",2026-01-02
3085,6728,4,"Sangat puas, worth it banget!",2026-07-04
3086,6730,5,"Sangat puas, worth it banget!",2026-03-29
3087,6732,3,"Cukup baik, tapi bisa lebih baik lagi.",2025-02-18
3088,6733,4,"Kursus bagus, cocok untuk pemula.",2026-09-10
3089,6736,5,"Kursus bagus, cocok untuk pemula.",2025-06-19
3090,6737,3,"Standar saja, sesuai ekspektasi.",2024-02-18
3091,6739,5,Konten up to date dan relevan dengan kebutuhan kerja.,2025-06-24
3092,6741,4,"Sangat puas, worth it banget!",2026-06-13
3093,6742,5,Konten up to date dan relevan dengan kebutuhan kerja.,2025-09-15
3094,6743,4,"Instrukturnya kompeten, penjelasan step by step.",2026-05-16
3095,6744,4,"Sangat puas, worth it banget!",2026-02-06
3096,6745,5,"Sangat puas, worth it banget!",2026-08-30
3097,6747,5,"Instrukturnya kompeten, penjelasan step by step.",2026-06-19
3098,6748,3,"Standar saja, sesuai ekspektasi.",2026-05-14
3099,6750,4,"Instrukturnya kompeten, penjelasan step by step.",2026-06-08
3100,6753,3,"Cukup baik, tapi bisa lebih baik lagi.",2026-07-25
3101,6757,3,"Standar saja, sesuai ekspektasi.",2025-11-02
3102,6759,4,"Materinya jelas dan mudah dipahami, sangat membantu!",2025-04-11
3103,6762,5,Konten up to date dan relevan dengan kebutuhan kerja.,2026-05-19
3104,6764,4,"Instrukturnya kompeten, penjelasan step by step.",2024-11-27
3105,6766,4,"Sangat puas, worth it banget!",2026-07-10
3106,6768,4,"Instrukturnya kompeten, penjelasan step by step.",2025-11-02
3107,6769,5,"Kursus bagus, cocok untuk pemula.",2026-03-27
3108,6770,4,"Kursus bagus, cocok untuk pemula.",2026-05-04
3109,6771,4,Konten up to date dan relevan dengan kebutuhan kerja.,2025-12-18
3110,6773,3,Lumayan membantu untuk basic knowledge.,2025-12-27
3111,6774,1,Audio dan video kurang jelas di beberapa modul.,2024-04-02
3112,6775,5,"Instrukturnya kompeten, penjelasan step by step.",2026-09-02
3113,6776,3,"Standar saja, sesuai ekspektasi.",2026-03-07
3114,6778,5,"Instrukturnya kompeten, penjelasan step by step.",2026-08-03
3115,6779,4,"Materinya jelas dan mudah dipahami, sangat membantu!",2026-05-11
3116,6780,5,"Materinya jelas dan mudah dipahami, sangat membantu!",2026-05-25
3117,6783,5,"Sangat puas, worth it banget!",2025-08-26
3118,6784,1,"Kurang studi kasus, terlalu teori.",2026-08-16
3119,6787,2,Modul terlalu panjang dan membosankan.,2026-09-11
3120,6788,1,"Kurang studi kasus, terlalu teori.",2026-07-27
3121,6789,5,Konten up to date dan relevan dengan kebutuhan kerja.,2026-08-21
3122,6790,2,Modul terlalu panjang dan membosankan.,2026-02-25
3123,6791,5,Konten up to date dan relevan dengan kebutuhan kerja.,2026-07-18
3124,6792,4,"Materinya jelas dan mudah dipahami, sangat membantu!",2025-01-02
3125,6793,5,"Sangat puas, worth it banget!",2026-10-19
3126,6796,4,"Sangat puas, worth it banget!",2026-05-29
3127,6799,4,"Materinya jelas dan mudah dipahami, sangat membantu!",2026-01-08
3128,6802,4,"Sangat puas, worth it banget!",2026-10-05
3129,6804,5,"Kursus bagus, cocok untuk pemula.",2025-08-12
3130,6809,5,Konten up to date dan relevan dengan kebutuhan kerja.,2026-06-04
3131,6814,2,"Kurang studi kasus, terlalu teori.",2026-09-13
3132,6819,5,Konten up to date dan relevan dengan kebutuhan kerja.,2026-08-26
3133,6820,4,Konten up to date dan relevan dengan kebutuhan kerja.,2026-04-14
3134,6821,3,Lumayan membantu untuk basic knowledge.,2026-01-09
3135,6822,3,Lumayan membantu untuk basic knowledge.,2026-07-29
3136,6823,2,Audio dan video kurang jelas di beberapa modul.,2026-01-26
3137,6824,5,"Materinya jelas dan mudah dipahami, sangat membantu!",2025-01-12
3138,6827,4,Konten up to date dan relevan dengan kebutuhan kerja.,2025-10-13
3139,6828,4,Konten up to date dan relevan dengan kebutuhan kerja.,2026-01-09
3140,6832,4,"Instrukturnya kompeten, penjelasan step by step.",2026-09-18
3141,6833,4,"Materinya jelas dan mudah dipahami, sangat membantu!",2026-03-03
3142,6834,5,"Kursus bagus, cocok untuk pemula.",2024-10-02
3143,6836,4,"Instrukturnya kompeten, penjelasan step by step.",2026-03-07
3144,6838,5,"Sangat puas, worth it banget!",2025-07-16
3145,6842,2,Modul terlalu panjang dan membosankan.,2026-08-20
3146,6843,4,Konten up to date dan relevan dengan kebutuhan kerja.,2026-08-10
3147,6844,3,"Cukup baik, tapi bisa lebih baik lagi.",2025-11-22
3148,6847,5,"Materinya jelas dan mudah dipahami, sangat membantu!",2026-02-10
3149,6848,4,Konten up to date dan relevan dengan kebutuhan kerja.,2026-01-14
3150,6850,4,"Materinya jelas dan mudah dipahami, sangat membantu!",2026-07-13
3151,6851,4,"Instrukturnya kompeten, penjelasan step by step.",2026-01-24
3152,6854,4,"Materinya jelas dan mudah dipahami, sangat membantu!",2025-07-14
3153,6858,4,"Sangat puas, worth it banget!",2025-05-26
3154,6860,5,"Sangat puas, worth it banget!",2025-09-23
3155,6862,4,"Kursus bagus, cocok untuk pemula.",2026-05-28
3156,6863,4,"Kursus bagus, cocok untuk pemula.",2026-08-20
3157,6864,5,"Kursus bagus, cocok untuk pemula.",2025-09-07
3158,6865,4,"Materinya jelas dan mudah dipahami, sangat membantu!",2026-07-02
3159,6866,2,"Kurang studi kasus, terlalu teori.",2025-11-12
3160,6867,5,Konten up to date dan relevan dengan kebutuhan kerja.,2026-05-13
3161,6869,5,"Kursus bagus, cocok untuk pemula.",2026-05-04
3162,6870,5,"Instrukturnya kompeten, penjelasan step by step.",2026-06-26
3163,6872,3,"Cukup baik, tapi bisa lebih baik lagi.",2026-04-17
3164,6873,3,"Standar saja, sesuai ekspektasi.",2026-07-28
3165,6874,5,"Kursus bagus, cocok untuk pemula.",2026-05-24
3166,6876,4,"Kursus bagus, cocok untuk pemula.",2026-02-26
3167,6878,4,"Sangat puas, worth it banget!",2026-09-07
3168,6879,5,"Kursus bagus, cocok untuk pemula.",2026-05-31
3169,6880,5,"Instrukturnya kompeten, penjelasan step by step.",2025-03-27
3170,6882,2,"Materinya terlalu cepat, sulit diikuti.",2025-09-26
3171,6884,5,"Instrukturnya kompeten, penjelasan step by step.",2026-05-30
3172,6886,5,Konten up to date dan relevan dengan kebutuhan kerja.,2025-04-27
3173,6889,5,"Materinya jelas dan mudah dipahami, sangat membantu!",2025-11-18
3174,6891,2,Kontennya sudah agak outdated.,2026-03-26
3175,6893,5,"Kursus bagus, cocok untuk pemula.",2026-08-12
3176,6894,4,"Sangat puas, worth it banget!",2026-04-19
3177,6896,4,"Materinya jelas dan mudah dipahami, sangat membantu!",2026-04-18
3178,6899,4,"Instrukturnya kompeten, penjelasan step by step.",2026-09-19
3179,6902,4,Konten up to date dan relevan dengan kebutuhan kerja.,2026-05-05
3180,6904,5,Konten up to date dan relevan dengan kebutuhan kerja.,2026-07-09
3181,6907,5,"Instrukturnya kompeten, penjelasan step by step.",2025-11-28
3182,6909,5,"Sangat puas, worth it banget!",2026-07-17
3183,6911,5,Konten up to date dan relevan dengan kebutuhan kerja.,2026-06-03
3184,6912,4,Konten up to date dan relevan dengan kebutuhan kerja.,2026-10-07
3185,6913,5,"Sangat puas, worth it banget!",2026-05-27
3186,6914,3,"Cukup baik, tapi bisa lebih baik lagi.",2024-10-03
3187,6915,4,"Kursus bagus, cocok untuk pemula.",2025-05-20
3188,6916,5,"Sangat puas, worth it banget!",2025-11-29
3189,6919,5,"Kursus bagus, cocok untuk pemula.",2026-04-24
3190,6926,5,"Instrukturnya kompeten, penjelasan step by step.",2026-04-27
3191,6927,5,"Materinya jelas dan mudah dipahami, sangat membantu!",2026-08-23
3192,6929,3,Lumayan membantu untuk basic knowledge.,2026-02-14
3193,6931,5,"Kursus bagus, cocok untuk pemula.",2025-12-09
3194,6937,4,"Sangat puas, worth it banget!",2026-07-30
3195,6938,5,"Materinya jelas dan mudah dipahami, sangat membantu!",2026-08-10
3196,6950,5,"Instrukturnya kompeten, penjelasan step by step.",2026-02-14
3197,6957,3,"Cukup baik, tapi bisa lebih baik lagi.",2026-03-18
3198,6958,5,"Kursus bagus, cocok untuk pemula.",2026-08-28
3199,6959,5,"Sangat puas, worth it banget!",2025-10-07
3200,6960,4,"Kursus bagus, cocok untuk pemula.",2025-09-19
3201,6962,5,"Sangat puas, worth it banget!",2026-06-04
3202,6968,5,"Kursus bagus, cocok untuk pemula.",2026-03-01
3203,6969,2,"Kurang studi kasus, terlalu teori.",2024-10-15
3204,6971,5,"Materinya jelas dan mudah dipahami, sangat membantu!",2026-04-06
3205,6973,5,"Instrukturnya kompeten, penjelasan step by step.",2025-12-02
3206,6975,5,"Materinya jelas dan mudah dipahami, sangat membantu!",2026-01-10
3207,6976,5,"Kursus bagus, cocok untuk pemula.",2026-02-28
3208,6977,4,"Materinya jelas dan mudah dipahami, sangat membantu!",2026-06-26
3209,6978,2,Modul terlalu panjang dan membosankan.,2026-02-13
3210,6979,4,Konten up to date dan relevan dengan kebutuhan kerja.,2024-04-16
3211,6980,5,"Instrukturnya kompeten, penjelasan step by step.",2026-02-02
3212,6981,4,"Instrukturnya kompeten, penjelasan step by step.",2026-03-20
3213,6984,5,"Sangat puas, worth it banget!",2025-12-24
3214,6986,5,"Kursus bagus, cocok untuk pemula.",2026-08-24
3215,6988,5,"Instrukturnya kompeten, penjelasan step by step.",2026-03-05
3216,6991,2,Audio dan video kurang jelas di beberapa modul.,2026-06-15
3217,6992,5,Konten up to date dan relevan dengan kebutuhan kerja.,2025-08-06
3218,6993,4,Konten up to date dan relevan dengan kebutuhan kerja.,2026-09-06
3219,6998,4,"Materinya jelas dan mudah dipahami, sangat membantu!",2026-01-02
3220,7001,4,"Sangat puas, worth it banget!",2026-07-02
3221,7002,3,Lumayan membantu untuk basic knowledge.,2026-02-16
3222,7004,5,"Materinya jelas dan mudah dipahami, sangat membantu!",2026-09-20
3223,7012,3,"Cukup baik, tapi bisa lebih baik lagi.",2025-07-23
3224,7013,2,"Materinya terlalu cepat, sulit diikuti.",2026-06-11
3225,7014,3,"Cukup baik, tapi bisa lebih baik lagi.",2023-12-20
3226,7016,5,Konten up to date dan relevan dengan kebutuhan kerja.,2026-07-22
3227,7017,4,"Kursus bagus, cocok untuk pemula.",2026-06-20
3228,7022,4,"Sangat puas, worth it banget!",2026-08-20
3229,7025,3,Lumayan membantu untuk basic knowledge.,2026-06-10
3230,7031,5,"Kursus bagus, cocok untuk pemula.",2025-03-20
3231,7032,5,"Sangat puas, worth it banget!",2026-07-23
3232,7034,5,"Materinya jelas dan mudah dipahami, sangat membantu!",2024-11-11
3233,7035,4,"Instrukturnya kompeten, penjelasan step by step.",2025-06-29
3234,7036,5,Konten up to date dan relevan dengan kebutuhan kerja.,2025-08-30
3235,7037,4,"Kursus bagus, cocok untuk pemula.",2026-05-08
3236,7039,4,"Instrukturnya kompeten, penjelasan step by step.",2026-01-24
3237,7040,5,"Kursus bagus, cocok untuk pemula.",2025-10-22
3238,7041,5,"Materinya jelas dan mudah dipahami, sangat membantu!",2025-05-19
3239,7043,5,Konten up to date dan relevan dengan kebutuhan kerja.,2026-06-25
3240,7047,3,"Standar saja, sesuai ekspektasi.",2025-04-11
3241,7048,5,"Instrukturnya kompeten, penjelasan step by step.",2025-08-06
3242,7051,4,Konten up to date dan relevan dengan kebutuhan kerja.,2025-10-31
3243,7052,5,"Instrukturnya kompeten, penjelasan step by step.",2026-05-24
3244,7053,4,"Kursus bagus, cocok untuk pemula.",2025-12-29
3245,7054,2,Kontennya sudah agak outdated.,2026-07-20
3246,7055,4,"Materinya jelas dan mudah dipahami, sangat membantu!",2026-05-20
3247,7061,3,Lumayan membantu untuk basic knowledge.,2026-07-15
3248,7063,5,"Instrukturnya kompeten, penjelasan step by step.",2026-09-26
3249,7068,4,"Kursus bagus, cocok untuk pemula.",2026-06-02
3250,7070,2,"Kurang studi kasus, terlalu teori.",2026-02-12
3251,7071,4,"Sangat puas, worth it banget!",2026-06-17
3252,7073,4,"Materinya jelas dan mudah dipahami, sangat membantu!",2026-07-05
3253,7074,4,"Kursus bagus, cocok untuk pemula.",2026-08-01
3254,7076,4,"Kursus bagus, cocok untuk pemula.",2026-08-30
3255,7079,4,Konten up to date dan relevan dengan kebutuhan kerja.,2025-10-14
3256,7080,2,"Kurang studi kasus, terlalu teori.",2026-05-14
3257,7086,4,"Materinya jelas dan mudah dipahami, sangat membantu!",2026-04-09
3258,7089,5,"Instrukturnya kompeten, penjelasan step by step.",2026-02-06
3259,7090,4,"Instrukturnya kompeten, penjelasan step by step.",2026-10-01
3260,7091,5,"Kursus bagus, cocok untuk pemula.",2024-07-29
3261,7096,2,"Materinya terlalu cepat, sulit diikuti.",2026-04-18
3262,7098,4,"Instrukturnya kompeten, penjelasan step by step.",2025-11-03
3263,7101,4,"Kursus bagus, cocok untuk pemula.",2024-07-16
3264,7105,4,Konten up to date dan relevan dengan kebutuhan kerja.,2026-05-04
3265,7106,5,Konten up to date dan relevan dengan kebutuhan kerja.,2026-08-01
3266,7108,5,"Instrukturnya kompeten, penjelasan step by step.",2026-07-31
3267,7109,3,"Standar saja, sesuai ekspektasi.",2026-06-30
3268,7110,4,Konten up to date dan relevan dengan kebutuhan kerja.,2026-03-25
3269,7114,3,"Standar saja, sesuai ekspektasi.",2025-08-02
3270,7116,4,"Sangat puas, worth it banget!",2025-04-23
3271,7117,4,"Sangat puas, worth it banget!",2025-06-10
3272,7119,5,"Sangat puas, worth it banget!",2026-06-12
3273,7120,3,"Cukup baik, tapi bisa lebih baik lagi.",2026-09-04
3274,7121,5,Konten up to date dan relevan dengan kebutuhan kerja.,2025-11-20
3275,7122,5,"Kursus bagus, cocok untuk pemula.",2025-09-02
3276,7123,5,"Kursus bagus, cocok untuk pemula.",2026-08-10
3277,7125,4,"Instrukturnya kompeten, penjelasan step by step.",2026-06-11
3278,7126,5,"Kursus bagus, cocok untuk pemula.",2026-03-09
3279,7127,4,"Sangat puas, worth it banget!",2025-01-30
3280,7130,5,"Instrukturnya kompeten, penjelasan step by step.",2026-07-23
3281,7132,5,Konten up to date dan relevan dengan kebutuhan kerja.,2026-05-23
3282,7136,5,Konten up to date dan relevan dengan kebutuhan kerja.,2026-07-28
3283,7145,3,"Cukup baik, tapi bisa lebih baik lagi.",2024-11-29
3284,7146,3,Lumayan membantu untuk basic knowledge.,2026-07-12
3285,7147,5,"Kursus bagus, cocok untuk pemula.",2025-07-01
3286,7150,5,"Instrukturnya kompeten, penjelasan step by step.",2026-08-22
3287,7151,3,Lumayan membantu untuk basic knowledge.,2026-06-06
3288,7153,4,"Kursus bagus, cocok untuk pemula.",2026-06-19
3289,7155,5,"Sangat puas, worth it banget!",2026-08-03
3290,7156,3,"Cukup baik, tapi bisa lebih baik lagi.",2026-08-10
3291,7158,4,"Kursus bagus, cocok untuk pemula.",2025-12-02
3292,7162,4,"Materinya jelas dan mudah dipahami, sangat membantu!",2025-11-03
3293,7163,5,"Kursus bagus, cocok untuk pemula.",2025-12-11
3294,7166,4,"Materinya jelas dan mudah dipahami, sangat membantu!",2026-03-18
3295,7167,4,"Kursus bagus, cocok untuk pemula.",2025-06-17
3296,7168,5,"Sangat puas, worth it banget!",2024-02-02
3297,7169,4,"Sangat puas, worth it banget!",2025-10-14
3298,7171,4,"Materinya jelas dan mudah dipahami, sangat membantu!",2025-06-18
3299,7172,3,"Standar saja, sesuai ekspektasi.",2025-12-25
3300,7176,4,"Kursus bagus, cocok untuk pemula.",2026-05-06
3301,7177,4,Konten up to date dan relevan dengan kebutuhan kerja.,2026-06-15
3302,7181,5,"Kursus bagus, cocok untuk pemula.",2026-03-31
3303,7182,4,Konten up to date dan relevan dengan kebutuhan kerja.,2026-06-01
3304,7184,5,Konten up to date dan relevan dengan kebutuhan kerja.,2026-08-08
3305,7187,4,"Sangat puas, worth it banget!",2024-11-10
3306,7188,4,Konten up to date dan relevan dengan kebutuhan kerja.,2025-07-28
3307,7190,4,"Kursus bagus, cocok untuk pemula.",2025-09-09
3308,7195,5,Konten up to date dan relevan dengan kebutuhan kerja.,2026-07-12
3309,7199,5,Konten up to date dan relevan dengan kebutuhan kerja.,2025-06-09
3310,7201,5,Konten up to date dan relevan dengan kebutuhan kerja.,2024-06-14
3311,7202,3,"Cukup baik, tapi bisa lebih baik lagi.",2026-01-08
3312,7203,4,"Materinya jelas dan mudah dipahami, sangat membantu!",2026-02-08
3313,7207,3,"Standar saja, sesuai ekspektasi.",2025-07-21
3314,7209,5,Konten up to date dan relevan dengan kebutuhan kerja.,2025-02-13
3315,7211,5,"Kursus bagus, cocok untuk pemula.",2025-09-26
3316,7212,4,"Kursus bagus, cocok untuk pemula.",2026-05-09
3317,7214,5,Konten up to date dan relevan dengan kebutuhan kerja.,2025-04-08
3318,7215,2,Audio dan video kurang jelas di beberapa modul.,2025-02-18
3319,7216,4,"Sangat puas, worth it banget!",2026-09-28
3320,7218,4,"Sangat puas, worth it banget!",2026-07-16
3321,7220,5,Konten up to date dan relevan dengan kebutuhan kerja.,2025-08-10
3322,7222,3,"Standar saja, sesuai ekspektasi.",2026-06-07
3323,7223,5,"Materinya jelas dan mudah dipahami, sangat membantu!",2026-08-06
3324,7224,4,Konten up to date dan relevan dengan kebutuhan kerja.,2026-06-23
3325,7227,5,Konten up to date dan relevan dengan kebutuhan kerja.,2026-06-26
3326,7228,5,"Instrukturnya kompeten, penjelasan step by step.",2026-07-25
3327,7230,5,Konten up to date dan relevan dengan kebutuhan kerja.,2025-02-18
3328,7233,4,Konten up to date dan relevan dengan kebutuhan kerja.,2026-09-13
3329,7234,3,"Standar saja, sesuai ekspektasi.",2025-06-10
3330,7236,5,"Kursus bagus, cocok untuk pemula.",2026-08-27
3331,7239,5,Konten up to date dan relevan dengan kebutuhan kerja.,2026-08-21
3332,7240,5,"Sangat puas, worth it banget!",2025-11-19
3333,7245,4,"Kursus bagus, cocok untuk pemula.",2026-08-13
3334,7246,2,Audio dan video kurang jelas di beberapa modul.,2025-11-05
3335,7247,4,"Instrukturnya kompeten, penjelasan step by step.",2026-05-28
3336,7250,4,"Kursus bagus, cocok untuk pemula.",2026-04-24
3337,7253,5,"Sangat puas, worth it banget!",2026-08-09
3338,7256,1,"Kurang studi kasus, terlalu teori.",2026-09-10
3339,7258,5,"Sangat puas, worth it banget!",2026-01-04
3340,7259,4,Konten up to date dan relevan dengan kebutuhan kerja.,2026-03-29
3341,7260,4,"Instrukturnya kompeten, penjelasan step by step.",2024-06-30
3342,7263,4,"Materinya jelas dan mudah dipahami, sangat membantu!",2026-10-06
3343,7266,5,"Instrukturnya kompeten, penjelasan step by step.",2026-04-07
3344,7269,5,"Materinya jelas dan mudah dipahami, sangat membantu!",2026-05-27
3345,7271,4,"Instrukturnya kompeten, penjelasan step by step.",2026-08-02
3346,7278,3,"Standar saja, sesuai ekspektasi.",2025-08-23
3347,7280,5,"Instrukturnya kompeten, penjelasan step by step.",2025-11-19
3348,7281,5,"Kursus bagus, cocok untuk pemula.",2026-09-27
3349,7284,4,"Kursus bagus, cocok untuk pemula.",2025-09-11
3350,7285,3,"Standar saja, sesuai ekspektasi.",2025-09-22
3351,7286,5,"Instrukturnya kompeten, penjelasan step by step.",2026-05-25
3352,7289,5,"Sangat puas, worth it banget!",2026-01-02
3353,7292,5,"Instrukturnya kompeten, penjelasan step by step.",2025-03-18
3354,7293,3,Lumayan membantu untuk basic knowledge.,2025-07-24
3355,7294,5,"Materinya jelas dan mudah dipahami, sangat membantu!",2026-03-20
3356,7295,5,Konten up to date dan relevan dengan kebutuhan kerja.,2026-07-27
3357,7297,5,"Materinya jelas dan mudah dipahami, sangat membantu!",2026-01-02
3358,7301,4,"Instrukturnya kompeten, penjelasan step by step.",2026-06-16
3359,7302,5,"Materinya jelas dan mudah dipahami, sangat membantu!",2025-09-17
3360,7303,4,"Sangat puas, worth it banget!",2025-10-08
3361,7306,5,Konten up to date dan relevan dengan kebutuhan kerja.,2026-06-04
3362,7307,5,Konten up to date dan relevan dengan kebutuhan kerja.,2026-01-17
3363,7309,4,"Sangat puas, worth it banget!",2026-08-12
3364,7310,5,"Materinya jelas dan mudah dipahami, sangat membantu!",2026-06-16
3365,7314,4,"Instrukturnya kompeten, penjelasan step by step.",2025-12-17
3366,7316,1,Modul terlalu panjang dan membosankan.,2025-10-10
3367,7318,4,"Sangat puas, worth it banget!",2026-07-22
3368,7320,4,"Instrukturnya kompeten, penjelasan step by step.",2026-04-06
3369,7321,4,"Sangat puas, worth it banget!",2025-08-28
3370,7326,4,"Materinya jelas dan mudah dipahami, sangat membantu!",2026-04-15
3371,7327,2,"Kurang studi kasus, terlalu teori.",2025-02-28
3372,7329,3,"Cukup baik, tapi bisa lebih baik lagi.",2025-11-14
3373,7332,3,"Cukup baik, tapi bisa lebih baik lagi.",2025-10-09
3374,7333,4,"Materinya jelas dan mudah dipahami, sangat membantu!",2026-05-22
3375,7334,5,"Kursus bagus, cocok untuk pemula.",2025-10-05
3376,7337,5,Konten up to date dan relevan dengan kebutuhan kerja.,2024-06-26
3377,7338,2,Kontennya sudah agak outdated.,2026-03-12
3378,7341,4,Konten up to date dan relevan dengan kebutuhan kerja.,2026-07-27
3379,7347,5,Konten up to date dan relevan dengan kebutuhan kerja.,2026-08-21
3380,7349,5,Konten up to date dan relevan dengan kebutuhan kerja.,2026-04-08
3381,7350,5,"Materinya jelas dan mudah dipahami, sangat membantu!",2025-05-18
3382,7358,5,"Materinya jelas dan mudah dipahami, sangat membantu!",2025-10-13
3383,7360,3,"Standar saja, sesuai ekspektasi.",2026-09-30
3384,7361,4,"Sangat puas, worth it banget!",2025-09-01
3385,7363,5,"Materinya jelas dan mudah dipahami, sangat membantu!",2025-09-17
3386,7364,5,Konten up to date dan relevan dengan kebutuhan kerja.,2026-10-14
3387,7369,3,"Cukup baik, tapi bisa lebih baik lagi.",2025-10-01
3388,7374,4,"Instrukturnya kompeten, penjelasan step by step.",2026-02-25
3389,7375,5,"Instrukturnya kompeten, penjelasan step by step.",2025-08-30
3390,7376,3,Lumayan membantu untuk basic knowledge.,2025-02-02
3391,7383,5,"Kursus bagus, cocok untuk pemula.",2026-06-28
3392,7387,4,"Instrukturnya kompeten, penjelasan step by step.",2025-02-24
3393,7391,3,"Standar saja, sesuai ekspektasi.",2026-05-08
3394,7395,4,Konten up to date dan relevan dengan kebutuhan kerja.,2024-08-31
3395,7398,5,"Instrukturnya kompeten, penjelasan step by step.",2025-11-02
3396,7402,5,"Materinya jelas dan mudah dipahami, sangat membantu!",2025-12-21
3397,7406,5,"Kursus bagus, cocok untuk pemula.",2026-08-29
3398,7407,5,"Materinya jelas dan mudah dipahami, sangat membantu!",2026-01-14
3399,7410,4,"Kursus bagus, cocok untuk pemula.",2026-07-19
3400,7411,3,"Standar saja, sesuai ekspektasi.",2026-06-03
3401,7417,4,"Kursus bagus, cocok untuk pemula.",2026-09-25
3402,7418,4,Konten up to date dan relevan dengan kebutuhan kerja.,2026-09-06
3403,7422,3,"Standar saja, sesuai ekspektasi.",2026-06-27
3404,7423,4,"Kursus bagus, cocok untuk pemula.",2026-06-23
3405,7426,3,"Cukup baik, tapi bisa lebih baik lagi.",2026-04-14
3406,7427,4,"Materinya jelas dan mudah dipahami, sangat membantu!",2025-11-16
3407,7430,3,"Cukup baik, tapi bisa lebih baik lagi.",2026-08-04
3408,7432,5,"Materinya jelas dan mudah dipahami, sangat membantu!",2026-06-07
3409,7433,2,"Materinya terlalu cepat, sulit diikuti.",2026-08-08
3410,7436,5,"Kursus bagus, cocok untuk pemula.",2025-01-11
3411,7438,4,"Sangat puas, worth it banget!",2026-02-21
3412,7439,4,"Sangat puas, worth it banget!",2026-04-30
3413,7440,4,Konten up to date dan relevan dengan kebutuhan kerja.,2026-04-20
3414,7449,4,"Sangat puas, worth it banget!",2025-11-25
3415,7453,5,"Sangat puas, worth it banget!",2026-05-12
3416,7455,5,"Sangat puas, worth it banget!",2026-03-09
3417,7456,4,"Materinya jelas dan mudah dipahami, sangat membantu!",2024-07-15
3418,7459,3,"Cukup baik, tapi bisa lebih baik lagi.",2026-05-31
3419,7465,5,Konten up to date dan relevan dengan kebutuhan kerja.,2026-04-05
3420,7466,2,Kontennya sudah agak outdated.,2026-02-18
3421,7470,5,"Sangat puas, worth it banget!",2026-09-22
3422,7473,5,Konten up to date dan relevan dengan kebutuhan kerja.,2026-06-12
3423,7475,5,"Sangat puas, worth it banget!",2026-05-16
3424,7478,3,"Standar saja, sesuai ekspektasi.",2026-05-12
3425,7479,4,"Kursus bagus, cocok untuk pemula.",2025-07-23
3426,7480,4,"Materinya jelas dan mudah dipahami, sangat membantu!",2026-08-12
3427,7482,4,"Instrukturnya kompeten, penjelasan step by step.",2026-05-15
3428,7484,5,Konten up to date dan relevan dengan kebutuhan kerja.,2026-05-25
3429,7487,5,"Sangat puas, worth it banget!",2026-08-06
3430,7488,5,"Sangat puas, worth it banget!",2025-10-25
3431,7490,4,"Sangat puas, worth it banget!",2026-09-25
3432,7495,5,Konten up to date dan relevan dengan kebutuhan kerja.,2026-08-30
3433,7496,5,Konten up to date dan relevan dengan kebutuhan kerja.,2026-08-01
3434,7499,5,"Kursus bagus, cocok untuk pemula.",2025-08-23
3435,7501,3,"Standar saja, sesuai ekspektasi.",2024-12-08
3436,7502,3,"Standar saja, sesuai ekspektasi.",2026-07-04
3437,7503,5,"Instrukturnya kompeten, penjelasan step by step.",2026-05-23
3438,7508,5,"Sangat puas, worth it banget!",2026-01-09
3439,7510,5,"Sangat puas, worth it banget!",2023-12-31
3440,7511,3,"Cukup baik, tapi bisa lebih baik lagi.",2025-11-04
3441,7512,2,Kontennya sudah agak outdated.,2025-10-19
3442,7514,4,Konten up to date dan relevan dengan kebutuhan kerja.,2026-06-19
3443,7516,5,"Kursus bagus, cocok untuk pemula.",2026-02-05
3444,7517,1,"Kurang studi kasus, terlalu teori.",2026-08-22
3445,7522,1,Kontennya sudah agak outdated.,2026-01-17
3446,7525,5,"Materinya jelas dan mudah dipahami, sangat membantu!",2026-06-05
3447,7535,3,Lumayan membantu untuk basic knowledge.,2026-07-18
3448,7536,5,"Materinya jelas dan mudah dipahami, sangat membantu!",2026-05-11
3449,7543,3,"Cukup baik, tapi bisa lebih baik lagi.",2025-10-15
3450,7544,1,Audio dan video kurang jelas di beberapa modul.,2025-11-07
3451,7545,4,"Sangat puas, worth it banget!",2026-08-02
3452,7546,2,"Materinya terlalu cepat, sulit diikuti.",2026-09-06
3453,7548,2,Modul terlalu panjang dan membosankan.,2026-07-30
3454,7549,4,Konten up to date dan relevan dengan kebutuhan kerja.,2026-03-30
3455,7551,4,"Instrukturnya kompeten, penjelasan step by step.",2025-12-01
3456,7552,4,"Sangat puas, worth it banget!",2025-08-07
3457,7553,5,"Sangat puas, worth it banget!",2026-08-16
3458,7554,4,"Kursus bagus, cocok untuk pemula.",2025-01-29
3459,7555,4,"Instrukturnya kompeten, penjelasan step by step.",2025-10-10
3460,7556,5,"Materinya jelas dan mudah dipahami, sangat membantu!",2026-06-04
3461,7557,2,Kontennya sudah agak outdated.,2026-08-10
3462,7559,5,Konten up to date dan relevan dengan kebutuhan kerja.,2026-08-31
3463,7562,4,"Materinya jelas dan mudah dipahami, sangat membantu!",2026-04-30
3464,7567,3,"Standar saja, sesuai ekspektasi.",2026-07-02
3465,7568,4,"Materinya jelas dan mudah dipahami, sangat membantu!",2025-10-01
3466,7570,5,Konten up to date dan relevan dengan kebutuhan kerja.,2026-01-15
3467,7571,4,Konten up to date dan relevan dengan kebutuhan kerja.,2025-12-28
3468,7574,5,"Sangat puas, worth it banget!",2025-08-09
3469,7578,5,Konten up to date dan relevan dengan kebutuhan kerja.,2026-02-17
3470,7580,3,"Cukup baik, tapi bisa lebih baik lagi.",2025-11-17
3471,7583,4,Konten up to date dan relevan dengan kebutuhan kerja.,2025-08-30
3472,7584,5,"Materinya jelas dan mudah dipahami, sangat membantu!",2026-02-21
3473,7585,3,"Standar saja, sesuai ekspektasi.",2026-05-20
3474,7586,3,Lumayan membantu untuk basic knowledge.,2026-04-29
3475,7587,1,Kontennya sudah agak outdated.,2026-06-16
3476,7591,3,Lumayan membantu untuk basic knowledge.,2026-06-17
3477,7593,5,Konten up to date dan relevan dengan kebutuhan kerja.,2026-08-16
3478,7597,3,Lumayan membantu untuk basic knowledge.,2025-08-04
3479,7598,5,Konten up to date dan relevan dengan kebutuhan kerja.,2026-03-17
3480,7599,5,"Sangat puas, worth it banget!",2025-01-10
3481,7603,5,"Kursus bagus, cocok untuk pemula.",2026-06-09
3482,7605,1,"Kurang studi kasus, terlalu teori.",2025-06-03
3483,7607,5,Konten up to date dan relevan dengan kebutuhan kerja.,2026-08-02
3484,7609,3,"Cukup baik, tapi bisa lebih baik lagi.",2026-06-01
3485,7612,5,"Instrukturnya kompeten, penjelasan step by step.",2024-06-19
3486,7614,4,"Sangat puas, worth it banget!",2025-11-15
3487,7615,3,"Standar saja, sesuai ekspektasi.",2026-06-05
3488,7617,5,"Instrukturnya kompeten, penjelasan step by step.",2026-03-18
3489,7618,2,Audio dan video kurang jelas di beberapa modul.,2026-05-14
3490,7621,4,"Materinya jelas dan mudah dipahami, sangat membantu!",2026-06-27
3491,7624,5,Konten up to date dan relevan dengan kebutuhan kerja.,2025-06-07
3492,7625,4,"Kursus bagus, cocok untuk pemula.",2026-03-30
3493,7631,5,"Sangat puas, worth it banget!",2025-12-18
3494,7632,4,"Kursus bagus, cocok untuk pemula.",2026-05-24
3495,7634,3,"Cukup baik, tapi bisa lebih baik lagi.",2025-06-12
3496,7637,4,"Sangat puas, worth it banget!",2025-09-07
3497,7640,4,"Materinya jelas dan mudah dipahami, sangat membantu!",2026-05-26
3498,7644,4,"Kursus bagus, cocok untuk pemula.",2026-06-20
3499,7649,5,"Sangat puas, worth it banget!",2026-03-28
3500,7650,5,"Kursus bagus, cocok untuk pemula.",2026-07-11
3501,7651,3,Lumayan membantu untuk basic knowledge.,2026-08-10
3502,7652,5,"Instrukturnya kompeten, penjelasan step by step.",2026-03-25
3503,7661,3,"Standar saja, sesuai ekspektasi.",2026-08-15
3504,7664,5,"Materinya jelas dan mudah dipahami, sangat membantu!",2026-04-09
3505,7665,4,"Materinya jelas dan mudah dipahami, sangat membantu!",2025-11-30
3506,7667,4,"Sangat puas, worth it banget!",2026-04-10
3507,7669,3,Lumayan membantu untuk basic knowledge.,2026-08-16
3508,7670,4,"Materinya jelas dan mudah dipahami, sangat membantu!",2026-05-23
3509,7676,5,"Kursus bagus, cocok untuk pemula.",2026-08-14
3510,7679,4,"Kursus bagus, cocok untuk pemula.",2026-06-01
3511,7680,5,"Instrukturnya kompeten, penjelasan step by step.",2026-06-02
3512,7684,3,Lumayan membantu untuk basic knowledge.,2025-12-15
3513,7688,5,"Sangat puas, worth it banget!",2026-06-20
3514,7690,5,"Materinya jelas dan mudah dipahami, sangat membantu!",2026-03-04
3515,7691,5,Konten up to date dan relevan dengan kebutuhan kerja.,2026-06-30
3516,7693,5,Konten up to date dan relevan dengan kebutuhan kerja.,2026-07-07
3517,7696,3,Lumayan membantu untuk basic knowledge.,2026-06-27
3518,7698,2,"Kurang studi kasus, terlalu teori.",2025-07-21
3519,7699,4,"Materinya jelas dan mudah dipahami, sangat membantu!",2025-10-16
3520,7700,3,Lumayan membantu untuk basic knowledge.,2026-01-10
3521,7701,1,Kontennya sudah agak outdated.,2026-07-08
3522,7704,5,"Kursus bagus, cocok untuk pemula.",2026-05-24
3523,7705,4,"Instrukturnya kompeten, penjelasan step by step.",2026-03-06
3524,7713,2,"Materinya terlalu cepat, sulit diikuti.",2025-08-18
3525,7714,5,"Materinya jelas dan mudah dipahami, sangat membantu!",2024-04-09
3526,7717,4,"Instrukturnya kompeten, penjelasan step by step.",2025-12-01
3527,7720,4,"Sangat puas, worth it banget!",2025-12-17
3528,7721,5,"Sangat puas, worth it banget!",2026-08-09
3529,7722,4,"Sangat puas, worth it banget!",2025-11-01
3530,7724,3,Lumayan membantu untuk basic knowledge.,2025-05-13
3531,7725,4,Konten up to date dan relevan dengan kebutuhan kerja.,2026-07-20
3532,7727,5,"Instrukturnya kompeten, penjelasan step by step.",2026-02-18
3533,7728,5,Konten up to date dan relevan dengan kebutuhan kerja.,2026-01-16
3534,7729,4,"Sangat puas, worth it banget!",2026-02-07
3535,7730,2,Audio dan video kurang jelas di beberapa modul.,2026-01-06
3536,7731,5,"Sangat puas, worth it banget!",2025-06-30
3537,7733,4,"Kursus bagus, cocok untuk pemula.",2026-03-17
3538,7734,4,Konten up to date dan relevan dengan kebutuhan kerja.,2025-03-16
3539,7736,3,"Cukup baik, tapi bisa lebih baik lagi.",2025-12-16
3540,7737,4,"Kursus bagus, cocok untuk pemula.",2026-01-01
3541,7738,5,"Materinya jelas dan mudah dipahami, sangat membantu!",2026-09-19
3542,7742,5,"Materinya jelas dan mudah dipahami, sangat membantu!",2026-05-12
3543,7743,5,"Materinya jelas dan mudah dipahami, sangat membantu!",2024-11-14
3544,7745,5,Konten up to date dan relevan dengan kebutuhan kerja.,2026-05-20
3545,7746,3,Lumayan membantu untuk basic knowledge.,2026-09-27
3546,7751,2,"Materinya terlalu cepat, sulit diikuti.",2026-03-13
3547,7752,5,Konten up to date dan relevan dengan kebutuhan kerja.,2026-07-24
3548,7753,3,"Standar saja, sesuai ekspektasi.",2025-09-26
3549,7754,5,"Instrukturnya kompeten, penjelasan step by step.",2026-08-16
3550,7761,5,"Sangat puas, worth it banget!",2026-02-14
3551,7763,4,"Sangat puas, worth it banget!",2026-04-15
3552,7764,4,"Materinya jelas dan mudah dipahami, sangat membantu!",2026-08-12
3553,7768,3,Lumayan membantu untuk basic knowledge.,2026-04-09
3554,7770,4,"Instrukturnya kompeten, penjelasan step by step.",2026-06-04
3555,7774,5,"Instrukturnya kompeten, penjelasan step by step.",2026-06-05
3556,7775,4,"Materinya jelas dan mudah dipahami, sangat membantu!",2026-02-24
3557,7786,1,"Materinya terlalu cepat, sulit diikuti.",2025-10-04
3558,7789,5,Konten up to date dan relevan dengan kebutuhan kerja.,2025-07-31
3559,7790,5,Konten up to date dan relevan dengan kebutuhan kerja.,2026-06-18
3560,7792,4,Konten up to date dan relevan dengan kebutuhan kerja.,2026-07-01
3561,7793,4,"Materinya jelas dan mudah dipahami, sangat membantu!",2026-06-16
3562,7795,5,"Sangat puas, worth it banget!",2026-06-24
3563,7799,4,"Kursus bagus, cocok untuk pemula.",2025-10-22
3564,7801,4,Konten up to date dan relevan dengan kebutuhan kerja.,2026-03-26
3565,7802,4,"Materinya jelas dan mudah dipahami, sangat membantu!",2026-01-07
3566,7803,5,"Sangat puas, worth it banget!",2026-01-14
3567,7807,4,"Sangat puas, worth it banget!",2026-03-19
3568,7809,4,"Materinya jelas dan mudah dipahami, sangat membantu!",2025-11-23
3569,7810,3,"Cukup baik, tapi bisa lebih baik lagi.",2025-07-19
3570,7816,5,"Materinya jelas dan mudah dipahami, sangat membantu!",2026-01-28
3571,7817,4,"Kursus bagus, cocok untuk pemula.",2026-02-20
3572,7818,4,"Materinya jelas dan mudah dipahami, sangat membantu!",2026-07-05
3573,7819,5,"Sangat puas, worth it banget!",2026-01-17
3574,7821,4,Konten up to date dan relevan dengan kebutuhan kerja.,2026-05-25
3575,7824,4,"Instrukturnya kompeten, penjelasan step by step.",2026-08-20
3576,7829,5,"Sangat puas, worth it banget!",2026-06-07
3577,7830,2,Kontennya sudah agak outdated.,2026-09-11
3578,7831,5,"Kursus bagus, cocok untuk pemula.",2024-12-16
3579,7832,5,"Instrukturnya kompeten, penjelasan step by step.",2026-04-03
3580,7833,5,Konten up to date dan relevan dengan kebutuhan kerja.,2025-09-22
3581,7834,4,"Materinya jelas dan mudah dipahami, sangat membantu!",2026-09-17
3582,7838,4,"Instrukturnya kompeten, penjelasan step by step.",2026-06-20
3583,7839,4,"Instrukturnya kompeten, penjelasan step by step.",2025-03-27
3584,7840,5,"Kursus bagus, cocok untuk pemula.",2026-08-14
3585,7841,4,"Materinya jelas dan mudah dipahami, sangat membantu!",2026-08-09
3586,7842,3,Lumayan membantu untuk basic knowledge.,2026-01-06
3587,7846,5,"Kursus bagus, cocok untuk pemula.",2025-01-07
3588,7849,4,"Kursus bagus, cocok untuk pemula.",2025-10-20
3589,7852,3,"Standar saja, sesuai ekspektasi.",2026-05-06
3590,7855,2,"Kurang studi kasus, terlalu teori.",2025-08-07
3591,7858,5,"Instrukturnya kompeten, penjelasan step by step.",2026-02-09
3592,7860,2,Kontennya sudah agak outdated.,2026-02-13
3593,7863,3,Lumayan membantu untuk basic knowledge.,2026-08-08
3594,7864,5,"Sangat puas, worth it banget!",2026-09-19
3595,7870,3,"Standar saja, sesuai ekspektasi.",2026-03-03
3596,7874,5,"Sangat puas, worth it banget!",2025-01-18
3597,7875,5,"Instrukturnya kompeten, penjelasan step by step.",2025-12-09
3598,7877,4,"Instrukturnya kompeten, penjelasan step by step.",2025-12-29
3599,7878,5,"Materinya jelas dan mudah dipahami, sangat membantu!",2026-06-10
3600,7880,4,"Kursus bagus, cocok untuk pemula.",2026-07-24
3601,7883,5,"Instrukturnya kompeten, penjelasan step by step.",2026-08-28
3602,7885,5,"Instrukturnya kompeten, penjelasan step by step.",2025-12-24
3603,7890,5,"Materinya jelas dan mudah dipahami, sangat membantu!",2026-04-14
3604,7898,5,Konten up to date dan relevan dengan kebutuhan kerja.,2025-06-14
3605,7901,5,Konten up to date dan relevan dengan kebutuhan kerja.,2025-09-17
3606,7903,4,Konten up to date dan relevan dengan kebutuhan kerja.,2025-02-15
3607,7905,4,Konten up to date dan relevan dengan kebutuhan kerja.,2026-07-01
3608,7906,5,"Kursus bagus, cocok untuk pemula.",2025-02-12
3609,7908,5,Konten up to date dan relevan dengan kebutuhan kerja.,2026-05-06
3610,7913,4,"Instrukturnya kompeten, penjelasan step by step.",2026-05-17
3611,7914,5,Konten up to date dan relevan dengan kebutuhan kerja.,2026-05-01
3612,7915,5,"Sangat puas, worth it banget!",2026-06-09
3613,7917,5,Konten up to date dan relevan dengan kebutuhan kerja.,2026-01-24
3614,7920,4,Konten up to date dan relevan dengan kebutuhan kerja.,2026-09-21
3615,7923,5,"Sangat puas, worth it banget!",2026-05-28
3616,7927,4,"Sangat puas, worth it banget!",2026-06-24
3617,7929,5,"Materinya jelas dan mudah dipahami, sangat membantu!",2026-08-16
3618,7930,5,"Sangat puas, worth it banget!",2026-07-21
3619,7931,5,"Materinya jelas dan mudah dipahami, sangat membantu!",2026-02-17
3620,7935,5,"Sangat puas, worth it banget!",2026-06-18
3621,7937,5,"Materinya jelas dan mudah dipahami, sangat membantu!",2026-05-14
3622,7938,5,Konten up to date dan relevan dengan kebutuhan kerja.,2026-08-28
3623,7943,4,"Materinya jelas dan mudah dipahami, sangat membantu!",2026-09-06
