enrollment_id,user_id,course_id,enrollment_date,enrollment_source,date_anomaly_flag,is_retake
1,1861,237,2025-01-10,promo,none,False
2,1351,78,2026-07-08,ads,none,False
3,1847,236,2026-05-12,promo,none,False
4,1271,166,2026-07-12,promo,none,False
5,983,108,2025-07-07,ads,none,False
6,1160,70,2026-07-26,promo,none,False
7,1526,89,2026-07-21,promo,none,False
8,1892,147,2026-05-28,promo,none,False
9,1677,197,2026-04-24,referral,none,False
10,1695,235,2026-06-09,organic,none,False
11,1116,231,2026-05-04,organic,none,False
12,1080,238,2026-04-18,promo,none,False
13,1113,293,2024-11-27,referral,none,False
14,1838,104,2025-07-29,ads,none,False
15,1011,53,2025-11-18,ads,none,False
16,1850,232,2026-04-12,ads,none,False
17,1601,50,2026-07-10,promo,none,False
18,115,141,2025-12-10,promo,none,False
19,849,189,2026-07-03,organic,none,False
20,928,283,2024-10-27,organic,none,False
21,1448,16,2026-01-22,ads,none,False
22,1593,45,2025-09-24,ads,none,False
23,1077,142,2025-06-02,ads,none,False
24,61,203,2025-07-30,promo,none,False
25,1928,54,2026-06-23,ads,none,False
26,145,131,2026-05-25,ads,none,False
27,747,297,2026-03-14,organic,none,False
28,1336,168,2026-05-24,referral,none,False
29,1775,61,2026-05-29,promo,none,False
30,22,40,2025-12-01,ads,none,False
31,401,255,2025-08-27,ads,none,False
32,1342,84,2025-10-20,referral,none,False
33,1878,63,2026-02-18,referral,none,False
34,1615,25,2025-02-17,organic,none,False
35,1796,12,2025-02-05,ads,none,False
36,1437,252,2026-04-02,ads,none,False
37,1926,271,2026-03-27,ads,none,False
38,608,149,2026-07-11,promo,enrollment_before_registration,False
39,1013,203,2026-04-07,referral,none,False
40,1324,189,2026-05-12,promo,none,False
41,325,290,2026-06-23,organic,none,False
42,1837,153,2026-03-28,ads,none,False
43,469,264,2025-01-13,promo,none,False
44,11,237,2026-05-08,ads,none,False
45,377,63,2025-07-07,promo,none,False
46,1811,248,2024-06-18,promo,none,False
47,87,285,2025-10-17,referral,none,False
48,661,86,2026-02-06,referral,none,False
49,1861,119,2026-07-30,ads,none,False
50,772,46,2026-07-02,referral,none,False
51,529,188,2025-08-29,promo,none,False
52,314,50,2025-04-05,referral,none,False
53,70,185,2026-02-14,promo,none,False
54,1042,51,2026-06-21,ads,none,False
55,1591,157,2025-01-17,ads,none,False
56,1722,267,2026-07-24,organic,none,False
57,899,21,2026-04-27,promo,none,False
58,1425,151,2026-06-11,organic,none,False
59,411,254,2024-07-23,ads,none,False
60,21,256,2025-07-23,organic,none,False
61,207,79,2026-06-12,ads,enrollment_before_registration,False
62,1824,84,2026-06-22,referral,none,False
63,556,51,2026-03-31,referral,none,False
64,1388,127,2025-03-09,ads,none,False
65,1926,234,2025-06-15,organic,none,False
66,413,144,2026-07-09,ads,none,False
67,300,34,2026-06-17,ads,enrollment_before_registration,False
68,129,80,2026-05-18,ads,none,False
69,399,160,2025-11-24,ads,none,False
70,1011,28,2025-10-25,organic,none,False
71,1012,33,2026-05-23,ads,none,False
72,554,131,2026-04-30,referral,none,False
73,761,224,2024-05-30,referral,none,False
74,635,218,2025-09-08,promo,none,False
75,1767,105,2026-05-19,referral,none,False
76,1449,74,2025-03-10,referral,none,False
77,808,86,2026-05-27,referral,none,False
78,561,207,2026-01-01,ads,none,False
79,339,153,2025-12-02,promo,none,False
80,22,294,2025-07-14,promo,none,False
81,908,50,2025-01-12,promo,none,False
82,363,150,2026-03-15,promo,none,False
83,1960,191,2026-07-22,organic,none,False
84,525,105,2026-02-12,ads,none,False
85,1411,90,2026-04-08,referral,enrollment_before_registration;enrollment_before_publish,False
86,1342,290,2025-01-27,organic,none,False
87,357,194,2025-10-19,promo,none,False
88,1119,279,2025-12-28,organic,none,False
89,1300,206,2025-09-10,promo,none,False
90,1502,157,2026-02-05,organic,none,False
91,993,196,2025-01-28,organic,none,False
92,813,278,2024-06-10,referral,none,False
93,1660,136,2025-04-12,organic,none,False
94,391,71,2026-07-03,referral,enrollment_before_registration,False
95,745,22,2025-06-14,ads,none,False
96,341,168,2025-12-03,promo,none,False
97,892,134,2024-11-04,referral,none,False
98,1760,12,2025-07-04,promo,none,False
99,1466,46,2026-07-21,ads,none,False
100,204,244,2025-01-30,referral,none,False
101,713,239,2026-07-05,promo,none,False
102,901,229,2024-09-24,promo,none,False
103,1339,181,2025-11-08,ads,none,False
104,232,127,2025-05-24,referral,none,False
105,308,130,2026-02-03,promo,none,False
106,996,265,2025-09-25,organic,none,False
107,1656,140,2025-12-09,promo,none,False
108,1615,41,2025-06-01,organic,none,False
109,1839,33,2026-05-27,organic,none,False
110,1796,300,2025-06-04,promo,none,False
111,543,136,2026-02-19,referral,none,False
112,781,287,2023-12-16,ads,none,False
113,1646,165,2024-04-10,ads,none,False
114,1076,55,2026-03-12,promo,none,False
115,46,69,2026-01-17,promo,none,False
116,1640,127,2026-05-24,organic,none,False
117,1337,132,2024-12-10,promo,none,False
118,519,247,2026-03-14,organic,none,False
119,1304,254,2026-04-17,organic,none,False
120,809,109,2026-07-13,organic,none,False
121,1156,212,2026-01-29,referral,none,False
122,1000,253,2025-10-19,promo,none,False
123,569,201,2025-12-20,organic,none,False
124,392,261,2025-11-22,ads,none,False
125,1424,112,2026-05-20,referral,none,False
126,1312,115,2025-04-30,promo,none,False
127,666,203,2025-08-05,promo,none,False
128,444,28,2025-12-22,promo,none,False
129,1130,162,2026-07-22,promo,none,False
130,1860,54,2026-06-23,organic,none,False
131,774,207,2026-05-23,referral,none,False
132,448,286,2024-05-21,promo,none,False
133,1879,233,2026-07-21,referral,none,False
134,1073,290,2025-04-01,organic,none,False
135,796,76,2025-07-03,organic,none,False
136,177,150,2026-01-03,ads,none,False
137,51,126,2025-01-31,promo,none,False
138,28,182,2026-03-12,promo,none,False
139,1541,219,2026-04-21,organic,none,False
140,666,178,2026-07-15,ads,none,False
141,1709,141,2024-04-17,promo,none,False
142,579,234,2026-07-04,promo,none,False
143,1001,265,2026-03-22,promo,none,False
144,701,97,2024-07-29,referral,none,False
145,1672,264,2025-05-04,referral,none,False
146,1391,19,2025-05-28,ads,none,False
147,212,183,2026-04-20,promo,none,False
148,608,298,2026-05-04,ads,enrollment_before_registration,False
149,135,39,2025-09-06,promo,none,False
150,1985,184,2026-07-06,organic,none,False
151,82,70,2024-10-22,promo,none,False
152,348,147,2026-03-03,promo,none,False
153,1994,202,2025-12-28,organic,none,False
154,88,268,2026-07-06,organic,none,False
155,810,250,2025-10-24,ads,none,False
156,1397,29,2025-12-23,promo,none,False
157,1764,15,2025-10-16,organic,none,False
158,1528,283,2024-09-15,referral,none,False
159,187,97,2026-07-28,ads,none,False
160,878,137,2024-11-28,ads,none,False
161,91,51,2026-04-29,ads,none,False
162,488,205,2025-04-16,ads,none,False
163,259,92,2026-03-01,ads,none,False
164,961,77,2026-01-19,referral,none,False
165,28,9,2026-05-30,ads,none,False
166,227,72,2026-02-13,referral,none,False
167,1959,172,2026-07-16,ads,none,False
168,997,41,2026-02-04,promo,none,False
169,1900,13,2026-06-21,ads,none,False
170,1815,140,2026-04-29,promo,none,False
171,1219,47,2025-12-03,organic,none,False
172,1819,28,2026-07-29,promo,none,False
173,715,291,2025-12-23,organic,none,False
174,132,300,2026-06-22,referral,none,False
175,387,287,2024-10-16,referral,none,False
176,1418,102,2025-09-05,organic,none,False
177,684,35,2026-07-04,ads,none,False
178,1101,274,2026-04-19,ads,none,False
179,372,189,2026-03-30,ads,none,False
180,1742,43,2026-01-29,referral,none,False
181,792,290,2026-03-03,referral,enrollment_before_registration,False
182,173,268,2024-11-19,organic,none,False
183,147,50,2025-08-05,referral,none,False
184,1185,68,2024-12-28,ads,none,False
185,1356,105,2025-05-11,promo,none,False
186,1693,201,2025-09-08,organic,none,False
187,158,125,2026-01-11,promo,enrollment_before_publish,False
188,1842,188,2026-04-02,ads,none,False
189,1049,65,2026-01-06,promo,none,False
190,705,189,2026-03-01,ads,none,False
191,452,273,2024-12-20,promo,none,False
192,1968,189,2026-03-18,referral,none,False
193,487,72,2025-07-15,ads,none,False
194,270,33,2026-04-20,promo,none,False
195,1265,258,2026-07-24,promo,none,False
196,369,296,2026-03-21,organic,none,False
197,67,294,2026-01-30,promo,none,False
198,1149,168,2025-07-22,ads,none,False
199,1832,114,2026-06-16,referral,none,False
200,1488,237,2026-07-29,ads,none,False
201,260,296,2025-10-07,ads,none,False
202,428,255,2023-12-13,ads,none,False
203,602,65,2025-11-17,ads,none,False
204,1946,283,2026-07-02,referral,none,False
205,1317,175,2025-07-22,promo,none,False
206,1411,113,2026-04-01,ads,enrollment_before_registration,False
207,1418,115,2026-07-21,promo,none,False
208,185,232,2025-10-26,ads,none,False
209,315,75,2026-03-26,organic,none,False
210,251,203,2025-11-09,promo,none,False
211,279,175,2026-06-21,promo,none,False
212,1410,194,2026-02-25,organic,none,False
213,1846,71,2026-04-14,referral,none,False
214,104,168,2024-09-07,referral,none,False
215,169,53,2025-11-26,organic,none,False
216,46,11,2025-01-18,referral,none,False
217,1947,197,2024-10-19,ads,none,False
218,784,269,2026-03-30,ads,none,False
219,1601,155,2025-04-28,ads,none,False
220,1458,60,2026-04-14,organic,none,False
221,286,187,2026-04-21,referral,none,False
222,1612,262,2026-01-06,referral,none,False
223,1090,8,2026-07-19,ads,none,False
224,163,45,2026-07-14,organic,none,False
225,1242,89,2026-07-17,ads,none,False
226,315,276,2026-07-04,organic,none,False
227,583,296,2025-09-19,referral,none,False
228,1440,167,2025-12-12,referral,none,False
229,89,199,2025-11-30,promo,none,False
230,1844,258,2025-09-01,referral,none,False
231,1464,114,2025-12-11,promo,none,False
232,1698,79,2026-06-28,organic,none,False
233,33,129,2026-06-14,organic,none,False
234,936,250,2025-06-08,promo,none,False
235,957,176,2025-11-22,referral,none,False
236,111,28,2026-04-11,organic,none,False
237,1740,63,2026-07-17,organic,none,False
238,453,24,2026-07-24,promo,none,False
239,1570,138,2026-03-24,referral,none,False
240,1967,139,2025-12-31,organic,none,False
241,779,233,2026-02-01,ads,none,False
242,1919,154,2026-07-21,ads,none,False
243,481,210,2026-06-22,referral,none,False
244,114,281,2026-01-15,ads,none,False
245,1395,100,2026-06-22,referral,enrollment_before_registration,False
246,1674,106,2026-05-12,referral,none,False
247,1615,288,2026-07-09,referral,none,False
248,1198,147,2026-06-07,referral,none,False
249,1616,58,2026-06-28,organic,none,False
250,1611,75,2026-06-04,organic,none,False
251,1766,281,2026-05-12,ads,none,False
252,1468,187,2026-05-26,ads,none,False
253,1172,68,2025-05-20,ads,none,False
254,1615,109,2026-05-03,organic,none,False
255,738,28,2025-11-17,organic,none,False
256,239,275,2025-06-24,promo,none,False
257,1839,31,2026-07-22,ads,none,False
258,1716,41,2025-10-20,referral,none,False
259,928,163,2026-01-22,ads,none,False
260,1298,136,2025-11-25,referral,none,False
261,1581,272,2025-10-04,promo,none,False
262,1550,27,2024-08-28,promo,none,False
263,1909,64,2025-12-18,promo,none,False
264,840,263,2026-04-29,organic,none,False
265,6,170,2026-01-02,ads,none,False
266,1988,162,2026-06-11,referral,none,False
267,245,148,2025-11-22,ads,none,False
268,169,209,2026-01-23,promo,none,False
269,335,201,2026-03-22,organic,none,False
270,1820,173,2026-05-12,organic,none,False
271,1858,49,2026-06-27,referral,enrollment_before_registration,False
272,145,242,2024-11-21,organic,none,False
273,938,219,2024-10-29,promo,none,False
274,706,289,2025-09-26,promo,none,False
275,1477,23,2025-12-22,ads,none,False
276,1429,129,2026-05-11,promo,none,False
277,1292,183,2025-12-17,ads,none,False
278,1855,238,2024-08-20,promo,none,False
279,1880,20,2026-06-29,ads,none,False
280,212,8,2026-06-05,referral,none,False
281,1000,225,2026-02-24,promo,none,False
282,94,111,2025-12-24,organic,none,False
283,21,166,2025-08-30,organic,none,False
284,820,196,2025-07-24,promo,none,False
285,809,196,2026-07-10,organic,none,False
286,28,144,2025-10-13,referral,none,False
287,605,168,2026-06-07,ads,none,False
288,1965,87,2026-04-17,organic,none,False
289,1295,260,2026-07-19,promo,none,False
290,1506,286,2025-10-25,ads,none,False
291,1761,258,2026-06-14,promo,none,False
292,186,19,2026-04-11,ads,none,False
293,909,131,2026-04-26,organic,none,False
294,277,135,2024-06-15,organic,none,False
295,332,151,2026-06-04,ads,none,False
296,655,157,2026-02-04,referral,none,False
297,1694,285,2025-07-31,referral,none,False
298,73,186,2026-06-10,ads,none,False
299,1218,56,2026-05-09,referral,none,False
300,372,289,2025-12-12,referral,none,False
301,454,48,2026-05-27,referral,none,False
302,74,109,2025-09-29,promo,none,False
303,310,268,2026-05-28,referral,none,False
304,1140,207,2026-06-04,promo,none,False
305,1303,92,2026-01-26,promo,none,False
306,1124,298,2026-04-23,organic,none,False
307,999,197,2026-06-14,ads,none,False
308,63,113,2026-04-22,ads,none,False
309,159,108,2026-03-31,referral,none,False
310,701,219,2025-04-20,referral,none,False
311,1589,24,2025-03-16,referral,none,False
312,643,182,2025-06-13,ads,none,False
313,248,114,2026-06-27,ads,none,False
314,701,223,2026-01-22,organic,none,False
315,263,195,2026-07-01,referral,none,False
316,947,58,2025-11-23,referral,none,False
317,506,63,2026-04-30,organic,none,False
318,1505,95,2024-03-24,promo,none,False
319,1071,285,2026-01-26,promo,none,False
320,758,104,2026-07-01,promo,none,False
321,1467,225,2026-05-18,promo,none,False
322,1673,173,2026-02-17,ads,none,False
323,1014,151,2026-05-28,promo,none,False
324,794,273,2026-02-04,organic,none,False
325,1872,51,2025-11-08,referral,none,False
326,1354,1,2026-04-22,ads,none,False
327,171,122,2025-08-09,ads,none,False
328,354,167,2026-04-19,ads,none,False
329,481,12,2024-08-27,referral,none,False
330,1386,209,2025-11-15,referral,none,False
331,204,194,2025-05-01,organic,none,False
332,1181,28,2026-03-25,promo,none,False
333,930,53,2026-01-20,promo,none,False
334,1941,106,2026-07-16,ads,none,False
335,1466,175,2025-11-27,organic,none,False
336,121,137,2025-01-17,referral,none,False
337,543,179,2026-07-27,organic,none,False
338,479,133,2025-01-27,ads,none,False
339,1216,113,2025-11-28,ads,none,False
340,110,231,2026-03-07,ads,none,False
341,1291,266,2025-07-23,promo,none,False
342,657,72,2025-12-29,ads,none,False
343,1722,15,2026-05-01,ads,none,False
344,808,295,2026-02-10,organic,none,False
345,1025,70,2026-03-15,referral,none,False
346,1181,16,2026-07-02,referral,none,False
347,1610,142,2025-04-27,organic,none,False
348,321,60,2025-11-21,referral,none,False
349,1153,229,2025-09-10,promo,none,False
350,808,64,2026-02-10,ads,none,False
351,546,42,2026-06-14,ads,none,False
352,420,136,2026-07-14,ads,none,False
353,1886,59,2024-11-07,promo,none,False
354,1965,29,2026-03-25,ads,none,False
355,83,68,2025-07-03,ads,none,False
356,1139,63,2026-07-25,promo,none,False
357,941,8,2026-06-08,referral,enrollment_before_registration,False
358,294,45,2025-12-02,promo,none,False
359,23,203,2025-08-14,promo,none,False
360,1988,94,2026-02-15,referral,none,False
361,1844,141,2025-10-05,promo,none,False
362,854,18,2025-08-10,referral,none,False
363,644,26,2025-07-05,ads,none,False
364,1085,11,2024-10-20,organic,none,False
365,537,15,2026-06-11,organic,none,False
366,134,13,2025-12-14,organic,none,False
367,1634,142,2026-03-09,organic,none,False
368,1361,89,2026-05-26,organic,none,False
369,432,149,2025-02-22,promo,none,False
370,1421,44,2026-05-15,ads,none,False
371,911,79,2026-07-06,ads,none,False
372,1255,207,2026-07-02,organic,none,False
373,7,91,2026-07-29,promo,none,False
374,1180,161,2026-07-14,organic,none,False
375,1187,282,2026-07-21,organic,none,False
376,1055,198,2025-10-20,ads,none,False
377,1420,229,2025-02-01,promo,none,False
378,435,30,2026-06-17,organic,none,False
379,1905,82,2026-07-23,promo,none,False
380,1184,7,2025-04-07,referral,none,False
381,719,245,2026-07-29,referral,none,False
382,1787,85,2026-02-26,referral,none,False
383,378,97,2026-01-18,organic,none,False
384,937,5,2025-10-26,organic,none,False
385,598,260,2026-04-02,promo,none,False
386,1157,9,2025-12-29,referral,none,False
387,1874,182,2026-03-22,referral,none,False
388,1903,135,2023-10-27,organic,none,False
389,1539,71,2025-08-12,organic,none,False
390,1948,49,2026-07-19,organic,none,False
391,399,24,2026-01-12,organic,none,False
392,305,128,2025-12-05,organic,none,False
393,1821,237,2024-09-23,promo,none,False
394,934,47,2025-12-26,promo,none,False
395,1563,247,2025-06-09,ads,none,False
396,1442,249,2026-03-04,ads,none,False
397,703,42,2026-05-10,organic,none,False
398,227,251,2026-02-10,referral,none,False
399,556,96,2026-02-02,referral,none,False
400,1438,151,2026-05-06,organic,none,False
401,1663,115,2025-08-22,referral,none,False
402,921,23,2026-03-07,promo,none,False
403,387,129,2025-03-25,organic,none,False
404,466,77,2026-02-15,ads,none,False
405,492,237,2026-07-15,referral,none,False
406,1624,171,2026-04-27,promo,none,False
407,1897,72,2026-07-03,organic,none,False
408,1742,230,2026-05-08,ads,none,False
409,1297,240,2024-11-02,promo,none,False
410,666,270,2025-05-18,referral,none,False
411,1130,243,2026-02-02,organic,none,False
412,11,251,2026-06-08,ads,none,False
413,1935,100,2026-02-01,referral,none,False
414,1734,21,2025-08-19,promo,none,False
415,1871,151,2026-07-27,ads,none,False
416,684,235,2026-07-14,ads,none,False
417,961,94,2026-06-09,referral,none,False
418,805,197,2026-06-06,referral,none,False
419,1364,34,2026-02-20,referral,none,False
420,635,276,2026-01-06,ads,none,False
421,150,228,2024-01-24,ads,none,False
422,1711,113,2025-01-02,promo,none,False
423,335,223,2026-05-22,referral,none,False
424,1704,12,2026-07-29,referral,none,False
425,522,129,2026-04-10,promo,none,False
426,726,104,2026-03-13,promo,none,False
427,1206,288,2026-01-08,ads,none,False
428,1004,226,2026-06-18,promo,none,False
429,1009,279,2026-06-03,promo,none,False
430,1325,79,2026-06-15,organic,none,False
431,870,270,2025-11-04,organic,none,False
432,755,121,2026-04-03,organic,none,False
433,245,58,2025-12-23,organic,none,False
434,1928,4,2026-05-17,promo,none,False
435,46,44,2025-12-08,organic,none,False
436,1825,202,2026-07-21,ads,none,False
437,350,39,2025-05-23,promo,none,False
438,998,96,2025-08-09,promo,none,False
439,258,287,2025-08-16,organic,none,False
440,1866,241,2026-06-24,referral,none,False
441,1857,22,2026-01-30,referral,none,False
442,406,176,2025-01-02,referral,none,False
443,1096,179,2026-07-08,promo,none,False
444,244,220,2024-06-17,ads,none,False
445,203,77,2025-12-24,ads,none,False
446,58,250,2025-03-09,ads,none,False
447,1165,248,2025-07-17,organic,none,False
448,1912,48,2026-06-26,referral,none,False
449,624,243,2025-07-26,promo,none,False
450,230,208,2026-04-11,ads,none,False
451,1856,110,2026-03-03,organic,none,False
452,687,288,2026-07-16,referral,none,False
453,1538,229,2024-10-17,promo,none,False
454,486,76,2026-05-26,ads,enrollment_before_registration,False
455,59,52,2025-07-11,promo,none,False
456,1484,253,2025-03-15,referral,none,False
457,993,76,2026-01-05,organic,none,False
458,25,20,2025-03-14,organic,none,False
459,657,225,2025-10-15,organic,none,False
460,1604,288,2026-06-23,referral,none,False
461,1059,218,2024-08-03,ads,none,False
462,581,177,2025-08-23,promo,none,False
463,910,19,2026-03-10,ads,none,False
464,1849,167,2026-03-16,ads,none,False
465,1227,42,2026-06-25,ads,enrollment_before_registration,False
466,1381,159,2026-06-16,referral,none,False
467,398,24,2026-03-04,ads,none,False
468,1993,225,2026-05-21,promo,none,False
469,672,247,2025-07-30,referral,none,False
470,280,235,2026-06-18,ads,none,False
471,214,58,2025-05-06,referral,none,False
472,1457,186,2026-06-01,promo,none,False
473,720,290,2025-11-27,organic,none,False
474,61,157,2025-03-11,promo,none,False
475,1856,124,2025-05-28,referral,none,False
476,1935,52,2025-04-24,ads,none,False
477,1508,181,2025-05-25,organic,none,False
478,1317,180,2026-02-25,ads,none,False
479,221,90,2026-05-01,referral,none,False
480,1740,152,2025-08-03,promo,none,False
481,1242,217,2025-12-24,organic,none,False
482,149,147,2024-07-07,promo,none,False
483,524,210,2025-08-03,promo,none,False
484,276,157,2026-04-22,ads,enrollment_before_registration,False
485,35,171,2026-07-05,referral,none,False
486,1199,129,2025-07-01,promo,none,False
487,1009,69,2026-04-12,promo,none,False
488,255,84,2026-06-11,ads,none,False
489,827,89,2026-03-04,organic,none,False
490,416,249,2026-07-01,organic,none,False
491,700,244,2026-02-14,referral,none,False
492,120,67,2026-06-22,referral,none,False
493,1170,292,2025-07-01,referral,none,False
494,365,48,2026-06-04,referral,none,False
495,1250,39,2026-05-03,organic,none,False
496,1836,233,2025-07-07,organic,none,False
497,84,170,2026-06-01,ads,none,False
498,1621,211,2025-08-01,promo,none,False
499,648,81,2025-10-01,promo,none,False
500,603,249,2026-06-15,promo,none,False
501,1785,135,2025-03-21,referral,none,False
502,669,165,2025-09-06,referral,none,False
503,847,15,2026-01-28,ads,none,False
504,1694,161,2026-04-02,promo,none,False
505,166,242,2025-01-24,ads,none,False
506,1336,135,2026-06-07,organic,none,False
507,1561,51,2026-01-27,ads,none,False
508,1670,164,2026-01-02,referral,none,False
509,977,181,2025-04-10,ads,none,False
510,983,233,2025-11-01,organic,none,False
511,355,263,2026-06-24,referral,none,False
512,1064,57,2026-06-17,referral,none,False
513,1588,54,2026-06-04,organic,none,False
514,345,109,2025-12-24,ads,none,False
515,1021,261,2026-01-22,organic,none,False
516,836,75,2026-06-15,ads,none,False
517,1215,141,2026-01-12,ads,none,False
518,1206,33,2026-05-14,ads,none,False
519,1420,286,2026-04-02,promo,none,False
520,804,226,2026-06-25,referral,none,False
521,329,16,2026-06-05,promo,none,False
522,1843,230,2025-10-03,ads,none,False
523,293,77,2025-07-01,referral,none,False
524,142,215,2026-05-07,referral,none,False
525,484,235,2026-06-02,organic,none,False
526,1675,211,2026-05-14,promo,none,False
527,1956,19,2026-04-08,referral,none,False
528,1835,76,2025-11-05,ads,none,False
529,114,131,2026-05-14,referral,none,False
530,936,85,2024-03-17,organic,none,False
531,500,51,2026-06-06,promo,none,False
532,1897,162,2026-07-14,organic,none,False
533,746,278,2024-09-17,promo,none,False
534,1403,185,2025-11-29,ads,none,False
535,731,157,2026-02-06,promo,enrollment_before_registration,False
536,9,245,2026-06-15,ads,none,False
537,1304,29,2026-07-09,organic,none,False
538,153,185,2026-07-06,ads,none,False
539,1603,145,2026-05-08,organic,none,False
540,267,237,2026-05-31,organic,none,False
541,1900,172,2026-07-04,referral,none,False
542,1729,174,2026-04-11,ads,enrollment_before_registration,False
543,453,147,2026-04-16,organic,none,False
544,1205,78,2026-04-19,referral,none,False
545,122,226,2025-11-27,organic,none,False
546,1031,211,2025-09-20,ads,none,False
547,184,102,2025-09-15,promo,none,False
548,1379,219,2026-01-27,referral,none,False
549,1132,116,2026-06-11,organic,none,False
550,1956,30,2026-02-27,promo,none,False
551,1573,294,2026-03-20,ads,enrollment_before_registration,False
552,1854,122,2026-07-09,referral,none,False
553,1407,178,2026-06-22,promo,none,False
554,1964,137,2026-07-21,promo,none,False
555,128,22,2025-09-25,organic,none,False
556,1369,252,2026-04-21,ads,none,False
557,1909,208,2026-02-15,organic,none,False
558,854,90,2026-05-02,referral,none,False
559,913,298,2026-06-28,promo,none,False
560,1814,160,2026-07-30,ads,none,False
561,1197,75,2025-04-22,organic,none,False
562,1121,176,2025-05-17,organic,none,False
563,737,14,2026-02-09,promo,none,False
564,669,112,2025-08-21,referral,none,False
565,1287,21,2026-06-16,promo,none,False
566,583,101,2026-07-27,referral,none,False
567,1255,159,2026-03-18,referral,none,False
568,72,228,2026-07-02,ads,none,False
569,1167,229,2026-03-17,promo,none,False
570,1094,293,2026-01-22,ads,none,False
571,1064,136,2026-07-19,promo,none,False
572,43,173,2025-09-28,promo,none,False
573,1377,242,2026-01-11,referral,none,False
574,904,5,2024-09-17,organic,none,False
575,1511,146,2026-07-15,referral,none,False
576,1810,65,2025-05-16,referral,none,False
577,1959,296,2026-07-26,organic,none,False
578,291,170,2026-02-13,organic,none,False
579,1984,260,2024-11-23,promo,none,False
580,1970,279,2025-04-10,organic,none,False
581,899,278,2026-07-07,organic,none,False
582,1197,143,2025-08-05,promo,none,False
583,1577,262,2026-03-02,organic,none,False
584,802,204,2026-07-22,referral,none,False
585,866,194,2025-07-09,promo,none,False
586,879,51,2026-01-09,organic,none,False
587,813,216,2024-10-15,ads,none,False
588,1613,23,2026-06-02,referral,none,False
589,1244,283,2025-09-10,organic,none,False
590,454,38,2026-05-23,ads,none,False
591,1389,64,2025-09-04,organic,none,False
592,865,3,2025-12-28,ads,none,False
593,1618,267,2026-07-08,referral,none,False
594,32,79,2026-01-21,organic,none,False
595,1867,32,2024-06-25,referral,none,False
596,447,146,2026-06-25,organic,none,False
597,114,114,2026-07-06,referral,none,False
598,820,149,2025-12-07,promo,none,False
599,1246,154,2025-07-01,ads,none,False
600,852,136,2025-07-27,promo,none,False
601,1761,238,2026-03-05,referral,none,False
602,454,57,2026-02-04,organic,none,False
603,918,185,2025-01-13,organic,none,False
604,1690,6,2025-11-11,organic,none,False
605,407,128,2026-05-07,promo,none,False
606,1402,245,2026-06-28,promo,none,False
607,531,113,2026-06-07,referral,none,False
608,1178,216,2025-12-26,promo,none,False
609,1874,72,2026-04-06,promo,none,False
610,1616,177,2026-07-15,ads,none,False
611,1142,207,2024-08-05,referral,none,False
612,550,146,2026-07-05,organic,none,False
613,1,257,2026-05-27,referral,none,False
614,781,200,2026-03-14,ads,none,False
615,896,48,2026-05-28,ads,none,False
616,749,99,2026-01-16,organic,none,False
617,1381,221,2026-05-28,ads,none,False
618,989,201,2025-07-06,promo,none,False
619,505,166,2024-08-18,promo,none,False
620,1083,148,2026-06-21,promo,none,False
621,1385,130,2026-02-10,ads,none,False
622,1587,21,2026-06-23,organic,none,False
623,514,94,2025-11-19,promo,none,False
624,5,106,2026-03-20,ads,none,False
625,675,16,2025-12-30,ads,none,False
626,49,179,2026-06-09,ads,none,False
627,1440,283,2025-10-23,referral,none,False
628,1536,263,2026-05-17,referral,none,False
629,1238,22,2026-07-27,promo,none,False
630,239,145,2026-04-30,organic,none,False
631,496,59,2026-01-27,organic,none,False
632,13,96,2026-04-21,ads,none,False
633,1126,298,2026-03-27,promo,none,False
634,662,38,2026-06-11,organic,none,False
635,1562,42,2026-06-05,referral,none,False
636,86,299,2026-07-07,organic,none,False
637,790,136,2025-07-16,referral,none,False
638,801,44,2025-12-22,referral,none,False
639,1102,21,2026-07-05,ads,none,False
640,1339,77,2026-02-24,organic,none,False
641,209,90,2026-04-14,referral,enrollment_before_registration;enrollment_before_publish,False
642,1067,116,2026-05-28,ads,none,False
643,137,26,2026-07-12,organic,none,False
644,1680,2,2025-12-04,promo,none,False
645,1483,41,2026-04-10,organic,none,False
646,1350,298,2026-04-08,organic,none,False
647,1679,49,2026-02-10,promo,none,False
648,653,250,2025-12-09,ads,none,False
649,1491,273,2026-01-08,ads,none,False
650,1868,219,2026-05-14,referral,none,False
651,413,155,2025-12-13,organic,none,False
652,838,192,2026-05-12,organic,none,False
653,623,251,2026-05-09,referral,none,False
654,1377,159,2026-03-04,promo,none,False
655,658,300,2026-02-13,referral,none,False
656,1788,54,2024-10-22,ads,none,False
657,1398,86,2026-05-16,referral,none,False
658,383,187,2026-04-23,organic,none,False
659,195,275,2025-09-30,organic,none,False
660,496,275,2026-01-21,organic,none,False
661,289,23,2026-07-12,referral,none,False
662,1702,126,2025-10-29,promo,none,False
663,1243,104,2025-10-02,referral,none,False
664,1392,133,2025-10-30,ads,none,False
665,27,235,2026-06-07,promo,none,False
666,60,217,2026-01-12,referral,none,False
667,1174,179,2024-11-05,referral,none,False
668,1373,180,2026-06-14,ads,none,False
669,1236,252,2026-05-16,organic,none,False
670,1612,292,2025-12-18,referral,none,False
671,792,86,2026-07-01,organic,enrollment_before_registration,False
672,713,287,2026-07-19,ads,none,False
673,81,282,2026-07-09,referral,none,False
674,1751,135,2025-11-07,referral,none,False
675,1106,259,2026-04-19,ads,enrollment_before_registration,False
676,122,35,2026-01-31,organic,none,False
677,1672,36,2025-07-30,organic,none,False
678,579,218,2026-06-26,referral,none,False
679,565,271,2026-01-02,referral,none,False
680,1530,218,2026-05-17,promo,none,False
681,1464,229,2026-05-01,organic,none,False
682,725,110,2025-08-12,promo,none,False
683,129,188,2024-03-13,organic,none,False
684,1169,287,2025-08-21,referral,none,False
685,1376,30,2026-06-11,organic,none,False
686,669,20,2026-07-05,organic,none,False
687,1649,166,2026-03-06,referral,none,False
688,299,299,2026-01-21,referral,none,False
689,1890,45,2026-07-20,referral,none,False
690,1390,277,2026-06-27,organic,none,False
691,725,204,2026-06-13,promo,none,False
692,1575,144,2026-06-04,promo,none,False
693,620,283,2025-04-09,organic,none,False
694,1261,261,2026-05-08,promo,enrollment_before_registration,False
695,1561,95,2025-01-11,organic,none,False
696,1237,72,2026-03-15,referral,none,False
697,1363,133,2025-03-29,referral,none,False
698,1461,85,2024-03-26,organic,none,False
699,745,104,2026-01-09,referral,none,False
700,819,98,2026-05-02,referral,none,False
701,1408,130,2026-07-05,organic,none,False
702,277,87,2025-11-05,ads,none,False
703,648,45,2025-12-09,organic,none,False
704,1424,191,2026-02-16,referral,none,False
705,1119,76,2025-08-29,ads,none,False
706,557,34,2026-01-17,organic,none,False
707,318,179,2025-09-12,referral,none,False
708,691,66,2026-02-28,referral,none,False
709,96,55,2026-07-08,organic,none,False
710,1196,125,2026-06-05,promo,enrollment_before_publish,False
711,424,84,2026-07-08,organic,none,False
712,1408,285,2026-06-05,organic,none,False
713,1940,278,2024-12-30,organic,none,False
714,1133,279,2026-02-13,organic,none,False
715,1446,277,2026-07-10,ads,none,False
716,403,183,2025-01-17,organic,none,False
717,323,7,2026-06-22,ads,none,False
718,118,37,2026-07-17,referral,none,False
719,1716,141,2024-11-16,ads,none,False
720,608,115,2026-07-29,organic,none,False
721,735,68,2024-09-12,referral,none,False
722,1092,84,2026-05-22,promo,none,False
723,1578,75,2024-10-12,promo,none,False
724,339,131,2026-06-08,organic,none,False
725,1194,70,2025-01-14,referral,none,False
726,1071,136,2025-10-28,promo,none,False
727,1940,96,2024-03-15,promo,none,False
728,1764,164,2026-01-30,organic,none,False
729,1587,104,2024-10-24,organic,none,False
730,1836,262,2025-07-23,ads,none,False
731,1347,88,2026-05-04,promo,none,False
732,1150,191,2025-09-14,promo,none,False
733,1925,297,2026-04-01,promo,none,False
734,130,189,2026-03-30,promo,none,False
735,560,191,2024-12-14,ads,none,False
736,765,122,2026-02-26,organic,enrollment_before_registration,False
737,460,157,2026-06-28,referral,none,False
738,546,169,2026-07-10,promo,none,False
739,532,98,2026-07-01,ads,none,False
740,53,221,2026-02-21,promo,none,False
741,1505,31,2025-05-21,organic,none,False
742,1175,176,2025-07-06,ads,none,False
743,1622,219,2025-10-02,promo,none,False
744,1235,146,2026-05-21,ads,none,False
745,1140,128,2026-07-27,promo,none,False
746,1165,295,2026-07-24,referral,none,False
747,1677,40,2026-06-08,referral,none,False
748,804,205,2026-05-10,promo,none,False
749,765,165,2026-03-24,ads,enrollment_before_registration,False
750,340,274,2026-03-29,ads,none,False
751,834,132,2026-07-05,referral,none,False
752,1183,196,2026-04-30,referral,enrollment_before_registration,False
753,1847,79,2026-07-16,promo,none,False
754,1508,134,2025-12-22,organic,none,False
755,1909,138,2026-03-21,ads,none,False
756,1962,214,2024-07-26,referral,none,False
757,1025,50,2026-03-16,ads,none,False
758,404,70,2026-07-01,organic,none,False
759,18,31,2025-05-24,organic,none,False
760,1893,77,2025-05-24,ads,none,False
761,512,233,2026-05-06,promo,none,False
762,1532,259,2025-10-25,referral,none,False
763,936,268,2024-07-10,promo,none,False
764,507,64,2026-06-01,promo,none,False
765,1715,45,2025-03-22,organic,none,False
766,1798,158,2026-04-12,promo,none,False
767,406,110,2025-09-03,promo,none,False
768,1983,24,2026-05-08,organic,none,False
769,1325,253,2024-09-02,promo,none,False
770,163,17,2026-07-07,promo,none,False
771,100,122,2026-04-13,organic,none,False
772,466,208,2026-03-15,organic,none,False
773,761,203,2025-09-23,ads,none,False
774,309,261,2026-03-15,promo,none,False
775,1166,157,2026-01-18,promo,none,False
776,1391,184,2025-12-28,referral,none,False
777,595,275,2025-07-24,organic,none,False
778,1807,44,2025-09-25,organic,none,False
779,1037,176,2024-06-24,promo,none,False
780,66,124,2025-04-02,organic,none,False
781,504,259,2026-02-03,organic,none,False
782,1747,34,2026-06-15,ads,none,False
783,92,12,2025-12-25,organic,none,False
784,837,153,2026-06-24,referral,none,False
785,341,111,2025-07-05,promo,none,False
786,77,67,2025-09-16,ads,none,False
787,1399,152,2026-06-01,promo,none,False
788,672,86,2026-01-04,promo,none,False
789,252,240,2026-07-01,organic,none,False
790,1976,106,2025-11-18,referral,none,False
791,1940,46,2026-07-08,referral,none,False
792,858,5,2024-06-04,ads,none,False
793,1712,174,2026-03-11,ads,none,False
794,1657,173,2025-09-15,referral,none,False
795,339,4,2026-01-14,ads,none,False
796,1584,84,2026-06-08,promo,none,False
797,132,39,2026-06-22,promo,none,False
798,1953,20,2025-07-07,promo,none,False
799,448,119,2025-11-08,ads,none,False
800,805,140,2026-07-17,referral,none,False
801,1285,94,2026-02-14,promo,none,False
802,948,207,2026-05-04,promo,none,False
803,1356,134,2025-12-25,ads,none,False
804,1273,170,2025-10-30,ads,none,False
805,1423,19,2024-11-10,referral,none,False
806,679,64,2026-05-16,ads,none,False
807,854,208,2025-07-28,organic,none,False
808,561,128,2026-06-04,referral,none,False
809,1909,44,2026-02-19,organic,none,False
810,119,49,2026-03-02,ads,none,False
811,411,245,2026-06-20,ads,none,False
812,402,280,2026-07-24,promo,none,False
813,152,77,2026-06-13,organic,none,False
814,590,238,2026-06-14,organic,none,False
815,1756,102,2025-11-19,ads,none,False
816,1259,283,2025-12-03,referral,none,False
817,1914,66,2025-11-12,promo,none,False
818,1662,28,2025-05-03,ads,none,False
819,1340,214,2026-03-04,organic,none,False
820,1073,110,2025-09-29,referral,none,False
821,1306,235,2026-07-29,promo,none,False
822,1061,299,2026-04-11,referral,none,False
823,127,251,2026-03-31,referral,none,False
824,1963,42,2025-12-20,promo,none,False
825,981,42,2025-12-01,ads,none,False
826,48,292,2026-03-11,organic,none,False
827,1302,193,2026-07-05,ads,none,False
828,216,221,2025-10-29,organic,none,False
829,557,66,2023-12-14,ads,none,False
830,527,148,2024-06-07,referral,none,False
831,352,255,2026-02-19,referral,none,False
832,1128,234,2026-07-28,promo,none,False
833,806,264,2024-05-28,ads,none,False
834,167,178,2026-06-05,promo,none,False
835,250,156,2026-04-13,referral,none,False
836,1206,34,2026-02-17,ads,none,False
837,951,231,2024-07-18,ads,none,False
838,1655,244,2026-05-20,referral,none,False
839,974,176,2026-06-05,promo,none,False
840,1909,36,2026-04-11,ads,none,False
841,1121,53,2026-05-30,promo,none,False
842,645,22,2025-06-12,ads,none,False
843,626,23,2026-04-06,promo,none,False
844,1369,115,2026-01-06,organic,none,False
845,597,164,2026-05-08,promo,none,False
846,969,296,2026-01-18,ads,none,False
847,138,233,2026-04-01,ads,enrollment_before_registration,False
848,769,248,2026-04-20,promo,none,False
849,1820,194,2025-08-08,promo,none,False
850,1859,97,2025-08-27,organic,none,False
851,1322,225,2025-09-30,referral,none,False
852,51,31,2025-12-18,referral,none,False
853,1874,257,2026-06-18,referral,none,False
854,1654,300,2025-04-12,organic,none,False
855,931,241,2026-04-11,referral,none,False
856,180,102,2026-05-26,referral,none,False
857,633,74,2025-12-03,ads,none,False
858,310,91,2025-10-14,organic,none,False
859,718,45,2025-12-20,organic,none,False
860,959,287,2025-10-08,organic,none,False
861,532,225,2026-06-30,promo,none,False
862,1063,73,2025-07-01,referral,none,False
863,520,128,2026-02-20,referral,none,False
864,767,5,2026-02-05,promo,none,False
865,181,15,2026-04-18,promo,none,False
866,854,204,2026-07-08,ads,none,False
867,316,127,2025-03-27,organic,none,False
868,220,65,2024-09-08,promo,none,False
869,1942,16,2026-05-16,organic,none,False
870,134,86,2025-04-14,referral,none,False
871,198,136,2026-04-28,ads,none,False
872,176,16,2026-06-01,referral,none,False
873,101,140,2026-02-25,organic,none,False
874,1688,66,2026-05-20,ads,none,False
875,1986,148,2026-02-07,promo,none,False
876,1815,33,2026-05-29,promo,none,False
877,908,206,2025-07-21,organic,none,False
878,56,161,2026-07-16,referral,none,False
879,472,60,2025-04-12,ads,none,False
880,1587,173,2026-05-26,referral,none,False
881,925,262,2026-04-26,referral,none,False
882,1745,191,2025-11-01,promo,none,False
883,332,267,2026-07-25,ads,none,False
884,778,8,2026-05-29,referral,none,False
885,1715,163,2026-03-09,organic,none,False
886,901,186,2026-06-20,ads,none,False
887,1984,153,2025-08-10,ads,none,False
888,298,51,2025-06-02,promo,none,False
889,1736,212,2026-07-28,promo,none,False
890,958,264,2026-04-27,referral,enrollment_before_registration,False
891,1510,102,2026-01-26,organic,none,False
892,1550,177,2026-07-07,referral,none,False
893,492,54,2026-07-27,referral,none,False
894,122,119,2025-12-01,ads,none,False
895,606,14,2026-03-10,promo,none,False
896,587,158,2025-09-05,referral,none,False
897,499,230,2026-01-13,ads,none,False
898,318,139,2025-09-29,promo,none,False
899,337,178,2026-03-08,ads,enrollment_before_registration;enrollment_before_publish,False
900,227,282,2026-07-26,organic,none,False
901,706,69,2025-07-25,organic,none,False
902,534,266,2026-07-02,organic,none,False
903,1024,33,2026-04-21,promo,none,False
904,520,148,2025-11-07,promo,none,False
905,1679,135,2025-09-26,ads,none,False
906,799,144,2025-11-24,organic,none,False
907,713,296,2026-06-27,promo,none,False
908,1020,268,2026-05-27,ads,none,False
909,733,17,2025-05-08,ads,none,False
910,1604,278,2026-07-12,organic,none,False
911,933,94,2026-06-27,organic,none,False
912,1928,279,2026-02-09,ads,none,False
913,568,262,2025-06-24,promo,none,False
914,103,183,2026-05-07,promo,none,False
915,915,82,2026-01-22,promo,none,False
916,1780,166,2026-06-23,promo,none,False
917,1414,86,2026-03-17,referral,none,False
918,999,150,2025-08-02,organic,none,False
919,984,25,2025-07-22,organic,none,False
920,710,199,2026-06-20,referral,none,False
921,1228,20,2024-09-14,organic,none,False
922,1852,214,2025-12-27,ads,none,False
923,402,256,2026-07-11,organic,none,False
924,1141,245,2026-07-18,referral,none,False
925,1450,241,2026-04-18,ads,none,False
926,522,180,2026-07-04,promo,none,False
927,546,20,2026-05-02,organic,none,False
928,236,174,2026-05-18,referral,none,False
929,445,136,2026-03-18,promo,none,False
930,91,66,2025-03-03,organic,none,False
931,872,45,2026-06-14,organic,none,False
932,1035,66,2026-05-22,referral,none,False
933,552,207,2026-05-13,promo,none,False
934,855,201,2026-04-01,organic,none,False
935,205,138,2026-06-12,ads,none,False
936,177,267,2026-07-05,referral,none,False
937,1744,296,2026-03-30,promo,none,False
938,616,222,2026-02-12,organic,none,False
939,145,293,2026-02-26,ads,none,False
940,1766,270,2026-05-13,promo,none,False
941,929,77,2026-06-18,ads,none,False
942,317,296,2025-04-17,referral,none,False
943,1979,264,2026-03-29,organic,none,False
944,14,296,2026-01-17,organic,none,False
945,1672,3,2025-03-05,promo,none,False
946,1804,247,2026-06-20,referral,none,False
947,1645,174,2025-11-17,organic,none,False
948,1985,217,2025-07-19,ads,none,False
949,705,161,2026-06-18,referral,none,False
950,644,135,2026-04-26,referral,none,False
951,1762,15,2026-02-11,ads,none,False
952,438,221,2026-07-11,promo,none,False
953,1406,16,2026-01-04,organic,none,False
954,662,226,2024-05-31,organic,none,False
955,1559,245,2026-06-04,organic,none,False
956,1795,180,2026-06-14,referral,none,False
957,817,245,2026-06-26,promo,none,False
958,210,114,2025-05-17,promo,none,False
959,1359,79,2025-04-03,promo,none,False
960,1270,62,2025-09-20,promo,none,False
961,1205,291,2025-10-13,organic,none,False
962,417,57,2026-02-15,promo,none,False
963,266,265,2026-04-15,promo,none,False
964,595,101,2024-12-05,promo,none,False
965,1356,155,2025-05-27,promo,none,False
966,1025,169,2026-04-04,promo,none,False
967,515,52,2026-06-20,referral,none,False
968,497,85,2026-04-12,ads,none,False
969,811,133,2024-03-31,organic,none,False
970,1774,237,2025-10-19,ads,none,False
971,1537,189,2026-06-07,promo,none,False
972,141,11,2026-01-03,promo,none,False
973,1632,70,2024-06-17,organic,none,False
974,1334,129,2025-12-20,organic,none,False
975,1272,215,2026-01-12,promo,none,False
976,323,244,2026-07-08,referral,none,False
977,774,102,2026-07-21,referral,none,False
978,1874,208,2026-05-15,ads,none,False
979,94,128,2025-12-29,promo,none,False
980,1076,136,2026-04-01,organic,none,False
981,930,73,2026-01-29,promo,none,False
982,1556,7,2025-07-25,ads,none,False
983,1783,36,2026-02-13,ads,none,False
984,1776,206,2026-03-23,organic,none,False
985,291,58,2026-06-10,promo,none,False
986,1790,83,2025-12-31,referral,none,False
987,1343,203,2025-10-15,organic,none,False
988,77,158,2026-07-22,promo,none,False
989,1151,143,2026-03-01,ads,none,False
990,801,182,2026-05-28,organic,none,False
991,1073,273,2026-05-10,organic,none,False
992,1154,278,2025-02-14,promo,none,False
993,837,45,2026-04-29,promo,none,False
994,108,44,2025-10-18,organic,none,False
995,979,7,2024-11-01,promo,none,False
996,744,298,2026-03-27,ads,none,False
997,332,275,2026-06-18,organic,none,False
998,181,184,2026-04-16,ads,none,False
999,1346,116,2025-08-15,promo,none,False
1000,493,27,2026-02-05,promo,none,False
1001,423,198,2026-05-26,referral,none,False
1002,34,64,2025-08-27,referral,none,False
1003,403,162,2026-07-08,ads,none,False
1004,953,170,2025-12-16,promo,none,False
1005,1267,23,2025-12-07,promo,none,False
1006,1637,184,2025-07-12,ads,none,False
1007,759,6,2026-05-16,ads,none,False
1008,95,136,2026-01-13,promo,none,False
1009,895,176,2026-03-23,ads,none,False
1010,866,70,2026-07-13,referral,none,False
1011,906,120,2026-01-11,referral,none,False
1012,285,126,2025-11-24,referral,none,False
1013,187,291,2026-07-23,promo,none,False
1014,1940,180,2025-10-27,organic,none,False
1015,1984,52,2025-07-30,promo,none,False
1016,398,131,2026-07-09,ads,none,False
1017,894,201,2026-01-12,referral,none,False
1018,1073,231,2024-12-03,ads,none,False
1019,1440,174,2026-01-18,ads,none,False
1020,958,74,2026-06-21,organic,enrollment_before_registration,False
1021,1967,300,2025-04-01,organic,none,False
1022,549,203,2025-11-08,promo,none,False
1023,803,128,2026-01-30,organic,none,False
1024,805,300,2026-06-19,promo,none,False
1025,1858,236,2026-05-01,organic,enrollment_before_registration,False
1026,1583,150,2026-07-18,ads,none,False
1027,1349,121,2025-08-28,ads,none,False
1028,1446,284,2026-02-19,promo,none,False
1029,1525,140,2025-11-04,organic,none,False
1030,177,144,2026-07-17,promo,none,False
1031,1208,292,2025-12-23,promo,none,False
1032,1088,241,2026-01-07,promo,none,False
1033,1322,185,2026-02-06,promo,none,False
1034,625,235,2026-07-28,organic,none,False
1035,1024,206,2026-05-21,organic,none,False
1036,340,177,2026-01-13,promo,none,False
1037,1799,165,2024-08-03,organic,none,False
1038,1642,45,2025-11-07,referral,none,False
1039,1812,9,2026-05-29,organic,none,False
1040,423,123,2026-03-31,referral,none,False
1041,331,282,2026-04-27,referral,none,False
1042,570,81,2026-06-08,referral,none,False
1043,773,141,2025-11-12,promo,none,False
1044,1991,85,2025-08-21,promo,none,False
1045,1979,216,2025-02-03,organic,none,False
1046,1383,190,2025-10-02,ads,none,False
1047,898,293,2025-01-16,ads,none,False
1048,1056,67,2025-07-22,promo,none,False
1049,1772,286,2026-03-19,promo,none,False
1050,264,117,2025-10-16,promo,none,False
1051,271,273,2024-12-27,organic,none,False
1052,214,56,2026-01-01,promo,none,False
1053,466,220,2025-04-11,ads,none,False
1054,1558,17,2026-07-16,organic,none,False
1055,209,25,2026-06-15,ads,enrollment_before_registration,False
1056,1174,6,2025-12-19,organic,none,False
1057,1879,70,2025-10-30,referral,none,False
1058,1156,290,2026-01-27,ads,none,False
1059,827,5,2026-05-02,promo,none,False
1060,992,182,2024-12-27,referral,none,False
1061,132,286,2026-07-17,referral,none,False
1062,1413,206,2025-07-31,organic,none,False
1063,162,262,2026-05-21,organic,none,False
1064,984,44,2026-01-26,organic,none,False
1065,806,288,2024-07-16,organic,none,False
1066,873,284,2025-09-03,organic,none,False
1067,711,27,2025-12-14,organic,none,False
1068,1342,59,2025-07-06,organic,none,False
1069,1695,298,2026-04-11,referral,none,False
1070,1274,290,2026-04-10,promo,none,False
1071,1451,291,2026-07-29,organic,none,False
1072,587,68,2026-07-29,organic,none,False
1073,1216,286,2026-04-10,promo,none,False
1074,1744,130,2026-07-04,ads,none,False
1075,249,17,2025-11-26,organic,none,False
1076,344,55,2026-05-12,ads,none,False
1077,1551,26,2026-07-12,referral,none,False
1078,795,242,2024-08-17,organic,none,False
1079,938,108,2025-03-15,organic,none,False
1080,834,117,2026-07-01,promo,none,False
1081,1187,224,2026-07-23,referral,none,False
1082,1048,252,2026-02-15,referral,none,False
1083,523,228,2026-04-17,ads,none,False
1084,871,143,2025-12-11,organic,none,False
1085,162,200,2026-03-22,referral,none,False
1086,1091,86,2026-01-09,referral,none,False
1087,1583,67,2026-05-30,referral,none,False
1088,769,171,2026-03-28,promo,none,False
1089,1488,2,2026-02-19,organic,none,False
1090,202,74,2025-10-04,promo,none,False
1091,830,204,2026-04-24,ads,none,False
1092,1794,282,2026-05-26,referral,none,False
1093,176,33,2026-03-06,ads,none,False
1094,902,158,2025-12-13,organic,none,False
1095,274,147,2025-06-07,promo,none,False
1096,1651,147,2026-03-14,promo,none,False
1097,271,28,2025-07-28,referral,none,False
1098,227,80,2026-03-18,organic,none,False
1099,1913,55,2026-06-30,referral,none,False
1100,1052,110,2025-12-24,ads,none,False
1101,1628,98,2025-07-25,ads,none,False
1102,807,123,2024-08-15,organic,none,False
1103,630,243,2026-02-18,ads,none,False
1104,1779,160,2026-02-02,ads,none,False
1105,211,50,2025-10-27,organic,none,False
1106,111,131,2026-06-30,organic,none,False
1107,1577,300,2026-02-28,organic,none,False
1108,345,75,2026-05-16,organic,none,False
1109,1076,284,2026-04-28,referral,none,False
1110,657,142,2026-05-26,promo,none,False
1111,219,139,2025-06-13,ads,none,False
1112,1337,135,2024-09-14,referral,none,False
1113,1052,222,2025-01-06,referral,none,False
1114,940,85,2026-07-12,organic,none,False
1115,1122,55,2026-07-20,referral,none,False
1116,1385,141,2026-02-07,referral,none,False
1117,1344,254,2026-07-20,promo,none,False
1118,284,16,2025-07-19,ads,none,False
1119,1936,13,2025-07-24,ads,none,False
1120,1574,219,2025-09-01,organic,none,False
1121,1376,37,2026-06-26,promo,none,False
1122,1406,261,2026-01-24,ads,none,False
1123,1493,260,2025-11-30,promo,none,False
1124,448,123,2025-11-27,referral,none,False
1125,665,127,2025-05-16,promo,none,False
1126,163,117,2025-11-14,referral,none,False
1127,782,184,2026-04-23,referral,none,False
1128,199,153,2025-10-29,organic,none,False
1129,1127,178,2026-06-21,referral,none,False
1130,1985,13,2026-04-21,referral,none,False
1131,1503,225,2026-07-01,promo,none,False
1132,1208,49,2026-06-05,ads,none,False
1133,1834,113,2025-05-09,organic,none,False
1134,340,164,2025-01-23,organic,none,False
1135,807,55,2026-02-06,ads,none,False
1136,831,139,2025-06-05,organic,none,True
1137,921,22,2024-09-25,ads,none,False
1138,241,129,2026-02-13,promo,none,False
1139,525,84,2025-11-23,promo,none,False
1140,1713,231,2026-03-23,ads,none,False
1141,1252,194,2026-07-09,ads,none,False
1142,314,97,2026-04-15,referral,none,False
1143,574,74,2024-03-08,organic,none,False
1144,1371,277,2026-06-24,promo,none,False
1145,526,45,2026-01-18,promo,none,False
1146,1542,209,2026-05-03,organic,none,False
1147,1216,185,2026-05-09,organic,none,False
1148,665,125,2026-01-17,referral,enrollment_before_publish,False
1149,858,271,2025-10-12,organic,none,False
1150,1034,148,2025-11-24,organic,none,False
1151,1164,227,2025-12-17,ads,none,False
1152,1369,283,2026-02-10,referral,none,False
1153,373,264,2026-06-26,organic,none,False
1154,2,188,2026-07-24,organic,none,False
1155,1828,136,2026-02-07,referral,none,False
1156,840,197,2026-02-26,referral,none,False
1157,1906,145,2025-12-30,promo,none,False
1158,1403,226,2026-04-12,ads,none,False
1159,644,262,2025-12-29,ads,none,False
1160,714,229,2024-09-29,promo,none,False
1161,1569,61,2025-11-12,promo,none,False
1162,1228,266,2026-06-15,ads,none,False
1163,779,203,2025-11-29,promo,none,False
1164,334,37,2026-06-28,organic,none,False
1165,1181,255,2026-06-20,ads,none,False
1166,1937,139,2026-06-18,referral,none,False
1167,568,147,2025-03-01,promo,none,False
1168,1575,286,2026-06-21,promo,none,False
1169,509,76,2026-06-26,organic,none,False
1170,4,4,2026-06-26,promo,none,False
1171,1338,181,2026-05-20,ads,none,False
1172,383,165,2025-05-29,referral,none,False
1173,1246,228,2024-11-30,promo,none,False
1174,736,81,2026-02-18,referral,enrollment_before_registration,False
1175,1571,20,2026-04-21,ads,none,False
1176,370,207,2026-01-31,referral,none,False
1177,1749,266,2023-10-20,promo,none,False
1178,880,287,2025-06-17,organic,none,False
1179,265,12,2026-07-22,promo,none,False
1180,389,1,2026-07-13,ads,none,False
1181,1464,146,2026-07-28,promo,none,False
1182,324,37,2026-05-12,referral,none,False
1183,1591,103,2024-11-19,ads,none,False
1184,150,184,2026-03-24,promo,none,False
1185,1317,264,2025-09-07,organic,none,False
1186,61,47,2024-12-02,referral,none,False
1187,25,10,2025-02-15,referral,none,False
1188,1928,254,2026-07-07,organic,none,False
1189,1255,31,2026-07-12,ads,none,False
1190,546,187,2026-05-22,organic,none,False
1191,1611,268,2026-06-21,ads,none,False
1192,1476,105,2026-02-09,referral,none,False
1193,1821,63,2026-03-18,ads,none,False
1194,1230,277,2026-06-20,promo,none,False
1195,1436,299,2026-06-23,referral,none,False
1196,1580,13,2026-06-22,referral,none,False
1197,495,34,2026-06-28,referral,none,False
1198,1819,106,2026-07-25,organic,none,False
1199,690,99,2026-07-24,promo,none,False
1200,835,139,2025-09-30,ads,none,False
1201,1920,125,2026-05-10,promo,enrollment_before_registration;enrollment_before_publish,False
1202,2000,234,2026-06-15,referral,none,False
1203,232,120,2026-07-20,referral,none,False
1204,280,255,2025-01-27,promo,none,False
1205,978,121,2026-03-18,referral,none,False
1206,1552,227,2024-11-14,promo,none,False
1207,1551,284,2025-02-15,organic,none,False
1208,1080,54,2026-05-03,organic,none,False
1209,1853,167,2024-11-10,ads,none,False
1210,1566,66,2025-01-16,ads,none,False
1211,1373,9,2025-10-06,referral,none,False
1212,301,142,2025-01-22,ads,none,False
1213,616,91,2026-07-24,referral,none,False
1214,1407,37,2025-11-14,referral,none,False
1215,1719,108,2025-12-07,organic,none,False
1216,1738,45,2026-02-01,promo,none,False
1217,9,256,2026-04-08,organic,none,False
1218,1233,188,2025-08-08,referral,none,False
1219,300,241,2026-07-12,promo,enrollment_before_registration,False
1220,1354,241,2026-07-07,promo,none,False
1221,608,234,2026-01-13,referral,enrollment_before_registration,False
1222,1408,193,2026-06-02,referral,none,False
1223,1017,57,2026-01-10,promo,none,False
1224,583,249,2026-04-08,ads,none,False
1225,232,133,2024-06-26,organic,none,False
1226,1359,124,2026-02-04,referral,none,False
1227,1845,180,2025-12-13,organic,none,False
1228,1194,54,2025-08-13,referral,none,False
1229,144,18,2024-09-24,organic,none,False
1230,43,186,2026-05-14,referral,none,False
1231,1106,148,2026-06-01,promo,enrollment_before_registration,False
1232,1965,154,2026-07-23,promo,none,False
1233,1325,155,2026-02-21,promo,none,False
1234,648,51,2026-03-21,promo,none,False
1235,421,129,2025-07-22,referral,none,False
1236,1119,159,2026-04-20,promo,none,False
1237,8,294,2026-07-14,referral,none,False
1238,476,9,2026-01-11,referral,none,False
1239,1223,164,2025-09-11,organic,none,False
1240,831,6,2024-06-27,ads,none,False
1241,163,85,2026-03-18,promo,none,False
1242,1767,179,2026-04-22,promo,none,False
1243,873,154,2026-04-11,organic,none,False
1244,31,205,2025-06-02,organic,none,False
1245,1453,272,2025-09-24,organic,none,False
1246,1493,133,2026-01-11,ads,none,False
1247,1749,260,2025-09-09,ads,none,False
1248,1103,45,2026-06-06,organic,none,False
1249,1371,263,2026-05-27,organic,none,False
1250,1555,246,2025-02-20,promo,none,False
1251,525,218,2025-06-01,promo,none,False
1252,891,41,2025-08-02,organic,none,False
1253,1357,220,2026-06-23,promo,none,False
1254,43,85,2024-07-14,ads,none,False
1255,1413,3,2025-04-20,promo,none,False
1256,1370,297,2025-12-22,promo,none,False
1257,934,10,2026-01-10,ads,none,False
1258,96,110,2025-07-30,referral,none,False
1259,1380,41,2024-09-01,promo,none,False
1260,1458,92,2026-07-10,organic,none,False
1261,206,219,2026-01-04,ads,none,False
1262,1383,257,2026-04-25,organic,none,False
1263,1081,191,2026-04-01,organic,none,False
1264,562,235,2026-06-18,organic,none,False
1265,1721,89,2026-06-26,ads,none,False
1266,1720,203,2026-06-05,referral,none,False
1267,1761,29,2026-05-12,ads,none,False
1268,512,239,2025-05-04,organic,none,False
1269,1256,51,2025-06-13,ads,none,False
1270,210,55,2026-07-12,ads,none,False
1271,1246,257,2026-05-26,organic,none,False
1272,309,248,2026-04-21,organic,none,False
1273,365,12,2026-04-22,promo,none,False
1274,126,19,2025-11-18,promo,none,False
1275,495,91,2026-03-21,organic,none,False
1276,1850,242,2026-02-02,organic,none,False
1277,599,67,2026-07-12,organic,enrollment_before_registration,False
1278,154,105,2025-10-25,referral,none,False
1279,749,62,2025-06-01,ads,none,False
1280,528,148,2025-07-09,organic,none,False
1281,966,227,2026-07-23,promo,none,False
1282,1424,27,2025-07-24,organic,none,False
1283,321,31,2025-09-18,promo,none,False
1284,1175,20,2025-06-28,ads,none,False
1285,316,236,2024-11-26,referral,none,False
1286,1130,2,2026-07-02,ads,none,False
1287,1247,157,2025-08-30,ads,none,False
1288,1644,211,2026-01-26,referral,none,False
1289,1482,281,2026-07-14,referral,none,False
1290,1505,70,2026-05-11,organic,none,False
1291,286,15,2026-02-24,ads,none,False
1292,1571,161,2026-04-22,organic,none,False
1293,185,79,2026-07-27,promo,none,False
1294,401,284,2025-06-07,ads,none,False
1295,1244,115,2026-07-19,referral,none,False
1296,683,58,2025-06-25,referral,none,False
1297,1164,20,2026-04-07,promo,none,False
1298,1009,226,2026-07-09,organic,none,False
1299,1507,167,2025-03-03,organic,none,False
1300,1440,241,2025-10-07,referral,none,False
1301,1555,265,2025-11-07,organic,none,False
1302,1117,177,2026-06-24,organic,none,False
1303,283,176,2026-01-14,referral,none,False
1304,207,142,2026-01-10,organic,enrollment_before_registration,False
1305,318,206,2026-07-10,referral,none,False
1306,1547,290,2025-05-16,promo,none,False
1307,992,142,2026-01-17,promo,none,False
1308,905,62,2026-06-15,ads,none,False
1309,541,180,2026-05-30,ads,none,False
1310,1890,33,2026-07-24,referral,none,False
1311,1191,8,2026-03-07,organic,none,False
1312,506,250,2026-02-20,promo,none,False
1313,108,97,2025-06-25,ads,none,False
1314,895,147,2026-04-01,promo,none,False
1315,1403,223,2026-02-20,promo,none,False
1316,1827,127,2025-10-20,promo,none,False
1317,1808,21,2024-06-12,promo,none,False
1318,360,8,2026-06-03,promo,none,False
1319,1294,205,2026-01-05,organic,none,False
1320,1937,5,2026-02-28,promo,none,False
1321,510,64,2023-12-04,ads,none,False
1322,546,239,2026-05-12,referral,none,False
1323,1458,125,2026-02-04,referral,enrollment_before_publish,False
1324,1938,68,2025-11-03,referral,none,False
1325,1895,55,2026-05-13,ads,none,False
1326,299,267,2026-06-30,organic,none,False
1327,1761,183,2026-02-08,organic,none,False
1328,268,228,2026-07-27,referral,none,False
1329,1828,106,2024-04-18,organic,none,False
1330,667,11,2025-12-30,referral,none,False
1331,848,174,2026-05-17,promo,none,False
1332,1330,66,2026-04-11,ads,none,False
1333,248,138,2025-09-18,organic,none,False
1334,1107,103,2026-05-21,referral,none,False
1335,1579,37,2025-12-27,organic,none,False
1336,1826,277,2026-07-10,referral,none,False
1337,981,45,2026-06-15,promo,none,False
1338,565,238,2026-05-10,ads,none,False
1339,1132,125,2026-05-25,ads,enrollment_before_publish,False
1340,1168,286,2026-04-18,ads,none,False
1341,1692,234,2025-12-04,ads,none,False
1342,699,218,2026-05-16,organic,none,False
1343,936,75,2025-05-21,organic,none,False
1344,1470,149,2026-02-05,organic,none,False
1345,1530,110,2025-08-26,promo,none,False
1346,1020,104,2026-03-18,ads,none,False
1347,1061,269,2025-08-29,organic,none,False
1348,1719,175,2026-01-28,organic,none,False
1349,1891,253,2025-04-08,promo,none,False
1350,122,62,2026-02-22,organic,none,False
1351,563,106,2026-06-26,promo,none,False
1352,613,108,2025-10-06,referral,none,False
1353,792,93,2026-05-29,ads,enrollment_before_registration,False
1354,387,247,2025-06-08,ads,none,False
1355,1117,282,2026-07-02,organic,none,False
1356,1564,160,2025-04-19,organic,none,False
1357,1900,164,2024-01-29,ads,none,False
1358,1624,36,2026-07-24,promo,none,False
1359,825,149,2025-09-05,ads,none,False
1360,432,213,2024-11-15,organic,none,False
1361,901,13,2025-11-15,referral,none,False
1362,837,22,2026-03-20,promo,none,False
1363,936,158,2026-03-12,organic,none,False
1364,859,227,2026-04-19,promo,none,False
1365,721,223,2026-01-07,promo,none,False
1366,367,171,2025-12-19,referral,none,False
1367,143,107,2026-06-24,referral,none,False
1368,1427,63,2026-02-12,referral,none,False
1369,1927,66,2026-07-09,organic,none,False
1370,364,129,2026-06-21,ads,none,False
1371,742,125,2026-06-19,promo,enrollment_before_publish,False
1372,1764,47,2025-12-31,ads,none,False
1373,551,49,2026-07-28,organic,none,False
1374,1728,29,2026-04-24,ads,none,False
1375,581,236,2025-08-13,ads,none,False
1376,267,300,2025-04-23,ads,none,False
1377,477,54,2025-10-26,promo,none,False
1378,898,231,2024-08-11,promo,none,False
1379,1254,156,2026-04-09,referral,none,False
1380,304,243,2024-12-25,referral,none,False
1381,1121,215,2025-05-13,organic,none,False
1382,847,204,2026-06-14,organic,none,False
1383,20,78,2026-05-30,promo,none,False
1384,232,58,2025-07-25,referral,none,False
1385,447,47,2025-12-15,organic,none,False
1386,1337,185,2026-04-01,ads,none,False
1387,224,246,2025-04-24,promo,none,False
1388,1353,67,2025-10-24,referral,none,False
1389,860,94,2025-11-04,referral,none,False
1390,362,68,2025-08-04,promo,none,False
1391,1696,90,2026-05-23,ads,none,False
1392,654,255,2025-09-05,promo,none,False
1393,245,102,2025-08-21,ads,none,False
1394,1934,263,2025-06-23,organic,none,False
1395,517,115,2025-05-06,promo,none,False
1396,402,153,2026-07-22,promo,none,False
1397,1771,258,2026-06-23,referral,none,False
1398,260,153,2025-07-07,organic,none,False
1399,338,68,2025-05-23,organic,none,False
1400,768,68,2026-07-02,organic,none,False
1401,1001,149,2025-11-22,referral,none,False
1402,1047,219,2025-10-26,ads,none,False
1403,1765,191,2024-12-22,organic,none,False
1404,1249,27,2024-06-06,organic,none,False
1405,2,277,2026-06-23,referral,none,False
1406,1611,269,2026-06-30,organic,none,False
1407,998,64,2024-01-24,referral,none,False
1408,1877,173,2025-02-15,referral,none,False
1409,1684,179,2025-02-15,promo,none,False
1410,1058,185,2023-10-14,organic,none,False
1411,132,122,2026-07-24,ads,none,False
1412,719,169,2026-05-17,referral,none,False
1413,610,42,2026-01-20,promo,none,False
1414,1897,178,2026-05-24,ads,none,False
1415,1975,219,2026-03-11,ads,none,False
1416,1838,163,2026-02-10,ads,none,False
1417,308,23,2026-06-24,referral,none,False
1418,1309,201,2025-06-27,ads,none,False
1419,381,134,2026-04-26,organic,none,False
1420,480,98,2025-11-13,referral,none,False
1421,580,29,2025-12-30,promo,none,False
1422,1697,158,2025-08-25,referral,none,False
1423,1133,253,2026-05-01,ads,none,False
1424,1557,278,2025-07-29,promo,none,False
1425,1727,117,2026-03-27,promo,none,False
1426,721,210,2025-08-09,referral,none,False
1427,1531,210,2026-05-11,organic,none,False
1428,55,35,2026-02-24,referral,none,False
1429,987,92,2025-09-20,organic,none,False
1430,225,190,2026-02-09,referral,none,False
1431,1790,200,2026-06-25,promo,none,False
1432,451,105,2025-07-22,promo,none,False
1433,896,29,2026-02-26,promo,none,False
1434,1868,217,2026-02-07,organic,none,False
1435,835,134,2026-04-12,promo,none,False
1436,175,230,2026-02-01,promo,none,False
1437,1831,214,2025-03-22,referral,none,False
1438,899,205,2026-07-18,promo,none,False
1439,326,143,2025-08-13,ads,none,False
1440,91,202,2025-10-29,ads,none,False
1441,1632,142,2025-03-05,organic,none,False
1442,129,238,2023-11-27,ads,none,False
1443,1023,79,2024-04-13,organic,none,False
1444,1864,78,2024-04-23,ads,none,False
1445,844,264,2026-04-22,promo,none,False
1446,109,231,2025-05-04,ads,none,False
1447,773,131,2026-07-19,organic,none,False
1448,1832,146,2026-07-06,ads,none,False
1449,24,79,2026-02-07,ads,none,False
1450,889,263,2026-06-15,organic,none,False
1451,450,77,2026-01-09,ads,none,False
1452,433,92,2026-04-13,promo,none,False
1453,1040,251,2026-07-01,promo,none,False
1454,1825,46,2026-06-22,referral,none,False
1455,1485,135,2026-03-22,promo,none,False
1456,670,85,2025-05-27,promo,none,False
1457,1267,78,2025-08-12,referral,none,False
1458,732,81,2026-05-31,referral,none,False
1459,660,233,2025-08-27,promo,none,False
1460,888,255,2026-04-07,promo,none,False
1461,1110,111,2025-11-01,organic,none,False
1462,1602,289,2026-04-10,referral,none,False
1463,1699,90,2026-05-03,organic,none,False
1464,1623,154,2026-02-20,referral,none,False
1465,1293,216,2024-08-11,ads,none,False
1466,209,258,2026-04-30,organic,enrollment_before_registration,False
1467,148,238,2026-02-05,promo,none,False
1468,444,223,2025-08-03,ads,none,False
1469,1118,262,2026-07-04,referral,none,False
1470,1398,59,2026-06-03,organic,none,False
1471,94,294,2025-12-19,promo,none,False
1472,823,177,2026-03-19,ads,enrollment_before_registration,False
1473,657,78,2025-06-07,referral,none,False
1474,125,95,2026-04-14,promo,none,False
1475,1354,211,2026-07-10,ads,none,False
1476,104,102,2026-03-20,referral,none,False
1477,1372,130,2026-06-25,organic,none,False
1478,1394,198,2026-04-08,ads,enrollment_before_registration,False
1479,1653,33,2026-07-02,ads,none,False
1480,415,229,2026-05-16,referral,none,False
1481,1885,272,2025-09-12,ads,none,False
1482,1303,65,2026-05-24,organic,none,False
1483,725,280,2026-06-19,promo,none,False
1484,558,37,2024-06-28,organic,none,False
1485,149,255,2025-02-20,ads,none,False
1486,59,70,2024-11-29,ads,none,False
1487,838,264,2025-09-01,organic,none,False
1488,857,21,2025-07-02,promo,none,False
1489,1832,141,2025-08-02,promo,none,False
1490,1993,253,2026-05-04,referral,none,False
1491,1716,35,2025-03-24,referral,none,False
1492,489,162,2026-07-13,organic,none,False
1493,644,115,2025-02-21,referral,none,False
1494,1696,134,2025-11-06,promo,none,False
1495,1982,223,2026-07-21,referral,none,False
1496,547,39,2026-07-10,ads,none,False
1497,510,52,2025-10-12,promo,none,False
1498,1160,173,2025-06-17,promo,none,False
1499,1335,200,2026-02-25,referral,none,False
1500,1811,118,2025-04-05,referral,none,False
1501,1784,258,2025-04-13,organic,none,False
1502,1046,222,2025-10-26,organic,none,False
1503,1349,156,2025-08-14,promo,none,False
1504,1395,42,2026-04-06,ads,enrollment_before_registration,False
1505,1985,227,2024-08-03,promo,none,False
1506,1211,88,2025-09-17,organic,none,False
1507,1615,46,2026-06-21,organic,none,False
1508,98,137,2026-05-15,ads,none,False
1509,1913,174,2025-12-02,ads,none,False
1510,61,165,2024-12-12,ads,none,False
1511,1661,181,2026-01-31,organic,enrollment_before_registration,False
1512,176,82,2025-08-01,organic,none,False
1513,1648,239,2026-05-03,organic,none,False
1514,1502,66,2025-10-22,ads,none,False
1515,530,55,2026-07-01,promo,none,False
1516,433,245,2026-06-18,organic,none,False
1517,1022,270,2026-01-07,organic,none,False
1518,1752,260,2026-06-12,promo,none,False
1519,335,5,2026-04-16,referral,none,False
1520,1819,276,2026-04-21,organic,none,False
1521,672,110,2026-02-08,organic,none,False
1522,467,39,2026-07-06,organic,none,False
1523,925,207,2026-03-05,ads,none,False
1524,98,51,2026-07-11,organic,none,False
1525,1234,230,2026-02-08,referral,none,False
1526,1141,164,2026-03-10,organic,none,False
1527,312,36,2026-07-19,referral,none,False
1528,24,205,2026-06-27,organic,none,False
1529,1905,137,2026-07-03,referral,none,False
1530,1395,52,2026-06-06,organic,enrollment_before_registration,False
1531,117,8,2026-07-19,ads,none,False
1532,839,156,2025-04-07,ads,none,False
1533,1591,219,2025-04-11,promo,none,False
1534,942,293,2024-07-21,promo,none,False
1535,1626,261,2026-06-27,ads,none,False
1536,123,148,2025-04-02,ads,none,False
1537,1093,8,2026-05-24,promo,none,False
1538,1072,279,2026-01-31,organic,none,False
1539,226,58,2024-07-22,referral,none,False
1540,1519,36,2025-05-16,promo,none,False
1541,1761,291,2026-01-11,referral,none,False
1542,1691,132,2026-02-20,referral,enrollment_before_registration,False
1543,1113,212,2025-10-22,organic,none,False
1544,352,133,2026-06-26,ads,none,False
1545,380,131,2026-07-29,ads,none,False
1546,1601,151,2026-07-26,ads,none,False
1547,1407,159,2026-07-24,referral,none,False
1548,683,99,2024-12-14,ads,none,False
1549,1211,202,2024-09-24,promo,none,False
1550,1336,263,2025-04-18,organic,none,False
1551,381,148,2025-08-04,ads,none,False
1552,1801,176,2024-10-21,promo,none,False
1553,1900,239,2024-06-28,ads,none,False
1554,1765,295,2025-08-03,ads,none,False
1555,422,223,2026-05-08,promo,none,False
1556,321,79,2026-04-18,promo,none,False
1557,1345,133,2025-08-16,referral,none,False
1558,1253,183,2024-06-20,organic,none,False
1559,791,164,2026-05-28,organic,none,False
1560,1925,102,2026-04-22,ads,none,False
1561,721,105,2025-11-05,ads,none,False
1562,691,170,2026-02-12,ads,none,False
1563,1461,127,2025-09-02,organic,none,False
1564,1878,179,2025-11-09,promo,none,False
1565,1742,23,2026-02-27,organic,none,False
1566,293,57,2025-08-03,referral,none,False
1567,1845,256,2025-12-25,organic,none,False
1568,894,110,2026-06-15,ads,none,False
1569,791,65,2026-02-13,referral,none,False
1570,1000,128,2025-11-23,organic,none,False
1571,1335,113,2024-11-02,promo,none,False
1572,674,43,2025-10-30,promo,none,False
1573,1264,247,2026-07-12,promo,none,False
1574,212,173,2026-06-30,ads,none,False
1575,954,266,2026-01-09,promo,none,False
1576,1827,45,2025-07-27,organic,none,False
1577,331,19,2026-05-26,promo,none,False
1578,481,86,2026-05-15,referral,none,False
1579,180,259,2026-04-18,referral,none,False
1580,1304,112,2026-06-29,promo,none,False
1581,883,27,2025-07-08,promo,none,False
1582,477,18,2025-05-22,referral,none,False
1583,1868,232,2026-03-11,ads,none,False
1584,1573,151,2026-04-10,organic,enrollment_before_registration;enrollment_before_publish,False
1585,1790,61,2026-06-09,ads,none,False
1586,798,96,2026-07-09,organic,none,False
1587,205,39,2026-07-10,ads,none,False
1588,1915,47,2026-02-21,organic,none,False
1589,1902,27,2025-08-21,promo,none,False
1590,1749,14,2026-06-24,promo,none,False
1591,222,31,2025-03-31,organic,none,False
1592,1377,219,2025-01-23,organic,none,False
1593,87,100,2025-08-14,promo,none,False
1594,1341,115,2024-01-27,organic,none,False
1595,637,140,2025-12-05,ads,none,False
1596,1566,299,2026-01-02,organic,none,False
1597,1124,211,2025-10-18,promo,none,False
1598,1302,101,2026-07-03,ads,none,False
1599,1223,171,2026-02-03,promo,none,False
1600,1850,108,2026-07-02,referral,none,False
1601,1604,261,2026-07-27,promo,none,False
1602,222,270,2026-06-11,ads,none,False
1603,291,17,2025-08-20,ads,none,False
1604,8,189,2026-01-31,referral,none,False
1605,876,98,2026-03-25,ads,none,False
1606,452,118,2025-12-30,organic,none,False
1607,180,270,2026-03-30,promo,none,False
1608,1955,249,2026-05-14,promo,none,False
1609,456,35,2026-06-30,ads,none,False
1610,1695,176,2025-08-10,organic,none,False
1611,801,114,2025-11-27,referral,none,False
1612,1353,128,2026-06-07,referral,none,False
1613,127,135,2025-01-28,referral,none,False
1614,405,275,2026-06-29,organic,none,False
1615,1585,238,2025-08-18,promo,none,False
1616,1363,241,2024-12-10,referral,none,False
1617,1076,117,2026-07-26,organic,none,False
1618,1027,201,2025-07-02,promo,none,False
1619,1216,297,2025-10-03,ads,none,False
1620,1523,56,2026-04-10,referral,none,False
1621,1726,161,2026-07-19,organic,none,False
1622,1854,69,2025-03-14,organic,none,False
1623,1483,280,2026-04-11,ads,none,False
1624,274,229,2026-06-16,referral,none,False
1625,1083,36,2025-12-06,referral,none,False
1626,1232,71,2026-07-29,organic,none,False
1627,238,99,2026-07-19,promo,none,False
1628,473,46,2026-07-14,ads,none,False
1629,406,40,2025-06-15,promo,none,False
1630,1213,248,2024-06-20,referral,none,False
1631,1783,159,2026-07-06,organic,none,False
1632,1465,188,2026-06-26,ads,none,False
1633,489,30,2026-07-04,ads,none,False
1634,1699,52,2026-05-10,organic,none,False
1635,535,175,2025-12-03,promo,none,False
1636,809,244,2026-03-03,ads,none,False
1637,1648,84,2026-06-18,ads,none,False
1638,1070,197,2024-12-05,promo,none,False
1639,385,174,2026-04-03,promo,none,False
1640,871,117,2025-10-15,organic,none,False
1641,383,118,2026-02-25,organic,none,False
1642,614,262,2026-04-03,promo,none,False
1643,585,241,2026-06-19,organic,none,False
1644,1193,138,2026-05-11,ads,none,False
1645,824,231,2023-08-30,promo,none,False
1646,1677,44,2026-05-20,organic,none,False
1647,814,242,2025-09-26,promo,none,False
1648,1500,24,2025-04-04,referral,none,False
1649,1675,246,2026-07-23,ads,none,False
1650,1096,299,2026-06-23,promo,enrollment_before_registration,False
1651,931,188,2026-07-08,referral,none,False
1652,858,177,2025-08-14,ads,none,False
1653,1995,208,2026-04-05,ads,none,False
1654,1367,230,2025-12-09,promo,none,False
1655,1781,161,2025-04-26,ads,none,False
1656,1709,157,2024-05-24,promo,none,False
1657,1402,199,2026-07-14,promo,none,False
1658,983,34,2025-11-16,organic,none,False
1659,258,45,2025-05-31,promo,none,False
1660,223,292,2026-06-06,referral,none,False
1661,959,184,2026-07-18,ads,none,False
1662,364,211,2025-10-24,organic,none,False
1663,1058,287,2026-04-08,referral,none,False
1664,1643,54,2026-01-28,promo,none,False
1665,342,292,2026-04-29,ads,none,False
1666,1965,260,2026-06-26,organic,none,False
1667,1736,108,2026-05-24,ads,none,False
1668,1230,73,2026-05-22,ads,none,False
1669,271,59,2025-09-29,ads,none,False
1670,922,170,2026-05-01,organic,none,False
1671,1681,52,2025-02-23,ads,none,False
1672,1629,134,2026-02-01,ads,none,False
1673,829,166,2026-01-20,ads,none,False
1674,1124,26,2025-04-20,ads,none,False
1675,1646,178,2026-07-03,promo,none,False
1676,1249,232,2026-03-06,ads,none,False
1677,354,170,2025-11-16,promo,none,False
1678,355,274,2026-07-08,organic,none,False
1679,529,238,2026-04-03,referral,none,False
1680,1475,173,2026-05-23,organic,none,False
1681,184,61,2026-05-28,ads,none,False
1682,1245,98,2026-01-04,promo,none,False
1683,1034,281,2026-02-05,organic,none,False
1684,882,68,2026-04-27,promo,none,False
1685,1734,233,2025-09-11,promo,none,False
1686,869,39,2025-05-26,promo,none,False
1687,1819,70,2026-05-12,referral,none,False
1688,245,235,2026-06-10,referral,none,False
1689,959,53,2026-03-08,promo,none,False
1690,29,169,2025-12-26,organic,none,False
1691,580,105,2026-06-10,ads,none,False
1692,667,134,2025-07-28,referral,none,False
1693,891,174,2025-11-12,organic,none,False
1694,1356,234,2026-04-22,referral,none,False
1695,229,132,2025-12-13,ads,none,False
1696,130,295,2026-05-08,organic,none,False
1697,1898,174,2026-06-10,referral,none,False
1698,1196,243,2026-06-14,ads,none,False
1699,1738,186,2025-12-17,promo,none,False
1700,70,9,2026-07-14,organic,none,False
1701,1934,272,2025-09-11,promo,none,False
1702,627,251,2026-05-17,organic,none,False
1703,393,118,2025-09-20,promo,none,False
1704,1447,156,2025-05-24,referral,none,False
1705,1674,79,2025-02-25,ads,none,False
1706,1504,62,2026-05-20,ads,none,False
1707,1675,141,2026-07-12,organic,none,False
1708,330,242,2024-11-27,referral,none,False
1709,638,83,2026-01-08,promo,none,False
1710,258,105,2025-07-02,ads,none,False
1711,403,60,2025-07-23,referral,none,False
1712,1064,124,2026-05-25,organic,none,False
1713,269,164,2026-07-09,promo,none,False
1714,637,91,2024-12-20,promo,none,False
1715,342,144,2023-12-18,organic,none,False
1716,800,191,2025-01-22,referral,none,False
1717,1903,96,2026-06-27,organic,none,False
1718,562,181,2026-03-06,promo,none,False
1719,277,183,2024-08-19,ads,none,False
1720,482,49,2026-07-15,referral,none,False
1721,114,249,2026-06-09,referral,none,False
1722,1306,88,2026-02-01,promo,none,False
1723,43,229,2025-11-15,referral,none,False
1724,1075,166,2026-03-16,referral,none,False
1725,8,191,2026-07-27,organic,none,False
1726,1103,243,2026-07-02,organic,none,False
1727,816,96,2024-09-03,referral,none,False
1728,1074,130,2025-09-29,referral,none,False
1729,651,56,2026-03-03,ads,none,False
1730,1519,221,2025-11-18,ads,none,False
1731,1945,30,2024-03-27,organic,none,False
1732,488,231,2026-04-11,ads,none,False
1733,912,47,2025-03-17,organic,none,False
1734,1529,60,2026-07-09,referral,none,False
1735,1611,295,2026-06-28,promo,none,False
1736,745,141,2025-02-22,promo,none,False
1737,980,136,2026-03-15,ads,none,False
1738,668,158,2026-06-10,ads,none,False
1739,1558,206,2026-04-29,ads,none,False
1740,659,176,2026-03-14,ads,enrollment_before_registration,False
1741,1222,111,2026-06-19,promo,none,False
1742,1335,241,2026-06-29,promo,none,False
1743,1927,134,2026-06-27,organic,none,False
1744,1650,243,2026-05-17,ads,none,False
1745,151,274,2025-10-26,referral,none,False
1746,212,220,2025-12-12,ads,none,False
1747,42,231,2024-10-27,organic,none,False
1748,194,4,2025-09-27,organic,none,False
1749,1477,197,2025-09-18,ads,none,False
1750,787,258,2026-05-30,ads,none,False
1751,142,282,2026-06-03,ads,none,False
1752,1718,166,2026-03-24,ads,none,False
1753,1764,194,2025-12-06,promo,none,False
1754,397,206,2026-01-07,ads,none,False
1755,552,29,2026-06-17,ads,none,False
1756,506,181,2025-11-19,promo,none,False
1757,1012,41,2026-01-27,promo,none,False
1758,767,220,2025-10-13,referral,none,False
1759,569,298,2026-06-19,promo,none,False
1760,657,12,2026-05-15,ads,none,False
1761,1021,189,2026-06-27,organic,none,False
1762,1187,215,2026-07-23,referral,none,False
1763,620,98,2025-06-30,organic,none,False
1764,1828,84,2025-10-22,ads,none,False
1765,1739,78,2025-09-26,promo,none,False
1766,1707,273,2026-03-05,promo,none,False
1767,920,117,2026-07-20,referral,none,False
1768,1403,79,2026-02-22,organic,none,False
1769,550,40,2026-04-28,referral,none,False
1770,1993,134,2025-08-15,organic,none,False
1771,1689,170,2026-07-24,referral,none,False
1772,217,12,2026-04-01,ads,none,False
1773,359,299,2025-11-03,ads,none,False
1774,99,195,2026-04-26,referral,none,False
1775,1494,52,2026-03-23,ads,none,False
1776,1806,97,2024-09-14,organic,none,False
1777,718,294,2025-12-21,organic,none,False
1778,1493,208,2025-12-27,organic,none,False
1779,335,224,2026-07-09,promo,none,False
1780,853,201,2025-10-21,referral,none,False
1781,57,216,2025-08-04,promo,none,False
1782,1164,13,2025-10-22,referral,none,False
1783,692,104,2026-06-26,referral,none,False
1784,1540,234,2025-07-16,referral,none,False
1785,196,265,2025-12-27,referral,none,False
1786,1922,116,2026-07-22,promo,none,False
1787,170,222,2026-07-19,ads,none,False
1788,310,118,2025-03-28,ads,none,False
1789,711,158,2026-07-22,ads,none,False
1790,658,166,2026-05-20,promo,none,False
1791,263,129,2026-05-14,promo,none,False
1792,1053,17,2025-06-20,referral,none,False
1793,1461,118,2024-05-29,referral,none,False
1794,978,132,2026-05-12,promo,none,False
1795,1900,192,2026-01-16,promo,none,False
1796,1564,32,2026-05-14,promo,none,False
1797,1918,118,2026-04-29,referral,none,False
1798,1086,223,2026-03-20,ads,none,False
1799,803,105,2025-06-06,promo,none,False
1800,244,91,2026-04-01,promo,none,False
1801,1981,172,2026-07-12,organic,none,False
1802,1597,11,2025-01-14,referral,none,False
1803,982,272,2026-02-09,ads,none,False
1804,1744,279,2026-03-16,promo,none,False
1805,1230,120,2025-12-09,referral,none,False
1806,1817,156,2025-05-12,organic,none,False
1807,1436,248,2026-07-28,referral,none,False
1808,126,119,2026-01-11,promo,none,False
1809,1832,286,2026-02-23,referral,none,False
1810,309,2,2025-11-09,ads,none,False
1811,882,45,2026-07-22,promo,none,False
1812,1177,239,2026-05-29,referral,none,False
1813,1854,42,2026-04-01,ads,none,False
1814,1618,54,2026-04-09,promo,none,False
1815,1034,43,2026-05-14,promo,none,False
1816,1039,132,2024-08-19,ads,none,False
1817,387,190,2026-07-28,promo,none,False
1818,135,93,2025-05-13,promo,none,False
1819,1352,31,2026-07-26,referral,none,False
1820,176,36,2026-05-19,referral,none,False
1821,1902,265,2025-10-20,organic,none,False
1822,562,296,2026-03-18,promo,none,False
1823,954,282,2026-06-26,organic,none,False
1824,1113,273,2026-01-07,ads,none,False
1825,118,267,2026-07-25,referral,none,False
1826,473,100,2025-06-25,referral,none,False
1827,1470,271,2026-07-21,organic,none,False
1828,1118,125,2026-03-27,ads,enrollment_before_registration;enrollment_before_publish,False
1829,1192,258,2026-04-10,referral,none,False
1830,1481,261,2026-03-06,ads,none,False
1831,852,243,2026-01-05,referral,none,False
1832,1415,85,2026-07-30,organic,none,False
1833,325,297,2025-08-21,referral,none,False
1834,1393,167,2025-11-22,ads,none,False
1835,37,22,2026-06-01,referral,none,False
1836,1252,17,2026-06-23,referral,none,False
1837,965,283,2026-07-22,promo,none,False
1838,728,165,2026-02-03,organic,none,False
1839,1026,191,2026-03-19,promo,none,False
1840,983,238,2026-05-11,referral,none,False
1841,1650,94,2025-01-20,organic,none,False
1842,1349,69,2026-01-10,organic,none,False
1843,85,63,2025-11-09,organic,none,False
1844,1377,9,2025-12-09,ads,none,False
1845,684,288,2026-07-04,ads,none,False
1846,1967,276,2026-04-06,promo,none,False
1847,1286,234,2025-07-18,organic,none,False
1848,411,61,2025-10-26,promo,none,False
1849,1197,148,2025-11-30,referral,none,False
1850,1318,98,2025-03-16,promo,none,False
1851,376,174,2026-06-21,referral,none,False
1852,411,47,2026-06-30,organic,none,False
1853,481,241,2026-02-04,organic,none,False
1854,1090,69,2025-12-12,referral,none,False
1855,842,62,2025-04-04,promo,none,False
1856,766,249,2025-12-28,ads,none,False
1857,888,171,2025-11-26,referral,none,False
1858,1221,215,2025-09-18,organic,none,False
1859,1201,118,2025-01-13,referral,none,False
1860,254,11,2025-01-24,referral,none,False
1861,488,88,2025-08-05,ads,none,False
1862,208,79,2026-07-24,organic,none,False
1863,1520,23,2026-05-10,referral,none,False
1864,830,69,2025-04-26,referral,none,False
1865,1627,111,2026-03-18,promo,none,False
1866,1445,226,2025-02-12,organic,none,False
1867,1455,62,2026-06-24,promo,none,False
1868,1920,200,2026-01-14,promo,enrollment_before_registration,False
1869,460,56,2026-04-29,referral,none,False
1870,632,176,2026-06-25,promo,none,False
1871,1473,115,2024-09-07,ads,none,False
1872,281,170,2026-01-19,ads,none,False
1873,125,8,2026-05-18,organic,none,False
1874,756,288,2026-03-18,promo,none,False
1875,1404,55,2026-07-19,ads,none,False
1876,947,292,2025-11-24,ads,none,False
1877,1595,231,2025-01-04,referral,none,False
1878,1595,67,2025-02-27,organic,none,False
1879,44,251,2026-06-02,organic,none,False
1880,7,296,2024-09-10,referral,none,False
1881,761,175,2026-01-18,promo,none,False
1882,559,187,2026-07-20,organic,none,False
1883,1153,103,2025-03-29,referral,none,False
1884,1169,60,2025-11-09,organic,none,False
1885,1928,268,2025-07-19,organic,none,False
1886,1947,298,2026-07-21,referral,none,False
1887,9,89,2026-02-09,promo,none,False
1888,751,168,2026-07-11,ads,none,False
1889,1044,87,2025-07-06,ads,none,False
1890,1451,171,2026-04-17,organic,none,False
1891,1353,235,2026-06-18,ads,none,False
1892,1833,241,2025-12-15,organic,none,False
1893,886,128,2026-04-07,promo,none,False
1894,302,27,2024-10-29,ads,none,False
1895,1040,132,2025-03-12,organic,none,False
1896,319,176,2025-02-08,referral,none,False
1897,1577,119,2025-09-03,referral,none,False
1898,1212,79,2025-05-15,promo,none,False
1899,971,220,2025-11-17,promo,none,False
1900,1510,163,2026-02-23,referral,none,False
1901,1768,129,2025-02-27,ads,none,False
1902,1917,240,2026-03-24,promo,none,False
1903,1857,164,2026-04-20,promo,none,False
1904,1964,242,2026-01-23,referral,none,False
1905,1711,102,2025-12-29,ads,none,False
1906,687,119,2026-06-20,ads,none,False
1907,138,167,2026-03-06,organic,enrollment_before_registration,False
1908,1872,203,2026-05-29,referral,none,False
1909,227,262,2026-04-20,ads,none,False
1910,561,120,2026-05-25,ads,none,False
1911,436,182,2025-07-30,ads,none,False
1912,1095,163,2026-07-12,referral,none,False
1913,1923,18,2025-07-01,referral,none,False
1914,1403,214,2026-03-13,promo,none,False
1915,1267,80,2026-06-02,promo,none,False
1916,45,50,2025-09-18,ads,none,False
1917,1354,116,2026-06-03,referral,none,False
1918,1948,115,2026-06-02,referral,none,False
1919,1740,40,2024-07-30,referral,none,False
1920,898,2,2025-02-20,referral,none,False
1921,1188,185,2026-07-01,ads,none,False
1922,1201,95,2025-02-12,referral,none,False
1923,62,80,2026-03-01,referral,none,False
1924,1013,237,2026-05-15,referral,none,False
1925,154,216,2026-03-16,promo,none,False
1926,505,105,2025-03-24,promo,none,False
1927,1084,268,2026-03-25,referral,none,False
1928,618,212,2026-04-16,organic,none,False
1929,836,132,2025-09-22,organic,none,False
1930,707,149,2026-06-25,ads,none,False
1931,1260,109,2025-09-11,referral,none,False
1932,1586,268,2026-07-19,organic,none,False
1933,1438,44,2026-04-02,promo,none,False
1934,655,208,2026-01-15,organic,none,False
1935,271,16,2026-02-06,organic,none,False
1936,1090,244,2025-05-27,organic,none,False
1937,1082,23,2026-06-22,promo,none,False
1938,1748,55,2026-07-20,referral,none,False
1939,1740,26,2026-06-27,referral,none,False
1940,1735,18,2026-03-04,promo,none,False
1941,18,40,2026-04-16,promo,none,False
1942,787,206,2026-05-10,organic,none,False
1943,107,196,2026-02-12,promo,none,False
1944,1603,172,2026-05-16,promo,none,False
1945,1016,67,2025-12-28,organic,none,False
1946,1272,156,2026-05-17,referral,none,False
1947,412,219,2026-03-16,referral,none,False
1948,1528,150,2025-06-28,organic,none,False
1949,1158,270,2026-07-12,promo,none,False
1950,1580,41,2026-06-27,organic,none,False
1951,1327,139,2026-04-23,referral,none,False
1952,1658,47,2026-04-03,referral,none,False
1953,1218,261,2024-04-12,ads,none,False
1954,1547,252,2025-03-10,organic,none,False
1955,33,137,2026-01-09,promo,none,False
1956,1063,25,2024-06-29,ads,none,False
1957,1761,211,2025-10-21,promo,none,False
1958,637,40,2026-04-16,organic,none,False
1959,1626,15,2026-06-19,referral,none,False
1960,1464,284,2025-10-10,referral,none,False
1961,1218,243,2025-05-24,referral,none,False
1962,1395,177,2026-07-29,ads,enrollment_before_registration,False
1963,842,175,2026-01-16,ads,none,False
1964,1043,46,2026-07-05,ads,none,False
1965,424,18,2026-07-21,promo,none,False
1966,1418,108,2025-08-26,ads,none,False
1967,413,98,2026-05-21,promo,none,False
1968,1935,13,2025-01-24,ads,none,False
1969,1716,186,2026-03-13,ads,none,False
1970,1304,9,2026-03-12,ads,none,False
1971,1306,217,2025-07-17,referral,none,False
1972,1007,75,2026-03-07,ads,enrollment_before_registration,False
1973,1461,133,2025-10-12,promo,none,False
1974,1910,82,2026-04-02,organic,enrollment_before_registration,False
1975,82,120,2026-02-19,promo,none,False
1976,863,87,2026-06-04,referral,none,False
1977,1915,5,2026-02-21,promo,none,False
1978,1667,287,2026-06-26,referral,none,False
1979,1013,235,2026-07-23,referral,none,False
1980,444,69,2024-12-06,promo,none,False
1981,1053,256,2026-01-23,organic,none,False
1982,552,230,2026-05-23,promo,none,False
1983,1215,282,2026-05-24,promo,none,False
1984,600,274,2026-03-04,organic,none,False
1985,1663,297,2025-04-27,promo,none,False
1986,1339,191,2026-05-05,promo,none,False
1987,1031,77,2025-03-20,organic,none,False
1988,1303,173,2026-03-19,promo,none,False
1989,549,288,2025-06-30,promo,none,False
1990,1695,270,2026-02-03,promo,none,False
1991,1687,23,2026-03-24,organic,none,False
1992,248,79,2025-04-18,referral,none,False
1993,248,32,2026-03-25,organic,none,False
1994,1440,142,2026-07-16,organic,none,False
1995,1907,253,2026-06-28,ads,none,False
1996,97,78,2025-06-25,organic,none,False
1997,500,190,2026-07-24,organic,none,False
1998,1713,179,2025-08-13,promo,none,False
1999,1924,147,2024-04-25,ads,none,False
2000,329,28,2026-02-12,referral,none,False
2001,1020,236,2026-04-17,ads,none,False
2002,893,136,2025-05-24,promo,none,False
2003,295,117,2026-04-09,promo,none,False
2004,1321,205,2025-01-21,ads,none,False
2005,153,6,2026-04-26,referral,none,False
2006,684,217,2026-07-05,organic,none,False
2007,1327,271,2026-03-19,promo,none,False
2008,1947,50,2026-02-17,ads,none,False
2009,51,119,2025-09-19,ads,none,False
2010,1628,185,2025-02-20,organic,none,False
2011,945,109,2025-09-06,ads,none,False
2012,1755,299,2025-10-25,promo,none,False
2013,497,59,2025-08-15,promo,none,False
2014,1176,51,2026-04-18,referral,none,False
2015,1181,202,2026-04-26,ads,none,False
2016,1641,85,2026-07-28,ads,none,False
2017,990,226,2026-06-14,referral,none,False
2018,175,141,2026-03-25,referral,none,False
2019,1145,240,2026-07-17,referral,none,False
2020,1045,91,2026-06-18,referral,none,False
2021,1743,143,2026-02-09,ads,none,False
2022,1873,67,2025-09-22,promo,none,False
2023,711,40,2026-02-22,ads,none,False
2024,705,169,2026-03-05,promo,none,False
2025,1469,203,2026-05-18,organic,none,False
2026,1570,77,2025-10-23,referral,none,False
2027,469,180,2026-02-09,promo,none,False
2028,487,148,2024-12-01,organic,none,False
2029,688,4,2025-10-16,ads,none,False
2030,1356,20,2024-06-26,ads,none,False
2031,871,300,2026-06-05,promo,none,False
2032,767,70,2026-06-18,organic,none,False
2033,86,62,2026-07-05,ads,none,False
2034,389,250,2026-06-29,organic,none,False
2035,156,97,2026-03-15,promo,none,False
2036,9,213,2026-02-05,ads,none,False
2037,1710,274,2026-06-10,organic,none,False
2038,1191,277,2026-07-14,ads,none,False
2039,82,205,2025-06-06,promo,none,False
2040,815,246,2026-07-19,organic,none,False
2041,979,10,2025-08-03,ads,none,False
2042,1851,280,2026-03-08,promo,none,False
2043,886,32,2026-03-18,promo,none,False
2044,1452,82,2026-03-16,ads,none,False
2045,1548,162,2026-07-23,promo,none,False
2046,911,295,2026-06-16,promo,none,False
2047,1340,230,2026-01-09,organic,none,False
2048,54,91,2024-10-04,referral,none,False
2049,1781,84,2026-06-17,promo,none,False
2050,1234,274,2026-05-07,promo,none,False
2051,1477,142,2025-05-22,promo,none,False
2052,1746,65,2025-04-20,promo,none,False
2053,584,64,2026-05-23,ads,none,False
2054,1157,242,2025-12-18,promo,none,False
2055,1097,244,2026-04-25,organic,none,False
2056,1760,294,2025-07-13,ads,none,False
2057,977,98,2024-04-06,referral,none,False
2058,318,96,2025-05-22,organic,none,False
2059,1791,201,2025-11-08,referral,none,False
2060,1439,174,2026-04-14,promo,none,False
2061,937,246,2025-09-07,promo,none,False
2062,236,284,2026-06-22,promo,none,False
2063,43,142,2026-07-24,promo,none,False
2064,1239,235,2026-07-10,referral,none,False
2065,362,161,2025-12-17,referral,none,False
2066,1578,184,2026-04-27,promo,none,False
2067,519,182,2026-04-11,promo,none,False
2068,1957,181,2026-04-24,referral,none,False
2069,1668,248,2024-09-05,referral,none,False
2070,1638,287,2025-10-06,referral,none,False
2071,1750,297,2025-05-30,ads,none,False
2072,1872,134,2023-09-19,organic,none,False
2073,1785,233,2026-05-15,ads,none,False
2074,197,32,2025-10-26,ads,none,False
2075,684,52,2026-05-19,ads,none,False
2076,1286,6,2026-02-07,promo,none,False
2077,1156,143,2025-08-22,promo,none,False
2078,139,149,2026-04-06,ads,none,False
2079,22,282,2026-04-23,referral,none,False
2080,1348,105,2026-02-15,promo,none,False
2081,1158,112,2026-06-21,organic,none,False
2082,1293,90,2026-06-15,referral,none,False
2083,37,109,2025-04-05,referral,none,False
2084,112,277,2026-07-15,referral,none,False
2085,636,19,2026-05-05,ads,none,False
2086,1543,113,2025-06-10,organic,none,False
2087,903,188,2025-12-04,promo,none,False
2088,1441,21,2026-05-04,ads,none,False
2089,876,54,2026-07-03,ads,none,False
2090,1341,147,2024-03-13,organic,none,False
2091,1310,185,2025-06-08,promo,none,False
2092,1872,234,2025-06-22,promo,none,False
2093,1060,85,2026-02-28,ads,enrollment_before_registration,False
2094,1341,34,2026-01-09,organic,none,False
2095,62,60,2026-02-02,promo,none,False
2096,1784,260,2026-06-27,organic,none,False
2097,191,12,2025-05-30,referral,none,False
2098,1303,218,2026-05-04,promo,none,False
2099,520,201,2026-01-14,ads,none,False
2100,814,21,2026-02-07,ads,none,False
2101,356,1,2024-09-15,organic,none,False
2102,598,104,2026-06-26,promo,none,False
2103,1168,179,2026-02-27,ads,none,False
2104,414,182,2025-01-07,referral,none,False
2105,1057,155,2025-08-18,promo,none,True
2106,1266,15,2026-06-02,promo,none,False
2107,1776,265,2025-08-12,promo,none,False
2108,329,39,2026-04-20,promo,none,False
2109,1226,288,2026-07-09,organic,none,False
2110,648,121,2026-03-08,organic,none,False
2111,969,249,2026-05-04,promo,none,False
2112,161,207,2026-02-10,referral,enrollment_before_registration,False
2113,863,85,2026-06-05,ads,none,False
2114,1087,201,2026-06-13,organic,none,False
2115,456,259,2026-06-15,promo,none,False
2116,1102,98,2026-07-28,promo,none,False
2117,344,94,2026-03-20,organic,none,False
2118,162,17,2026-05-05,organic,none,False
2119,1095,170,2026-06-06,referral,none,False
2120,1519,188,2026-06-18,ads,none,False
2121,422,155,2026-01-28,ads,none,False
2122,1458,31,2026-07-02,ads,none,False
2123,851,43,2024-12-12,referral,none,False
2124,498,189,2026-03-26,promo,none,False
2125,227,189,2026-03-14,referral,none,False
2126,310,144,2025-04-21,referral,none,False
2127,1951,186,2026-03-11,promo,enrollment_before_registration,False
2128,1396,278,2026-01-02,promo,none,False
2129,970,132,2025-08-02,ads,none,False
2130,1212,21,2025-04-27,organic,none,False
2131,1654,137,2025-10-05,organic,none,False
2132,1708,122,2026-03-20,promo,enrollment_before_registration,False
2133,1897,195,2026-07-18,organic,none,False
2134,1730,44,2025-12-23,referral,none,False
2135,1413,207,2024-11-17,referral,none,False
2136,85,217,2026-04-24,promo,none,False
2137,1614,220,2024-08-13,ads,none,False
2138,832,263,2025-10-13,organic,none,False
2139,1960,129,2025-10-04,referral,none,False
2140,218,151,2026-07-18,organic,none,False
2141,983,145,2025-12-11,ads,none,False
2142,1499,112,2026-04-25,organic,none,False
2143,1634,198,2025-11-13,referral,none,False
2144,1702,135,2025-12-31,promo,none,False
2145,70,209,2026-05-15,promo,none,False
2146,913,193,2025-11-09,organic,none,False
2147,1337,23,2026-01-25,organic,none,False
2148,373,15,2026-02-23,promo,none,False
2149,1308,299,2026-05-05,promo,none,False
2150,532,207,2026-06-19,referral,none,False
2151,1702,89,2026-05-18,organic,none,False
2152,631,171,2026-02-21,organic,none,False
2153,1822,170,2026-02-10,referral,none,False
2154,881,64,2026-04-15,promo,none,False
2155,993,212,2026-06-06,ads,none,False
2156,334,251,2026-03-19,referral,none,False
2157,1618,10,2026-05-27,promo,none,False
2158,1686,284,2026-07-22,organic,none,False
2159,356,23,2026-05-07,promo,none,False
2160,635,262,2026-02-19,organic,none,False
2161,1817,256,2026-05-25,ads,none,False
2162,933,204,2026-06-16,ads,none,False
2163,161,83,2026-03-01,organic,enrollment_before_registration,False
2164,507,29,2026-03-19,promo,none,False
2165,1290,254,2026-07-10,ads,none,False
2166,629,79,2025-02-20,organic,none,False
2167,1751,3,2026-04-20,organic,none,False
2168,1534,109,2024-09-24,promo,none,False
2169,1480,13,2026-06-25,ads,none,False
2170,729,278,2026-02-22,organic,none,False
2171,268,116,2026-07-21,promo,none,False
2172,1728,171,2026-03-21,promo,none,False
2173,1472,249,2026-02-21,organic,none,False
2174,696,52,2026-07-28,promo,none,False
2175,969,97,2024-12-25,promo,none,False
2176,996,161,2026-02-09,organic,none,False
2177,731,159,2026-01-13,ads,enrollment_before_registration,False
2178,1690,72,2025-08-05,ads,none,False
2179,991,100,2026-06-18,ads,none,False
2180,758,118,2026-06-19,promo,none,False
2181,472,208,2026-07-11,organic,none,False
2182,1566,225,2024-07-27,organic,none,False
2183,1890,221,2026-07-19,organic,none,False
2184,635,291,2025-12-05,organic,none,False
2185,1051,230,2025-11-07,organic,none,False
2186,1361,264,2026-02-02,ads,none,False
2187,228,256,2025-01-11,ads,none,False
2188,1991,231,2026-04-30,organic,none,False
2189,1934,69,2026-03-15,promo,none,False
2190,544,62,2026-02-05,promo,none,False
2191,919,25,2026-07-06,organic,none,False
2192,1190,155,2025-07-18,organic,none,False
2193,491,15,2025-11-23,organic,none,False
2194,1927,143,2026-07-30,ads,none,False
2195,1808,132,2025-10-03,promo,none,False
2196,904,86,2025-02-16,referral,none,False
2197,391,273,2026-01-29,ads,enrollment_before_registration,False
2198,774,270,2026-04-08,promo,none,False
2199,567,217,2025-07-20,promo,none,False
2200,318,195,2026-07-28,promo,none,False
2201,225,71,2025-06-02,organic,none,False
2202,619,134,2026-07-13,referral,none,False
2203,917,207,2024-12-22,promo,none,False
2204,1314,84,2025-10-19,ads,none,False
2205,252,254,2026-05-30,ads,none,False
2206,180,297,2026-02-19,referral,none,False
2207,1869,209,2025-07-29,promo,none,False
2208,393,70,2025-09-05,organic,none,False
2209,944,22,2026-03-16,promo,none,False
2210,514,44,2026-02-09,ads,none,False
2211,614,47,2026-05-08,referral,none,False
2212,726,66,2026-06-02,organic,none,False
2213,1275,93,2025-05-03,promo,none,False
2214,823,229,2026-06-30,referral,enrollment_before_registration,False
2215,1785,108,2025-01-18,promo,none,False
2216,466,274,2025-08-12,organic,none,False
2217,1164,110,2026-01-01,organic,none,False
2218,818,164,2026-06-09,referral,none,False
2219,1260,278,2024-08-30,organic,none,False
2220,1681,226,2026-06-05,ads,none,False
2221,321,273,2025-03-08,promo,none,False
2222,638,254,2025-12-24,referral,none,False
2223,628,212,2026-01-07,organic,none,False
2224,1352,234,2025-06-27,referral,none,False
2225,837,284,2026-06-20,promo,none,False
2226,769,2,2026-01-25,promo,none,False
2227,1163,9,2025-11-26,referral,none,False
2228,1651,148,2026-04-25,ads,none,False
2229,1167,37,2026-06-23,promo,none,False
2230,242,140,2026-05-25,organic,none,False
2231,125,241,2026-03-12,promo,none,False
2232,1682,201,2026-04-09,referral,none,False
2233,664,190,2025-05-23,referral,none,False
2234,1086,290,2026-05-29,ads,none,False
2235,463,107,2026-01-26,organic,none,False
2236,93,84,2025-08-20,organic,none,False
2237,916,25,2025-06-27,promo,none,False
2238,1239,233,2025-06-11,referral,none,False
2239,635,53,2026-07-16,promo,none,False
2240,352,17,2026-04-22,ads,none,False
2241,465,15,2026-06-06,organic,none,False
2242,1795,39,2026-05-27,organic,none,False
2243,1251,17,2026-06-19,promo,none,False
2244,512,176,2025-04-27,ads,none,False
2245,919,124,2026-06-04,organic,none,False
2246,1559,270,2025-03-23,promo,none,False
2247,414,148,2025-01-25,referral,none,False
2248,890,46,2026-07-21,promo,none,False
2249,898,5,2024-12-23,ads,none,False
2250,139,162,2026-07-24,referral,none,False
2251,1303,7,2025-12-31,referral,none,False
2252,235,289,2026-03-06,referral,none,False
2253,560,186,2026-05-25,ads,none,False
2254,1919,36,2026-07-08,referral,none,False
2255,495,139,2025-08-25,promo,none,False
2256,948,108,2026-05-30,promo,none,False
2257,1778,292,2025-05-16,organic,none,False
2258,1156,26,2026-05-05,referral,none,False
2259,1989,77,2024-06-14,organic,none,False
2260,1401,54,2026-06-07,promo,none,False
2261,1013,224,2026-05-22,organic,none,False
2262,1640,177,2026-03-26,promo,none,False
2263,1476,277,2026-07-01,ads,none,False
2264,1212,99,2025-05-19,organic,none,False
2265,1160,155,2025-06-04,ads,none,False
2266,652,60,2026-05-31,organic,none,False
2267,962,33,2026-02-27,referral,none,False
2268,1412,68,2026-05-17,promo,none,False
2269,203,29,2026-07-06,ads,none,False
2270,415,250,2024-08-10,promo,none,False
2271,1939,172,2026-06-06,ads,none,False
2272,1269,35,2026-05-26,referral,none,False
2273,1590,108,2025-10-02,organic,none,False
2274,38,40,2026-07-16,promo,none,False
2275,673,215,2025-10-25,organic,none,False
2276,1091,259,2026-05-23,ads,none,False
2277,650,269,2026-03-17,organic,none,False
2278,1213,56,2025-11-12,ads,none,False
2279,1831,175,2026-06-03,ads,none,False
2280,1174,109,2024-06-22,organic,none,False
2281,572,171,2025-04-09,ads,none,False
2282,1378,206,2026-02-08,promo,none,False
2283,273,168,2026-06-19,promo,none,False
2284,390,291,2026-06-09,promo,none,False
2285,191,225,2026-02-24,referral,none,False
2286,404,281,2025-12-05,organic,none,False
2287,1748,104,2026-06-20,referral,none,False
2288,233,291,2026-04-18,referral,none,False
2289,576,62,2026-03-15,referral,none,False
2290,1228,212,2026-02-20,promo,none,False
2291,405,207,2026-06-04,organic,none,False
2292,1651,204,2026-07-25,promo,none,False
2293,1736,127,2026-06-14,referral,none,False
2294,72,198,2026-05-07,organic,none,False
2295,1674,77,2025-10-11,promo,none,False
2296,348,241,2026-04-01,organic,none,False
2297,1048,153,2025-06-23,organic,none,False
2298,143,195,2026-01-15,organic,none,False
2299,218,98,2025-12-08,referral,none,False
2300,1704,154,2026-01-01,ads,none,False
2301,836,202,2025-09-28,ads,none,False
2302,1308,97,2026-04-25,ads,none,False
2303,1786,181,2026-07-25,referral,none,False
2304,1530,233,2024-07-27,ads,none,False
2305,523,8,2026-06-09,referral,none,False
2306,345,108,2026-07-27,organic,none,False
2307,1904,253,2025-08-13,referral,none,False
2308,1872,143,2026-05-17,ads,none,False
2309,270,34,2026-04-30,referral,none,False
2310,1347,52,2025-09-26,referral,none,False
2311,771,166,2026-07-04,referral,none,False
2312,323,142,2026-07-22,ads,none,False
2313,1528,82,2025-05-27,promo,none,False
2314,211,160,2026-05-13,promo,none,False
2315,1891,164,2026-04-26,referral,none,False
2316,1154,292,2025-09-26,ads,none,False
2317,975,19,2025-08-31,organic,none,False
2318,1642,224,2025-12-27,promo,none,False
2319,1604,31,2026-07-27,referral,none,False
2320,984,149,2026-02-06,ads,none,False
2321,840,248,2025-09-14,ads,none,False
2322,1769,68,2025-09-06,organic,none,False
2323,1495,187,2026-04-18,organic,none,False
2324,1228,262,2025-06-08,organic,none,False
2325,41,33,2025-11-24,organic,none,False
2326,934,249,2026-05-04,organic,none,False
2327,90,272,2026-05-27,organic,none,False
2328,1397,111,2026-06-30,organic,none,False
2329,634,132,2026-03-12,promo,none,False
2330,1684,43,2024-12-06,organic,none,False
2331,495,100,2025-06-24,ads,none,False
2332,1286,236,2026-06-07,promo,none,False
2333,628,176,2026-06-15,organic,none,False
2334,1490,267,2026-07-21,ads,none,False
2335,1866,267,2026-07-03,ads,none,False
2336,1668,32,2025-06-06,referral,none,False
2337,1896,109,2024-08-07,organic,none,False
2338,1039,35,2023-11-22,ads,none,False
2339,690,52,2026-04-30,promo,none,False
2340,422,261,2025-02-02,ads,none,False
2341,562,77,2025-06-02,organic,none,False
2342,1762,21,2024-02-14,organic,none,False
2343,856,131,2026-06-28,organic,none,False
2344,1832,70,2026-02-20,referral,none,False
2345,735,125,2026-02-25,ads,enrollment_before_publish,False
2346,1340,130,2026-06-15,organic,none,False
2347,470,137,2025-06-23,promo,none,False
2348,1581,64,2026-07-08,organic,none,False
2349,1117,279,2026-07-25,organic,none,False
2350,1613,137,2026-04-23,referral,none,False
2351,935,178,2026-01-01,organic,enrollment_before_registration;enrollment_before_publish,False
2352,220,141,2025-09-06,ads,none,False
2353,1396,14,2025-10-28,organic,none,False
2354,1504,255,2026-07-28,promo,none,False
2355,254,115,2024-10-17,organic,none,False
2356,1315,290,2026-04-03,ads,none,False
2357,1555,75,2026-05-08,ads,none,False
2358,1007,184,2026-01-04,organic,enrollment_before_registration,False
2359,863,273,2026-05-25,promo,none,False
2360,1732,80,2026-05-12,organic,none,False
2361,1494,164,2025-10-03,ads,none,False
2362,7,46,2026-07-11,promo,none,False
2363,24,112,2025-05-05,referral,none,False
2364,956,226,2024-10-28,organic,none,False
2365,63,281,2025-09-18,organic,none,False
2366,1270,269,2025-09-29,referral,none,False
2367,538,283,2026-07-01,referral,enrollment_before_registration,False
2368,1611,162,2026-07-10,referral,none,False
2369,793,158,2025-12-22,ads,none,False
2370,91,61,2026-02-02,referral,none,False
2371,311,251,2026-03-15,promo,none,False
2372,579,178,2026-07-05,ads,none,False
2373,1297,91,2026-04-30,promo,none,False
2374,1098,42,2026-04-22,organic,none,False
2375,1192,79,2026-06-04,promo,none,False
2376,390,133,2026-05-29,organic,none,False
2377,660,174,2026-04-19,organic,none,False
2378,1463,186,2026-07-07,ads,none,False
2379,1808,113,2025-04-06,promo,none,False
2380,149,104,2025-07-02,referral,none,False
2381,1793,242,2026-02-18,referral,none,False
2382,312,189,2026-07-20,ads,none,False
2383,1188,216,2026-07-08,ads,none,False
2384,1618,262,2026-01-02,ads,none,False
2385,517,106,2025-06-28,referral,none,False
2386,969,267,2026-06-30,ads,none,False
2387,368,236,2026-07-06,organic,none,False
2388,1463,5,2025-05-22,promo,none,False
2389,741,99,2026-03-25,organic,none,False
2390,587,94,2025-10-03,organic,none,False
2391,468,23,2026-02-25,referral,none,False
2392,1240,151,2026-05-17,promo,none,False
2393,1312,140,2026-01-01,promo,none,False
2394,1976,155,2026-06-29,ads,none,False
2395,237,281,2025-11-12,promo,none,False
2396,203,80,2026-03-01,ads,none,False
2397,1848,52,2026-03-12,referral,none,False
2398,912,281,2025-08-18,ads,none,False
2399,1983,10,2026-06-10,ads,none,False
2400,656,87,2025-07-19,ads,none,False
2401,584,118,2026-07-15,promo,none,False
2402,1657,233,2025-04-03,organic,none,False
2403,1920,247,2026-03-02,referral,enrollment_before_registration,False
2404,1793,210,2026-01-20,organic,none,False
2405,1259,140,2026-07-03,promo,none,False
2406,1847,196,2026-06-22,promo,none,False
2407,1958,299,2026-06-30,ads,none,False
2408,1180,296,2026-04-21,organic,none,False
2409,1409,74,2024-06-07,organic,none,False
2410,988,184,2025-10-22,organic,none,False
2411,1389,253,2026-03-30,referral,none,False
2412,161,289,2026-05-28,ads,enrollment_before_registration,False
2413,1796,4,2025-04-12,ads,none,False
2414,95,182,2026-02-17,ads,none,False
2415,1534,144,2025-06-28,organic,none,False
2416,712,89,2026-05-25,referral,none,False
2417,792,278,2026-02-02,referral,enrollment_before_registration,False
2418,322,61,2026-07-06,organic,none,False
2419,1002,160,2026-04-18,organic,none,False
2420,348,99,2026-03-07,organic,none,False
2421,263,130,2026-05-20,organic,none,False
2422,1382,274,2026-06-24,ads,none,False
2423,652,89,2025-12-15,ads,none,False
2424,343,259,2026-02-04,organic,none,False
2425,1047,152,2024-12-15,referral,none,False
2426,1259,167,2025-09-18,organic,none,False
2427,499,115,2025-07-15,organic,none,False
2428,732,198,2026-04-22,referral,none,False
2429,1842,85,2026-04-18,promo,none,False
2430,986,255,2025-06-09,organic,none,False
2431,942,42,2026-01-17,referral,none,False
2432,101,201,2025-06-18,organic,none,False
2433,43,147,2025-08-29,referral,none,False
2434,390,45,2026-07-01,promo,none,False
2435,1822,98,2025-02-26,organic,none,False
2436,461,249,2026-02-23,referral,none,False
2437,1058,228,2025-03-09,promo,none,False
2438,1589,129,2026-05-13,organic,none,False
2439,1318,228,2025-12-26,referral,none,False
2440,1066,77,2024-08-01,ads,none,False
2441,1357,12,2026-05-24,ads,none,False
2442,1,31,2025-08-26,ads,none,False
2443,1172,19,2026-04-03,promo,none,False
2444,1669,235,2026-06-04,organic,none,False
2445,1563,115,2026-02-14,promo,none,False
2446,1932,169,2026-06-07,ads,none,False
2447,184,263,2025-12-20,ads,none,False
2448,1496,13,2026-06-01,organic,none,False
2449,910,210,2026-03-01,ads,none,False
2450,1712,81,2026-05-19,ads,none,False
2451,1249,206,2026-03-29,referral,none,False
2452,1899,71,2025-04-20,organic,none,False
2453,1597,199,2026-03-26,ads,none,False
2454,365,266,2026-05-21,ads,none,False
2455,1789,233,2025-08-09,organic,none,False
2456,377,78,2026-07-24,promo,none,False
2457,612,47,2025-10-20,promo,none,False
2458,1102,99,2026-05-22,ads,none,False
2459,703,78,2026-07-11,referral,none,False
2460,1152,105,2025-03-11,organic,none,False
2461,1708,69,2026-03-10,ads,enrollment_before_registration,False
2462,1846,271,2026-04-18,ads,none,False
2463,297,26,2026-04-05,referral,none,False
2464,280,268,2024-12-15,promo,none,False
2465,1966,160,2026-05-06,promo,none,False
2466,523,101,2024-12-07,promo,none,False
2467,1887,291,2026-07-05,referral,none,False
2468,748,295,2025-05-04,ads,none,False
2469,1019,135,2026-05-21,promo,none,False
2470,1325,296,2024-10-03,promo,none,False
2471,591,47,2026-06-17,referral,none,False
2472,1860,253,2026-07-20,organic,none,False
2473,590,159,2026-03-30,ads,none,False
2474,1799,27,2025-09-14,organic,none,False
2475,166,93,2025-08-12,organic,none,False
2476,471,102,2026-06-25,referral,enrollment_before_registration,False
2477,307,206,2026-02-08,promo,none,False
2478,82,117,2026-05-09,ads,none,False
2479,809,237,2026-07-22,promo,none,False
2480,150,239,2025-08-03,organic,none,False
2481,1920,47,2026-03-01,promo,enrollment_before_registration,False
2482,1051,125,2026-07-03,ads,none,False
2483,1809,230,2026-04-29,organic,none,False
2484,1949,53,2026-05-31,ads,none,False
2485,711,17,2026-01-02,promo,none,False
2486,944,81,2025-12-09,organic,none,False
2487,1233,189,2026-02-08,organic,none,False
2488,1232,247,2025-09-09,ads,none,False
2489,464,152,2025-06-30,organic,none,False
2490,310,64,2025-11-28,promo,none,False
2491,136,201,2026-03-22,organic,none,False
2492,1326,202,2026-04-04,referral,none,False
2493,1661,93,2026-01-31,organic,enrollment_before_registration,False
2494,1316,55,2026-02-19,organic,none,False
2495,1514,16,2025-11-12,promo,none,False
2496,191,262,2025-08-17,referral,none,False
2497,38,12,2026-02-12,ads,none,False
2498,405,105,2026-02-25,promo,none,False
2499,824,87,2025-07-25,organic,none,False
2500,1277,25,2025-06-20,organic,none,False
2501,593,33,2026-05-13,ads,none,False
2502,1839,164,2026-04-21,organic,none,False
2503,167,53,2026-05-19,referral,none,False
2504,445,93,2026-07-19,organic,none,False
2505,457,185,2026-05-02,organic,none,False
2506,103,79,2026-04-29,ads,none,False
2507,300,154,2026-07-01,referral,enrollment_before_registration,False
2508,1674,28,2026-05-29,referral,none,False
2509,820,58,2024-12-21,promo,none,False
2510,1223,74,2026-06-03,promo,none,False
2511,1032,247,2025-11-17,organic,none,False
2512,1768,96,2026-01-28,ads,none,False
2513,1804,75,2026-05-01,referral,none,False
2514,1331,166,2025-08-21,promo,none,False
2515,63,18,2026-07-23,ads,none,False
2516,105,32,2025-03-22,referral,none,False
2517,1518,216,2026-02-22,ads,none,False
2518,1568,184,2026-03-25,organic,none,False
2519,71,294,2025-07-20,promo,none,False
2520,1290,226,2026-03-02,organic,none,False
2521,1589,280,2025-02-24,organic,none,False
2522,1829,22,2025-12-12,referral,none,False
2523,746,184,2025-07-06,organic,none,False
2524,1093,243,2026-06-28,ads,none,False
2525,1921,234,2025-11-29,ads,none,False
2526,890,280,2026-06-13,referral,none,False
2527,1769,45,2026-02-23,ads,none,False
2528,1342,75,2025-01-08,organic,none,False
2529,1679,287,2025-08-08,promo,none,False
2530,1097,185,2025-12-23,promo,none,False
2531,1769,150,2026-06-29,ads,none,False
2532,795,269,2026-04-30,organic,none,False
2533,1780,133,2025-10-18,referral,none,False
2534,901,94,2025-04-06,ads,none,False
2535,1737,65,2025-05-23,organic,none,False
2536,875,42,2026-06-29,organic,none,False
2537,1893,11,2025-03-27,promo,none,False
2538,489,209,2026-06-06,ads,none,False
2539,1104,193,2025-07-20,referral,none,False
2540,1051,277,2026-06-25,promo,none,False
2541,950,87,2026-06-06,ads,none,False
2542,629,292,2025-10-11,promo,none,False
2543,499,77,2024-12-08,ads,none,False
2544,1542,256,2026-01-26,ads,none,False
2545,961,244,2026-07-06,ads,none,False
2546,1725,148,2025-10-10,organic,none,False
2547,1079,3,2025-06-01,referral,none,False
2548,367,129,2026-01-03,organic,none,False
2549,1089,235,2026-07-19,referral,none,False
2550,969,95,2024-07-23,promo,none,False
2551,1838,27,2026-01-09,organic,none,False
2552,176,232,2026-04-03,referral,none,False
2553,490,61,2025-08-24,organic,none,False
2554,464,167,2025-11-08,ads,none,False
2555,670,104,2025-04-05,organic,none,False
2556,679,264,2026-01-22,referral,none,False
2557,432,108,2026-04-06,ads,none,False
2558,1452,19,2026-03-05,organic,none,False
2559,1807,62,2026-06-21,ads,none,False
2560,1753,97,2026-06-15,promo,none,False
2561,876,204,2026-05-07,promo,none,False
2562,468,275,2026-03-13,ads,none,False
2563,497,194,2026-05-26,referral,none,False
2564,965,83,2026-07-21,promo,none,False
2565,137,122,2026-05-20,referral,none,False
2566,1899,276,2026-07-06,ads,none,False
2567,175,98,2026-04-13,referral,none,False
2568,329,33,2026-06-15,organic,none,False
2569,1928,273,2025-09-29,ads,none,False
2570,1722,200,2026-07-11,ads,none,False
2571,621,227,2025-11-04,promo,none,False
2572,333,101,2026-05-16,referral,none,False
2573,1276,114,2025-05-04,organic,none,False
2574,482,27,2025-08-26,ads,none,False
2575,49,120,2026-07-04,referral,none,False
2576,1802,193,2026-07-04,ads,none,False
2577,1932,274,2026-06-09,ads,none,False
2578,784,72,2026-04-28,promo,none,False
2579,36,206,2026-04-22,referral,none,False
2580,1815,173,2026-03-27,ads,none,False
2581,690,227,2025-08-17,organic,none,False
2582,855,62,2026-02-04,referral,none,False
2583,637,12,2025-10-05,ads,none,False
2584,362,154,2026-07-14,referral,none,False
2585,915,75,2024-06-10,promo,none,False
2586,1499,262,2026-07-26,organic,none,False
2587,927,131,2026-05-10,ads,none,False
2588,1809,61,2026-03-30,organic,none,False
2589,1314,172,2026-07-13,promo,none,False
2590,694,116,2026-03-02,referral,none,False
2591,1792,261,2024-05-19,organic,none,False
2592,1591,300,2025-12-21,ads,none,False
2593,326,197,2024-11-24,promo,none,False
2594,1766,68,2026-06-18,promo,none,False
2595,885,290,2025-07-15,referral,none,False
2596,1580,27,2026-07-28,promo,none,False
2597,437,75,2026-02-21,ads,none,False
2598,280,143,2025-09-17,referral,none,False
2599,1574,164,2026-03-28,promo,none,False
2600,1614,244,2025-11-08,organic,none,False
2601,1946,1,2025-10-03,promo,none,False
2602,1737,221,2026-01-06,referral,none,False
2603,65,124,2026-01-11,ads,none,False
2604,14,115,2026-02-22,promo,none,False
2605,1073,134,2026-06-07,organic,none,False
2606,561,139,2025-05-08,ads,none,False
2607,963,218,2026-07-26,promo,none,False
2608,1416,198,2026-02-16,referral,none,False
2609,728,233,2025-04-16,ads,none,False
2610,1254,111,2026-02-20,ads,none,False
2611,856,26,2025-09-11,promo,none,False
2612,185,14,2025-10-01,ads,none,False
2613,1827,118,2024-12-31,organic,none,False
2614,1643,56,2026-03-17,ads,none,False
2615,211,27,2025-02-04,organic,none,False
2616,1503,45,2026-06-16,organic,none,False
2617,1181,66,2026-05-29,organic,none,False
2618,144,160,2025-02-06,referral,none,False
2619,636,84,2026-03-27,organic,none,False
2620,1182,201,2025-08-30,promo,none,False
2621,72,13,2026-06-09,organic,none,False
2622,1954,188,2025-10-05,promo,none,False
2623,492,30,2026-07-14,referral,none,False
2624,955,218,2025-09-02,promo,none,False
2625,1481,46,2026-07-03,promo,none,False
2626,1708,72,2026-04-08,ads,enrollment_before_registration,False
2627,551,185,2026-06-28,organic,none,False
2628,1670,256,2024-02-04,promo,none,False
2629,1093,72,2026-07-23,promo,none,False
2630,453,81,2026-04-19,ads,none,False
2631,1845,154,2026-04-04,ads,none,False
2632,1389,126,2026-02-01,organic,none,False
2633,321,145,2026-03-21,referral,none,False
2634,1546,149,2026-01-30,promo,none,False
2635,1256,153,2026-03-05,promo,none,False
2636,337,217,2026-02-07,organic,enrollment_before_registration,False
2637,1083,256,2026-04-14,referral,none,False
2638,1147,170,2026-07-28,referral,none,False
2639,981,271,2026-06-02,organic,none,False
2640,1503,207,2025-07-23,ads,none,False
2641,938,134,2025-05-01,referral,none,False
2642,1098,173,2026-05-14,organic,none,False
2643,1535,135,2026-07-15,promo,none,False
2644,1277,191,2025-04-10,referral,none,False
2645,975,2,2025-07-08,referral,none,False
2646,210,151,2026-05-19,referral,none,False
2647,554,255,2026-06-19,ads,none,False
2648,597,10,2026-02-24,promo,none,False
2649,406,284,2024-02-18,referral,none,False
2650,435,15,2026-04-16,organic,none,False
2651,982,190,2026-01-09,organic,none,False
2652,822,64,2025-11-19,ads,none,False
2653,332,199,2026-03-07,referral,none,False
2654,167,68,2026-06-13,organic,none,False
2655,1260,108,2025-01-31,promo,none,False
2656,854,248,2025-11-17,referral,none,False
2657,1129,91,2026-05-01,referral,none,False
2658,1037,129,2026-02-08,organic,none,False
2659,577,181,2025-11-16,ads,none,False
2660,207,34,2026-01-02,ads,enrollment_before_registration,False
2661,1680,218,2025-10-06,organic,none,False
2662,711,91,2026-02-13,ads,none,False
2663,1285,64,2025-08-14,ads,none,False
2664,1861,192,2026-05-11,organic,none,False
2665,890,254,2026-06-13,promo,none,False
2666,820,177,2025-10-04,referral,none,False
2667,222,4,2025-08-31,organic,none,False
2668,1450,280,2026-03-14,organic,none,False
2669,1793,195,2026-03-31,ads,none,False
2670,618,14,2025-12-08,ads,none,False
2671,1229,254,2026-07-30,promo,none,False
2672,268,264,2026-05-13,organic,none,False
2673,1804,72,2026-05-05,referral,none,False
2674,1762,74,2025-06-10,organic,none,False
2675,1583,131,2026-06-13,ads,none,False
2676,515,294,2026-01-15,referral,none,False
2677,1270,223,2026-01-09,ads,none,False
2678,1615,122,2025-10-04,organic,none,False
2679,86,7,2026-05-22,promo,none,False
2680,817,1,2025-12-20,referral,none,False
2681,1620,25,2024-10-23,promo,none,False
2682,550,291,2026-05-25,ads,none,False
2683,614,208,2026-06-02,ads,none,False
2684,1012,199,2026-03-28,referral,none,False
2685,245,222,2025-10-21,ads,none,False
2686,1809,270,2025-01-30,promo,none,False
2687,1434,214,2025-06-19,ads,none,False
2688,967,206,2026-05-07,ads,none,False
2689,767,91,2026-04-12,referral,none,False
2690,1863,189,2026-07-06,ads,none,False
2691,764,185,2026-06-09,referral,none,False
2692,463,209,2025-11-19,organic,none,False
2693,919,187,2026-05-18,referral,none,False
2694,448,69,2025-07-24,referral,none,False
2695,84,235,2026-07-27,referral,none,False
2696,1726,244,2024-11-24,referral,none,False
2697,1767,222,2026-04-25,organic,none,False
2698,699,56,2026-03-13,organic,none,False
2699,100,207,2026-06-18,organic,none,False
2700,564,166,2026-03-17,promo,none,False
2701,1092,285,2026-04-19,promo,none,False
2702,1400,88,2026-06-30,organic,none,False
2703,1868,252,2026-04-17,ads,none,False
2704,1166,285,2025-07-18,referral,none,False
2705,108,180,2026-01-04,promo,none,False
2706,1531,183,2026-07-13,ads,none,False
2707,1031,52,2025-05-28,organic,none,False
2708,531,126,2026-02-22,referral,none,False
2709,445,50,2026-06-25,organic,none,False
2710,122,20,2026-05-13,organic,none,False
2711,520,274,2025-02-03,ads,none,False
2712,1416,219,2024-12-28,organic,none,False
2713,606,140,2026-07-03,ads,none,False
2714,1077,62,2026-07-21,organic,none,False
2715,1343,189,2026-02-15,promo,none,False
2716,1048,274,2025-07-10,ads,none,False
2717,1029,204,2026-06-05,promo,none,False
2718,73,88,2025-12-13,ads,none,False
2719,1878,272,2024-10-03,referral,none,False
2720,721,257,2026-06-16,promo,none,False
2721,1060,168,2026-01-13,ads,enrollment_before_registration,False
2722,1466,15,2026-06-17,promo,none,False
2723,174,164,2026-05-10,organic,none,False
2724,651,281,2026-01-25,referral,none,False
2725,1430,167,2025-02-18,referral,none,False
2726,296,89,2026-04-07,referral,none,False
2727,1274,286,2026-06-04,organic,none,False
2728,543,283,2026-02-15,ads,none,False
2729,950,123,2026-07-22,ads,none,False
2730,1294,220,2026-05-03,organic,none,False
2731,1051,132,2025-06-29,organic,none,False
2732,48,163,2026-04-08,organic,none,False
2733,493,225,2024-01-26,referral,none,False
2734,415,33,2026-01-12,promo,none,False
2735,1845,160,2026-01-12,referral,none,False
2736,360,143,2026-05-26,referral,none,False
2737,36,71,2024-05-25,promo,none,False
2738,818,119,2026-05-08,organic,none,False
2739,1388,194,2025-04-07,referral,none,False
2740,1983,267,2026-07-24,ads,none,False
2741,168,70,2026-03-29,ads,none,False
2742,1415,293,2026-05-02,referral,none,False
2743,1880,71,2026-01-25,ads,none,False
2744,572,149,2026-07-22,ads,none,False
2745,497,138,2025-05-01,ads,none,False
2746,1312,231,2025-06-04,ads,none,False
2747,981,244,2026-06-26,organic,none,False
2748,375,271,2026-05-22,referral,none,False
2749,108,139,2026-06-22,ads,none,False
2750,435,38,2026-05-07,referral,none,False
2751,398,83,2026-01-28,promo,none,False
2752,376,108,2026-03-14,organic,none,False
2753,1476,186,2026-05-24,referral,none,False
2754,1524,267,2026-07-22,referral,none,False
2755,1934,141,2025-09-29,ads,none,False
2756,400,6,2025-09-13,referral,none,False
2757,1887,156,2026-07-10,ads,none,False
2758,1524,190,2025-05-28,ads,none,False
2759,622,214,2026-03-28,referral,none,False
2760,1506,46,2026-06-15,organic,none,False
2761,1244,67,2026-07-11,ads,none,False
2762,70,205,2026-03-10,referral,none,False
2763,267,283,2025-08-02,referral,none,False
2764,805,266,2026-06-15,promo,none,False
2765,1710,218,2026-04-08,promo,none,False
2766,1941,194,2026-07-05,organic,none,False
2767,1914,73,2026-02-23,ads,none,False
2768,792,5,2026-04-25,promo,enrollment_before_registration,False
2769,413,127,2026-06-23,promo,none,False
2770,1422,28,2026-07-29,referral,none,False
2771,1442,243,2025-07-01,referral,none,False
2772,1955,90,2026-06-20,ads,none,False
2773,1553,254,2025-09-13,ads,none,False
2774,349,146,2026-06-19,promo,none,False
2775,1203,220,2026-03-05,promo,none,False
2776,29,147,2024-03-15,ads,none,False
2777,1506,208,2025-09-04,referral,none,False
2778,1295,88,2026-04-18,referral,none,False
2779,52,39,2025-06-05,organic,none,False
2780,594,150,2026-02-05,organic,none,False
2781,1319,132,2025-01-19,ads,none,False
2782,296,239,2024-02-08,referral,none,False
2783,1396,83,2026-06-02,referral,none,False
2784,1944,235,2026-06-25,promo,none,False
2785,1880,127,2026-06-29,organic,none,False
2786,1691,243,2026-01-26,organic,enrollment_before_registration,False
2787,1203,295,2025-08-16,ads,none,False
2788,1894,202,2026-05-11,promo,none,False
2789,1162,260,2025-02-27,promo,none,False
2790,1367,51,2026-07-17,organic,none,False
2791,1634,157,2024-08-16,promo,none,False
2792,1820,158,2026-03-09,promo,none,False
2793,786,103,2024-07-05,referral,none,False
2794,527,70,2025-05-12,promo,none,False
2795,1304,24,2026-01-14,ads,none,False
2796,1185,152,2026-07-01,ads,none,False
2797,311,167,2025-12-29,ads,none,False
2798,99,179,2026-06-17,ads,none,False
2799,1341,253,2026-03-10,referral,none,False
2800,93,138,2025-12-17,ads,none,False
2801,1580,145,2026-05-20,promo,none,False
2802,1158,104,2025-07-20,referral,none,False
2803,934,150,2025-12-31,organic,none,False
2804,73,216,2026-01-06,ads,none,False
2805,462,1,2026-03-09,organic,none,False
2806,1909,101,2026-07-06,organic,none,False
2807,1631,146,2026-06-30,organic,none,False
2808,603,260,2025-03-19,promo,none,False
2809,282,175,2025-12-09,referral,none,False
2810,1504,181,2026-06-03,organic,none,False
2811,181,135,2024-12-26,organic,none,False
2812,363,242,2024-04-21,referral,none,False
2813,1879,193,2026-07-01,referral,none,False
2814,1049,88,2025-12-13,ads,none,False
2815,39,135,2025-09-07,organic,none,False
2816,944,276,2026-02-28,organic,none,False
2817,336,2,2025-03-24,organic,none,False
2818,606,144,2026-05-31,organic,none,False
2819,1033,102,2026-03-25,ads,none,False
2820,164,25,2025-06-25,ads,none,False
2821,1313,291,2026-01-07,ads,enrollment_before_registration,False
2822,618,72,2025-12-09,ads,none,False
2823,550,241,2026-06-07,promo,none,False
2824,1411,271,2026-03-24,promo,enrollment_before_registration,False
2825,1679,203,2026-02-17,organic,none,False
2826,1296,198,2026-04-21,promo,none,False
2827,1522,39,2025-11-14,referral,none,False
2828,1619,117,2026-07-05,ads,none,False
2829,1368,219,2026-03-09,organic,none,False
2830,476,287,2024-07-24,referral,none,False
2831,1693,210,2025-04-03,ads,none,False
2832,1203,283,2026-04-29,promo,none,False
2833,604,71,2026-02-19,ads,none,False
2834,1389,270,2025-07-05,referral,none,False
2835,741,128,2025-08-26,promo,none,False
2836,378,288,2026-06-16,ads,none,False
2837,1194,150,2026-07-16,organic,none,False
2838,1011,111,2025-04-20,promo,none,False
2839,1210,47,2026-02-16,organic,none,False
2840,880,186,2026-01-23,promo,none,False
2841,1672,230,2025-09-26,organic,none,False
2842,237,175,2026-05-15,promo,none,False
2843,700,95,2026-05-14,referral,none,False
2844,1978,207,2026-02-26,promo,none,False
2845,576,285,2026-06-13,ads,none,False
2846,1742,70,2025-11-24,referral,none,False
2847,830,190,2026-01-08,promo,none,False
2848,1174,107,2026-06-17,ads,none,False
2849,526,31,2026-07-07,referral,none,False
2850,740,132,2025-05-16,ads,none,False
2851,1833,210,2026-03-10,organic,none,False
2852,762,265,2025-08-19,ads,none,False
2853,230,222,2026-07-09,referral,none,False
2854,120,234,2026-06-07,promo,none,False
2855,546,220,2026-06-16,referral,none,False
2856,1537,248,2026-04-20,referral,none,False
2857,134,30,2024-09-01,promo,none,False
2858,1021,88,2026-06-11,referral,none,False
2859,927,24,2025-04-02,promo,none,False
2860,228,222,2025-09-19,organic,none,False
2861,920,253,2025-09-08,promo,none,False
2862,134,235,2026-06-20,referral,none,False
2863,1181,55,2026-04-29,referral,none,False
2864,1499,272,2026-06-03,referral,none,False
2865,1599,99,2025-07-01,referral,none,False
2866,1648,249,2026-03-27,organic,none,False
2867,1602,190,2025-11-14,organic,none,False
2868,1527,53,2026-05-08,ads,none,False
2869,431,249,2026-05-22,referral,none,False
2870,297,211,2026-05-10,referral,none,False
2871,491,6,2025-11-07,referral,none,False
2872,1343,198,2025-12-24,referral,none,False
2873,649,147,2025-01-03,ads,none,False
2874,1810,289,2026-07-13,referral,none,False
2875,513,92,2025-11-10,promo,none,False
2876,1546,138,2026-02-17,promo,none,False
2877,497,202,2025-01-31,organic,none,False
2878,921,108,2024-11-30,organic,none,False
2879,499,112,2025-02-26,promo,none,False
2880,1161,152,2024-09-04,promo,none,False
2881,1306,68,2026-04-22,promo,none,False
2882,1717,23,2025-12-11,ads,none,False
2883,1379,7,2026-02-26,referral,none,False
2884,1983,11,2026-03-19,ads,none,False
2885,1667,85,2025-11-22,organic,none,False
2886,28,78,2025-12-06,ads,none,False
2887,1428,221,2026-03-30,ads,none,False
2888,767,194,2026-03-23,promo,none,False
2889,171,138,2026-02-06,promo,none,False
2890,985,112,2025-03-04,referral,none,False
2891,550,109,2026-05-03,promo,none,False
2892,532,267,2026-07-10,ads,none,False
2893,582,184,2026-01-17,promo,none,False
2894,1096,145,2026-06-06,organic,enrollment_before_registration,False
2895,174,3,2026-07-04,promo,none,False
2896,612,160,2025-08-06,ads,none,False
2897,710,33,2026-05-10,promo,none,False
2898,1855,136,2025-11-03,organic,none,False
2899,293,8,2026-04-12,ads,none,False
2900,1597,217,2025-05-18,referral,none,False
2901,99,295,2026-05-04,organic,none,False
2902,951,81,2025-11-05,organic,none,False
2903,714,131,2026-05-11,organic,none,False
2904,446,180,2025-12-27,ads,none,False
2905,1036,230,2026-06-24,promo,none,False
2906,1038,81,2026-03-06,organic,none,False
2907,410,175,2025-10-06,referral,none,False
2908,1497,198,2026-04-01,referral,none,False
2909,1695,244,2025-03-21,promo,none,False
2910,1150,290,2024-11-04,organic,none,False
2911,1275,75,2025-06-25,ads,none,False
2912,171,93,2025-07-18,promo,none,False
2913,611,215,2026-06-23,referral,none,False
2914,1769,237,2026-02-12,promo,none,False
2915,68,246,2026-01-04,referral,none,False
2916,391,294,2026-02-20,promo,enrollment_before_registration,False
2917,641,97,2025-10-06,referral,none,False
2918,1228,264,2026-05-08,promo,none,False
2919,1385,138,2026-07-27,referral,none,False
2920,1922,89,2026-04-23,organic,none,False
2921,1035,257,2026-04-19,organic,none,False
2922,1679,249,2026-04-07,organic,none,False
2923,176,261,2025-12-06,organic,none,False
2924,1124,29,2025-03-11,ads,none,False
2925,752,174,2026-07-07,ads,none,False
2926,497,165,2025-01-21,ads,none,False
2927,515,85,2026-01-23,referral,none,False
2928,300,276,2026-04-12,organic,enrollment_before_registration,False
2929,219,268,2025-03-09,ads,none,False
2930,511,63,2026-01-03,referral,enrollment_before_registration,False
2931,1749,103,2026-03-16,promo,none,False
2932,333,119,2026-02-12,referral,none,False
2933,1272,208,2025-12-20,referral,none,False
2934,738,61,2025-08-24,referral,none,False
2935,425,98,2025-07-06,referral,none,False
2936,1880,32,2026-02-22,referral,none,False
2937,949,36,2024-12-17,referral,none,False
2938,1114,202,2024-10-01,ads,none,False
2939,761,46,2026-07-15,organic,none,False
2940,94,1,2026-05-30,promo,none,False
2941,1966,171,2026-06-27,referral,none,False
2942,1921,10,2025-08-28,organic,none,False
2943,540,193,2026-03-28,ads,none,False
2944,1934,30,2025-11-24,promo,none,False
2945,353,28,2025-06-10,ads,none,False
2946,615,14,2025-07-03,organic,none,False
2947,505,19,2024-05-31,organic,none,False
2948,831,108,2025-07-21,referral,none,False
2949,1213,144,2025-02-11,promo,none,False
2950,1601,188,2025-05-06,organic,none,False
2951,715,161,2026-04-24,promo,none,False
2952,791,167,2026-01-18,ads,none,False
2953,273,69,2026-06-05,referral,none,False
2954,1440,32,2025-06-19,ads,none,False
2955,710,201,2025-10-20,ads,none,False
2956,1517,279,2025-07-19,promo,none,False
2957,740,205,2026-05-01,organic,none,False
2958,1194,30,2025-09-15,referral,none,False
2959,563,74,2026-04-19,referral,none,False
2960,32,251,2026-03-07,ads,none,False
2961,119,28,2025-07-30,promo,none,False
2962,1455,191,2026-06-25,ads,none,False
2963,74,230,2026-03-21,organic,none,False
2964,1318,47,2025-11-15,referral,none,False
2965,5,197,2026-06-09,ads,none,False
2966,912,296,2025-10-03,promo,none,False
2967,378,118,2026-03-04,referral,none,False
2968,1081,223,2026-07-18,ads,none,False
2969,1430,4,2025-04-22,promo,none,False
2970,754,219,2025-10-31,organic,none,False
2971,1307,65,2025-05-04,organic,none,False
2972,231,232,2026-06-16,ads,none,False
2973,1693,158,2026-04-12,referral,none,False
2974,227,108,2025-12-31,promo,none,False
2975,718,283,2025-04-11,referral,none,False
2976,1064,290,2026-05-03,promo,none,False
2977,1900,232,2025-02-09,promo,none,False
2978,901,21,2025-07-30,promo,none,False
2979,1559,172,2026-06-21,ads,none,False
2980,69,185,2025-04-26,promo,none,False
2981,1168,225,2026-07-14,promo,none,False
2982,1007,248,2026-05-30,promo,enrollment_before_registration,False
2983,1581,128,2025-10-18,organic,none,False
2984,1937,67,2026-05-10,promo,none,False
2985,704,138,2025-12-21,organic,none,False
2986,1626,182,2026-04-12,ads,none,False
2987,1410,3,2025-11-23,organic,none,False
2988,1971,140,2026-06-26,ads,none,False
2989,1021,48,2026-05-09,promo,none,False
2990,234,134,2025-01-13,promo,none,False
2991,1529,88,2026-06-06,promo,none,False
2992,558,196,2026-06-09,organic,none,False
2993,1207,59,2026-06-22,promo,none,False
2994,1999,287,2025-09-03,promo,none,False
2995,910,55,2026-06-17,promo,none,False
2996,1023,211,2026-05-17,organic,none,False
2997,1196,109,2025-09-23,organic,none,False
2998,582,272,2025-12-25,organic,none,False
2999,967,246,2025-11-07,organic,none,False
3000,1661,37,2026-04-03,promo,enrollment_before_registration,False
3001,1351,100,2026-02-12,promo,none,False
3002,1006,105,2026-05-21,promo,none,False
3003,197,66,2026-04-08,organic,none,False
3004,364,87,2026-06-18,organic,none,False
3005,1989,235,2026-06-19,organic,none,False
3006,92,108,2026-05-03,ads,none,False
3007,1956,243,2026-04-10,ads,none,False
3008,374,103,2025-07-16,ads,none,False
3009,1010,238,2026-07-14,ads,none,False
3010,1854,12,2026-01-25,organic,none,False
3011,1157,173,2026-05-05,organic,none,False
3012,475,281,2025-07-16,organic,none,False
3013,994,151,2026-05-16,ads,none,False
3014,605,261,2026-04-13,ads,none,False
3015,146,124,2025-10-18,organic,none,False
3016,1226,300,2026-06-18,organic,none,False
3017,1691,1,2026-05-09,organic,enrollment_before_registration,False
3018,1377,5,2026-05-07,referral,none,False
3019,1230,28,2026-05-20,promo,none,False
3020,967,59,2026-04-19,referral,none,False
3021,65,273,2026-03-25,ads,none,False
3022,1789,203,2024-09-05,organic,none,False
3023,291,199,2025-05-10,referral,none,False
3024,126,169,2026-05-03,organic,none,False
3025,433,176,2026-07-05,promo,none,False
3026,1613,21,2026-01-04,referral,none,False
3027,999,206,2025-07-02,referral,none,False
3028,770,20,2025-07-17,promo,none,False
3029,1278,267,2026-07-06,organic,none,False
3030,1512,211,2026-05-10,organic,none,False
3031,847,79,2025-04-29,ads,none,False
3032,522,283,2026-06-25,referral,none,False
3033,1112,203,2026-05-12,ads,none,False
3034,1569,178,2026-07-16,promo,none,False
3035,230,32,2026-06-01,promo,none,False
3036,294,247,2026-05-03,referral,none,False
3037,1819,269,2026-04-28,referral,none,False
3038,214,234,2025-12-30,ads,none,False
3039,939,296,2026-05-05,referral,none,False
3040,1087,179,2026-05-30,organic,none,False
3041,1120,71,2025-11-08,organic,none,False
3042,1548,232,2026-01-12,organic,none,False
3043,1292,240,2025-12-17,promo,none,False
3044,1726,238,2025-11-17,organic,none,False
3045,1435,277,2026-07-15,ads,none,False
3046,1270,276,2026-01-31,ads,none,False
3047,1683,196,2026-04-18,promo,none,False
3048,977,250,2026-01-24,organic,none,False
3049,715,24,2026-04-08,referral,none,False
3050,501,11,2025-06-11,referral,none,False
3051,1014,28,2025-05-31,referral,none,False
3052,617,245,2026-06-11,ads,none,False
3053,1012,249,2026-07-27,ads,none,False
3054,728,284,2025-02-10,organic,none,False
3055,80,240,2025-08-10,referral,none,False
3056,1671,111,2026-05-19,organic,none,False
3057,498,24,2026-05-06,organic,none,False
3058,1613,229,2026-02-20,ads,none,False
3059,1440,88,2026-06-18,ads,none,False
3060,573,166,2025-10-11,ads,none,False
3061,1595,260,2026-01-30,ads,none,False
3062,1153,176,2025-11-17,referral,none,False
3063,1463,263,2026-03-31,organic,none,False
3064,1703,135,2026-07-03,organic,none,False
3065,1241,173,2025-12-08,organic,none,False
3066,1007,97,2026-06-28,ads,enrollment_before_registration,False
3067,942,39,2026-04-02,referral,none,False
3068,1294,20,2026-04-07,referral,none,False
3069,215,275,2026-04-02,organic,none,False
3070,316,89,2026-03-03,organic,none,False
3071,626,296,2025-03-22,promo,none,False
3072,112,71,2026-07-04,referral,none,False
3073,860,290,2026-07-07,organic,none,False
3074,891,193,2026-01-10,ads,none,False
3075,1370,110,2025-06-06,referral,none,False
3076,578,97,2026-02-05,organic,none,False
3077,1498,284,2025-11-16,ads,none,False
3078,1494,127,2026-05-01,referral,none,False
3079,1459,136,2025-08-20,ads,none,False
3080,1831,3,2025-11-14,organic,none,False
3081,1844,101,2026-01-14,organic,none,False
3082,896,203,2026-01-29,referral,none,False
3083,681,282,2026-06-05,promo,none,False
3084,441,264,2026-05-30,ads,none,False
3085,699,109,2026-05-14,ads,none,False
3086,766,183,2025-10-27,promo,none,False
3087,50,146,2026-05-28,referral,none,False
3088,263,196,2026-05-22,promo,none,False
3089,1760,153,2025-05-29,ads,none,False
3090,707,23,2026-05-29,ads,none,False
3091,954,103,2024-09-05,promo,none,False
3092,482,232,2024-08-26,ads,none,False
3093,1507,62,2025-12-08,ads,none,False
3094,1454,257,2026-01-03,organic,enrollment_before_registration;enrollment_before_publish,False
3095,1098,166,2026-07-25,promo,none,False
3096,1387,145,2026-03-18,ads,none,False
3097,161,8,2026-06-29,organic,enrollment_before_registration,False
3098,518,206,2026-07-26,ads,none,False
3099,551,27,2026-06-15,ads,none,False
3100,1881,81,2025-12-22,organic,none,False
3101,1698,84,2026-01-18,referral,none,False
3102,1785,35,2024-11-05,organic,none,False
3103,1392,100,2026-03-18,referral,none,False
3104,709,126,2024-01-25,ads,none,False
3105,672,67,2025-01-19,promo,none,False
3106,1032,60,2025-11-16,referral,none,False
3107,1243,167,2026-03-25,ads,none,False
3108,1974,295,2026-04-30,organic,none,False
3109,1053,104,2026-03-04,ads,none,False
3110,1209,214,2025-12-23,ads,none,False
3111,988,225,2025-04-04,organic,none,False
3112,1238,91,2026-04-19,promo,none,False
3113,73,245,2026-07-23,promo,none,False
3114,201,292,2025-07-10,organic,none,False
3115,94,54,2026-01-19,organic,none,False
3116,242,63,2025-05-11,promo,none,False
3117,944,274,2025-07-10,ads,none,False
3118,1741,104,2025-08-11,referral,none,False
3119,680,59,2025-11-28,ads,none,False
3120,1394,126,2026-06-16,promo,enrollment_before_registration,False
3121,534,134,2026-07-04,ads,none,False
3122,1365,239,2025-06-10,organic,none,False
3123,834,118,2025-11-04,referral,none,False
3124,1419,26,2026-06-22,organic,none,False
3125,1443,23,2025-12-19,organic,none,False
3126,1739,242,2026-02-14,referral,none,False
3127,49,175,2026-04-12,promo,none,False
3128,997,153,2026-02-06,organic,none,False
3129,1242,134,2025-08-20,ads,none,False
3130,1094,202,2025-07-25,referral,none,False
3131,1410,202,2024-10-15,referral,none,False
3132,922,199,2025-12-18,organic,none,False
3133,1197,78,2026-03-13,ads,none,False
3134,641,139,2026-02-09,ads,none,False
3135,782,94,2026-02-22,ads,none,False
3136,141,136,2026-07-24,referral,none,False
3137,431,93,2026-07-16,organic,none,False
3138,179,251,2026-06-27,promo,none,False
3139,698,36,2026-02-15,ads,none,False
3140,1733,78,2026-02-17,referral,none,False
3141,1663,233,2026-06-27,ads,none,False
3142,377,94,2025-09-06,promo,none,False
3143,968,156,2025-11-30,organic,none,False
3144,1409,281,2026-03-13,organic,none,False
3145,1106,177,2026-07-01,promo,enrollment_before_registration,False
3146,859,192,2026-07-07,referral,none,False
3147,1262,227,2025-07-01,organic,none,False
3148,483,110,2025-10-27,ads,none,False
3149,96,223,2025-09-17,promo,none,False
3150,1765,274,2025-04-10,ads,none,False
3151,1694,266,2026-05-31,referral,none,False
3152,605,220,2026-02-05,promo,none,False
3153,390,90,2026-05-24,promo,none,False
3154,1271,264,2026-06-10,promo,none,False
3155,1494,257,2026-06-24,ads,none,False
3156,1685,234,2025-07-11,referral,none,False
3157,1698,199,2025-11-28,organic,none,False
3158,1683,205,2026-04-19,ads,none,False
3159,194,215,2025-10-23,organic,none,False
3160,357,19,2026-02-28,referral,none,False
3161,1229,165,2026-07-01,referral,none,False
3162,1751,252,2026-04-29,referral,none,False
3163,1426,24,2025-06-24,promo,none,False
3164,1111,26,2025-11-21,organic,none,False
3165,1048,226,2026-04-17,referral,none,False
3166,1597,92,2025-11-30,referral,none,False
3167,500,221,2026-02-03,referral,none,False
3168,1243,8,2026-07-16,ads,none,False
3169,127,80,2026-04-05,organic,none,False
3170,1012,300,2026-03-14,referral,none,False
3171,70,278,2026-03-15,ads,none,False
3172,924,194,2024-10-04,promo,none,False
3173,1169,50,2025-05-27,organic,none,False
3174,137,16,2026-06-18,promo,none,False
3175,964,178,2026-06-15,promo,none,False
3176,1451,34,2026-03-25,referral,none,False
3177,1327,92,2025-08-15,ads,none,False
3178,1243,288,2026-07-30,organic,none,False
3179,418,237,2025-05-29,organic,none,False
3180,1214,165,2026-07-17,organic,none,False
3181,1131,141,2026-01-19,organic,none,False
3182,1152,16,2025-09-28,ads,none,False
3183,856,69,2025-09-15,promo,none,False
3184,1804,120,2026-07-03,referral,none,False
3185,1340,200,2026-07-14,ads,none,False
3186,676,69,2025-12-15,referral,none,False
3187,1804,40,2026-04-09,organic,none,False
3188,843,123,2026-07-05,ads,none,False
3189,179,216,2026-06-30,promo,none,False
3190,1763,150,2025-10-28,promo,none,False
3191,389,32,2026-07-16,promo,none,False
3192,1360,252,2026-04-05,referral,none,False
3193,1187,139,2026-06-30,ads,none,False
3194,787,90,2026-07-29,promo,none,False
3195,826,117,2025-07-29,promo,none,False
3196,306,256,2025-03-17,referral,none,False
3197,1149,118,2025-02-26,referral,none,False
3198,23,213,2025-04-09,organic,none,False
3199,1861,49,2026-07-18,organic,none,False
3200,1384,185,2026-01-16,organic,none,False
3201,1672,105,2025-03-07,ads,none,False
3202,525,102,2025-11-22,promo,none,False
3203,1466,74,2026-05-03,promo,none,False
3204,1775,204,2026-06-04,referral,none,False
3205,491,69,2025-09-10,ads,none,False
3206,1943,242,2026-02-18,promo,none,False
3207,976,193,2026-03-19,organic,none,False
3208,1474,121,2026-03-05,promo,none,False
3209,122,280,2026-06-17,ads,none,False
3210,1297,58,2025-09-24,organic,none,False
3211,193,215,2026-01-12,ads,none,False
3212,530,119,2025-07-30,referral,none,False
3213,1682,26,2026-06-02,organic,none,False
3214,558,15,2025-12-29,ads,none,False
3215,103,300,2026-06-08,organic,none,False
3216,195,33,2026-07-05,organic,none,False
3217,1623,65,2026-06-24,referral,none,False
3218,1429,65,2026-05-06,organic,none,False
3219,1930,77,2025-11-15,organic,none,False
3220,643,255,2025-04-26,organic,none,False
3221,386,156,2025-04-22,referral,none,False
3222,1117,58,2026-06-29,organic,none,False
3223,654,12,2026-03-01,promo,none,False
3224,157,49,2026-03-20,ads,none,False
3225,186,56,2026-03-25,organic,none,False
3226,1952,143,2025-12-30,organic,none,False
3227,1683,228,2026-02-28,referral,none,False
3228,341,64,2025-08-17,promo,none,False
3229,972,245,2026-07-28,ads,none,False
3230,430,84,2025-09-10,organic,none,False
3231,907,178,2026-07-08,organic,none,False
3232,2000,171,2026-03-03,referral,none,False
3233,1555,154,2025-12-18,promo,none,False
3234,443,175,2026-01-05,ads,none,False
3235,1627,26,2026-06-01,organic,none,False
3236,305,117,2025-09-14,promo,none,False
3237,757,294,2026-06-16,promo,none,False
3238,1677,160,2026-05-08,organic,none,False
3239,403,241,2026-05-18,organic,none,False
3240,1358,207,2024-12-06,ads,none,False
3241,67,120,2026-07-22,organic,none,False
3242,1715,123,2026-02-21,ads,none,False
3243,1182,36,2026-06-26,referral,none,False
3244,108,108,2026-07-21,organic,none,False
3245,391,255,2026-06-16,organic,enrollment_before_registration,False
3246,808,207,2026-05-08,ads,none,False
3247,80,160,2026-04-25,referral,none,False
3248,1295,243,2026-06-25,organic,none,False
3249,1823,95,2026-05-31,referral,none,False
3250,990,86,2026-05-17,referral,none,False
3251,1003,152,2024-03-23,referral,none,False
3252,1903,275,2025-01-03,promo,none,False
3253,386,271,2025-11-13,promo,none,False
3254,1436,74,2026-06-20,ads,none,False
3255,1861,91,2025-10-26,ads,none,False
3256,1533,218,2024-07-29,promo,none,False
3257,246,1,2025-12-31,ads,none,False
3258,1698,233,2026-03-25,referral,none,False
3259,1407,90,2026-06-08,promo,none,False
3260,1616,284,2026-05-15,referral,none,False
3261,1415,156,2026-07-27,referral,none,False
3262,1378,221,2025-09-29,ads,none,False
3263,570,96,2025-06-13,organic,none,False
3264,515,269,2025-12-25,ads,none,False
3265,1458,112,2026-01-21,organic,none,False
3266,914,175,2026-04-05,promo,enrollment_before_registration,False
3267,256,172,2026-07-16,ads,none,False
3268,895,56,2026-04-03,promo,none,False
3269,1839,291,2026-06-29,referral,none,False
3270,1988,192,2026-04-08,organic,none,False
3271,1693,264,2025-12-27,promo,none,False
3272,1581,190,2025-04-14,organic,none,False
3273,646,54,2026-06-28,referral,none,False
3274,1105,99,2025-09-03,organic,none,False
3275,1611,106,2026-07-16,promo,none,False
3276,1715,206,2026-06-06,referral,none,False
3277,324,175,2026-07-20,ads,none,False
3278,1351,171,2025-09-22,promo,none,False
3279,1130,20,2025-08-27,promo,none,False
3280,1904,17,2025-05-27,organic,none,False
3281,868,224,2025-06-20,ads,none,False
3282,1135,85,2024-10-29,referral,none,False
3283,1194,11,2024-07-16,promo,none,False
3284,524,111,2025-09-25,referral,none,False
3285,1269,211,2026-06-11,ads,none,False
3286,429,70,2024-07-15,referral,none,False
3287,183,131,2026-07-17,promo,none,False
3288,1979,284,2026-05-14,referral,none,False
3289,1652,244,2025-11-15,promo,none,False
3290,759,298,2026-06-24,ads,none,False
3291,974,25,2025-04-25,organic,none,False
3292,124,265,2026-07-12,ads,none,False
3293,424,28,2026-04-05,referral,none,False
3294,611,227,2026-07-21,ads,none,False
3295,1205,125,2026-01-14,organic,enrollment_before_publish,False
3296,159,275,2025-11-12,ads,none,False
3297,515,198,2026-04-23,ads,none,False
3298,434,236,2026-05-26,promo,none,False
3299,968,133,2026-06-09,promo,none,False
3300,70,137,2026-02-20,referral,none,False
3301,1202,98,2026-01-05,referral,none,False
3302,1860,123,2026-04-16,promo,none,False
3303,1398,276,2026-05-20,referral,none,False
3304,1299,102,2026-05-28,promo,none,False
3305,1143,94,2026-07-20,referral,none,False
3306,531,72,2026-02-24,promo,none,False
3307,1650,284,2024-01-21,ads,none,False
3308,1535,168,2026-02-11,referral,none,False
3309,758,283,2026-04-24,ads,none,False
3310,355,18,2026-06-18,promo,none,False
3311,1904,195,2026-05-03,organic,none,False
3312,1696,189,2026-02-11,referral,none,False
3313,260,57,2026-03-19,referral,none,False
3314,103,175,2026-04-23,organic,none,False
3315,114,155,2025-11-21,ads,none,False
3316,357,186,2026-04-22,ads,none,False
3317,1912,23,2026-05-27,referral,none,False
3318,104,296,2025-06-01,organic,none,False
3319,1353,248,2025-12-31,ads,none,False
3320,1685,119,2026-07-24,referral,none,False
3321,762,18,2026-04-11,ads,none,False
3322,1766,289,2026-06-21,referral,none,False
3323,1521,9,2025-11-18,referral,none,False
3324,1940,150,2025-06-22,organic,none,False
3325,1801,106,2024-02-17,referral,none,False
3326,306,172,2026-06-18,ads,none,False
3327,1870,141,2026-03-30,promo,none,False
3328,563,225,2026-04-27,promo,none,False
3329,1073,235,2026-06-16,promo,none,False
3330,392,81,2025-09-30,organic,none,False
3331,1568,39,2026-07-15,organic,none,False
3332,1801,233,2025-11-01,referral,none,False
3333,910,95,2025-08-11,referral,none,False
3334,1372,242,2025-01-19,organic,none,False
3335,1233,291,2025-02-02,organic,none,False
3336,1785,75,2026-03-29,ads,none,False
3337,1733,34,2025-11-28,referral,none,False
3338,1239,14,2024-10-22,organic,none,False
3339,1650,297,2025-10-10,organic,none,False
3340,990,183,2026-01-30,promo,none,False
3341,740,202,2026-03-05,organic,none,False
3342,1995,53,2026-04-18,organic,none,False
3343,54,89,2026-03-28,organic,none,False
3344,1664,68,2025-05-08,ads,none,False
3345,934,207,2026-03-04,ads,none,False
3346,694,149,2026-06-03,organic,none,False
3347,1329,284,2025-03-06,organic,none,False
3348,1466,262,2026-07-13,promo,none,False
3349,1989,60,2025-04-22,referral,none,False
3350,666,122,2024-04-16,referral,none,False
3351,1749,23,2026-04-23,ads,none,False
3352,1701,224,2026-03-19,ads,none,False
3353,957,128,2025-12-19,organic,none,False
3354,1125,161,2026-05-23,promo,none,False
3355,1142,224,2025-03-16,promo,none,False
3356,156,250,2026-02-21,organic,none,False
3357,1612,95,2026-04-24,ads,none,False
3358,570,239,2025-05-24,referral,none,False
3359,1890,248,2026-07-28,promo,none,False
3360,1611,136,2026-06-27,referral,none,False
3361,1690,43,2024-12-23,referral,none,False
3362,888,226,2025-07-07,organic,none,False
3363,571,86,2025-06-06,promo,none,False
3364,805,246,2026-04-23,organic,none,False
3365,326,75,2024-11-22,organic,none,False
3366,1082,111,2024-08-21,promo,none,False
3367,1094,270,2025-09-21,promo,none,False
3368,239,269,2026-05-18,ads,none,False
3369,429,281,2026-07-17,referral,none,False
3370,1241,112,2024-06-13,referral,none,False
3371,1453,180,2026-02-17,organic,none,False
3372,185,236,2025-10-31,organic,none,False
3373,1335,279,2025-02-27,promo,none,False
3374,1781,32,2025-11-20,ads,none,False
3375,643,170,2025-10-30,organic,none,False
3376,722,94,2026-03-27,organic,none,False
3377,841,291,2026-01-12,referral,none,False
3378,71,210,2025-04-10,organic,none,False
3379,456,1,2025-12-12,referral,none,False
3380,596,295,2025-12-03,promo,none,False
3381,907,228,2024-06-05,promo,none,False
3382,1349,23,2026-04-02,referral,none,False
3383,1635,108,2026-07-22,referral,none,False
3384,1893,126,2026-02-11,ads,none,False
3385,1325,88,2026-01-19,referral,none,False
3386,910,86,2025-07-29,organic,none,False
3387,732,226,2025-10-30,ads,none,False
3388,418,278,2026-03-12,referral,none,False
3389,425,290,2025-09-08,organic,none,False
3390,137,166,2026-07-19,ads,none,False
3391,236,287,2026-03-19,organic,none,False
3392,738,45,2026-04-20,ads,none,False
3393,457,205,2025-12-18,promo,none,False
3394,1528,215,2026-07-30,promo,none,False
3395,1745,229,2025-07-19,ads,none,False
3396,16,76,2025-06-18,organic,none,False
3397,483,44,2026-06-01,referral,none,False
3398,1570,172,2026-07-27,referral,none,False
3399,1193,209,2026-03-20,organic,none,False
3400,242,190,2023-12-31,promo,none,False
3401,1831,270,2025-05-17,organic,none,False
3402,875,7,2025-08-29,organic,none,False
3403,21,76,2024-10-22,organic,none,False
3404,159,90,2026-07-28,ads,none,False
3405,798,193,2026-07-24,referral,none,False
3406,1126,80,2026-06-21,promo,none,False
3407,145,258,2025-01-29,referral,none,False
3408,534,81,2026-07-19,organic,none,False
3409,1436,220,2026-07-23,promo,none,False
3410,1111,174,2025-12-20,organic,none,False
3411,102,15,2025-11-26,organic,none,False
3412,151,189,2026-05-22,referral,none,False
3413,511,24,2026-01-04,referral,enrollment_before_registration,False
3414,829,156,2025-08-11,promo,none,False
3415,1,220,2025-10-14,organic,none,False
3416,324,287,2026-03-08,promo,none,False
3417,822,119,2026-04-28,ads,none,False
3418,1600,12,2024-11-19,organic,none,False
3419,1775,36,2025-12-15,referral,none,False
3420,1832,265,2026-06-28,organic,none,False
3421,1066,235,2026-07-14,organic,none,False
3422,569,137,2026-02-16,referral,none,False
3423,1655,197,2026-03-23,organic,none,False
3424,420,121,2026-07-05,promo,none,False
3425,1498,266,2026-06-03,referral,none,False
3426,270,28,2025-11-29,promo,none,False
3427,315,175,2026-04-15,referral,none,False
3428,739,117,2026-03-11,referral,none,False
3429,407,291,2025-04-04,promo,none,False
3430,890,100,2026-06-20,referral,none,False
3431,171,127,2026-02-07,referral,none,False
3432,1737,283,2025-04-22,promo,none,False
3433,750,146,2026-05-20,organic,none,False
3434,19,110,2026-07-02,referral,none,False
3435,1510,35,2026-04-22,ads,none,False
3436,775,31,2025-04-08,organic,none,False
3437,1800,252,2025-08-24,organic,none,False
3438,1763,95,2026-06-09,organic,none,False
3439,1673,267,2026-07-20,ads,none,False
3440,345,207,2025-12-23,ads,none,False
3441,1752,170,2026-07-26,organic,none,False
3442,477,263,2025-03-23,organic,none,False
3443,1906,59,2026-06-15,ads,none,False
3444,1565,123,2026-03-03,ads,none,False
3445,772,74,2025-05-05,organic,none,False
3446,539,66,2026-03-12,organic,none,False
3447,1789,12,2024-10-28,ads,none,False
3448,191,240,2025-04-04,ads,none,False
3449,968,54,2025-10-16,ads,none,False
3450,919,45,2026-06-17,referral,none,False
3451,1077,299,2025-10-08,organic,none,False
3452,375,32,2026-07-11,promo,none,False
3453,1904,55,2026-05-10,ads,none,False
3454,382,2,2026-07-09,referral,none,False
3455,275,187,2025-11-26,promo,none,False
3456,846,31,2026-04-20,promo,none,False
3457,1542,220,2025-10-10,promo,none,False
3458,1268,58,2025-10-14,referral,none,False
3459,375,286,2026-04-18,referral,none,False
3460,806,12,2025-03-02,referral,none,False
3461,928,169,2026-04-26,promo,none,False
3462,95,208,2026-03-18,organic,none,False
3463,947,216,2025-05-28,organic,none,False
3464,290,181,2025-08-06,ads,none,False
3465,1392,246,2025-09-18,ads,none,False
3466,994,291,2026-06-01,ads,none,False
3467,706,59,2026-07-16,ads,none,False
3468,1420,82,2026-03-01,promo,none,False
3469,1237,191,2024-09-05,referral,none,False
3470,1785,277,2026-07-07,referral,none,False
3471,1882,233,2026-07-30,organic,none,False
3472,1158,286,2026-06-24,promo,none,False
3473,871,253,2025-07-02,promo,none,False
3474,1189,92,2026-02-18,referral,none,False
3475,1460,283,2025-03-27,organic,none,False
3476,1244,88,2025-07-24,organic,none,False
3477,267,166,2026-03-24,ads,none,False
3478,1212,43,2025-09-02,promo,none,False
3479,1087,104,2026-06-17,ads,none,False
3480,1657,265,2026-07-17,referral,none,False
3481,1090,55,2026-07-26,referral,none,False
3482,1584,270,2025-02-19,promo,none,False
3483,104,33,2025-07-23,ads,none,False
3484,1301,44,2026-03-09,promo,none,False
3485,1852,283,2026-05-11,referral,none,False
3486,1540,187,2025-12-07,organic,none,False
3487,666,140,2026-01-08,ads,none,False
3488,1839,294,2026-04-13,referral,none,False
3489,587,260,2025-12-29,promo,none,False
3490,156,273,2026-06-12,organic,none,False
3491,1771,85,2026-07-12,promo,none,False
3492,442,228,2026-06-25,promo,none,False
3493,1666,254,2026-05-27,promo,none,False
3494,1611,19,2026-07-26,promo,none,False
3495,838,231,2025-06-10,referral,none,False
3496,870,25,2025-08-25,referral,none,False
3497,1553,169,2026-05-26,organic,none,False
3498,155,270,2025-07-12,organic,none,False
3499,1746,182,2024-11-22,organic,none,False
3500,363,29,2025-03-11,organic,none,False
3501,605,244,2026-03-02,organic,none,False
3502,869,80,2026-05-16,ads,none,False
3503,134,165,2025-06-20,organic,none,False
3504,658,148,2026-02-18,referral,none,False
3505,156,218,2026-07-20,promo,none,False
3506,971,250,2025-05-22,organic,none,False
3507,1012,112,2025-11-28,ads,none,False
3508,122,13,2025-05-27,referral,none,False
3509,43,196,2026-06-27,promo,none,False
3510,406,123,2024-12-26,organic,none,False
3511,1291,157,2025-05-01,promo,none,False
3512,1062,180,2025-12-01,organic,none,False
3513,1482,77,2026-02-19,organic,none,False
3514,710,11,2024-08-28,ads,none,False
3515,1352,270,2025-01-24,ads,none,False
3516,1535,237,2025-10-30,ads,none,False
3517,460,97,2026-05-04,promo,none,False
3518,1879,17,2025-11-25,promo,none,False
3519,908,114,2026-06-12,organic,none,False
3520,917,187,2025-12-12,referral,none,False
3521,1448,294,2025-11-30,referral,none,False
3522,1449,48,2026-07-21,ads,none,False
3523,805,34,2026-04-20,referral,none,False
3524,102,56,2025-09-21,ads,none,False
3525,1935,35,2024-11-13,referral,none,False
3526,587,20,2025-08-28,promo,none,False
3527,1913,85,2024-05-17,organic,none,False
3528,655,114,2025-10-07,promo,none,False
3529,489,163,2026-04-11,ads,none,False
3530,1290,174,2026-01-18,referral,none,False
3531,872,150,2026-05-17,promo,none,False
3532,1930,178,2026-06-14,ads,none,False
3533,1285,292,2025-09-25,organic,none,False
3534,1242,156,2025-03-18,promo,none,False
3535,1101,142,2025-01-31,promo,none,False
3536,71,57,2025-08-31,ads,none,False
3537,1797,235,2026-07-04,promo,none,False
3538,1721,5,2026-01-28,organic,none,False
3539,294,167,2026-07-30,promo,none,False
3540,1516,171,2025-05-15,ads,none,False
3541,1106,54,2026-01-26,referral,enrollment_before_registration,False
3542,961,220,2026-05-14,referral,none,False
3543,1468,129,2025-10-17,promo,none,False
3544,1218,160,2026-07-03,organic,none,False
3545,1677,97,2026-07-08,referral,none,False
3546,545,23,2026-03-03,ads,none,False
3547,1690,218,2026-03-07,ads,none,False
3548,1488,274,2026-04-13,organic,none,False
3549,1577,246,2026-04-02,promo,none,False
3550,542,222,2025-07-17,organic,none,False
3551,718,167,2025-07-24,ads,none,False
3552,1153,159,2026-07-14,organic,none,False
3553,337,278,2026-06-06,organic,enrollment_before_registration,False
3554,962,8,2026-05-20,referral,none,False
3555,147,76,2025-09-14,promo,none,False
3556,102,243,2026-02-23,promo,none,False
3557,371,253,2026-01-30,organic,none,False
3558,859,130,2026-06-26,promo,none,False
3559,487,80,2026-05-28,promo,none,False
3560,662,277,2026-07-04,ads,none,False
3561,540,29,2025-10-10,promo,none,False
3562,57,39,2026-04-15,organic,none,False
3563,1461,262,2025-07-05,promo,none,False
3564,207,42,2026-07-28,organic,none,False
3565,869,119,2026-07-12,referral,none,False
3566,1738,151,2026-07-25,organic,none,False
3567,487,274,2026-04-13,ads,none,False
3568,819,152,2026-02-15,organic,none,False
3569,576,263,2026-04-26,referral,none,False
3570,1431,42,2026-06-14,organic,none,False
3571,1464,128,2025-11-15,ads,none,False
3572,1141,135,2025-11-06,organic,none,False
3573,1587,204,2026-07-22,organic,none,False
3574,1044,48,2026-07-12,ads,none,False
3575,860,43,2026-07-22,promo,none,False
3576,1308,246,2026-04-22,referral,none,False
3577,357,65,2026-04-28,referral,none,False
3578,1098,26,2026-04-29,organic,none,False
3579,452,233,2024-09-23,referral,none,False
3580,774,101,2026-04-03,ads,none,False
3581,439,300,2026-06-29,ads,none,False
3582,1202,175,2026-07-10,promo,none,False
3583,684,55,2026-05-15,organic,none,False
3584,220,211,2024-10-25,ads,none,False
3585,1470,267,2026-07-26,organic,none,False
3586,387,241,2025-01-22,organic,none,False
3587,1343,169,2026-05-09,referral,none,False
3588,569,93,2026-02-05,promo,none,False
3589,222,69,2025-06-25,ads,none,False
3590,835,181,2025-04-15,promo,none,False
3591,334,16,2026-05-23,organic,none,False
3592,76,192,2026-05-07,ads,none,False
3593,468,33,2026-07-19,promo,none,False
3594,354,293,2026-01-30,ads,none,False
3595,1525,115,2026-07-11,promo,none,False
3596,1862,60,2025-10-20,referral,none,False
3597,556,192,2026-01-26,referral,none,False
3598,557,284,2026-02-15,referral,none,False
3599,729,210,2025-09-28,organic,none,False
3600,701,62,2025-05-02,organic,none,False
3601,1234,185,2025-04-20,promo,none,False
3602,92,209,2025-12-10,promo,none,False
3603,1819,213,2026-05-22,ads,none,False
3604,1710,231,2025-04-13,promo,none,False
3605,1106,119,2026-03-09,organic,enrollment_before_registration,False
3606,1253,262,2026-06-29,organic,none,False
3607,1324,15,2026-05-29,promo,none,False
3608,1553,86,2025-04-04,promo,none,False
3609,1718,172,2026-06-25,referral,none,False
3610,83,98,2025-12-19,promo,none,False
3611,1229,31,2026-07-23,promo,none,False
3612,59,167,2025-06-08,promo,none,False
3613,1961,1,2025-11-10,promo,none,False
3614,39,284,2024-05-31,organic,none,False
3615,389,45,2026-06-18,referral,none,False
3616,1432,248,2024-07-09,organic,none,False
3617,1280,188,2026-07-08,referral,none,False
3618,396,43,2026-07-13,referral,none,False
3619,1400,77,2026-07-04,ads,none,False
3620,1278,88,2026-05-13,referral,none,False
3621,1255,14,2026-05-21,promo,none,False
3622,1687,230,2025-08-29,promo,none,False
3623,837,82,2025-12-14,organic,none,False
3624,1563,248,2026-05-14,organic,none,False
3625,1113,6,2025-12-17,ads,none,False
3626,1106,36,2026-04-19,referral,enrollment_before_registration,False
3627,971,168,2026-01-29,promo,none,False
3628,826,240,2025-12-09,organic,none,False
3629,618,138,2026-07-12,promo,none,False
3630,641,213,2024-04-12,organic,none,False
3631,956,227,2026-04-25,promo,none,False
3632,1440,206,2025-07-27,organic,none,False
3633,1769,188,2025-07-23,promo,none,False
3634,1091,59,2026-04-15,organic,none,False
3635,834,101,2025-06-08,referral,none,False
3636,1551,270,2025-05-20,promo,none,False
3637,1765,102,2025-03-25,promo,none,False
3638,1529,246,2026-05-26,promo,none,False
3639,1674,224,2025-06-13,promo,none,False
3640,1047,212,2026-07-02,ads,none,False
3641,1775,185,2025-08-30,ads,none,False
3642,1665,112,2024-10-24,referral,none,False
3643,740,62,2025-09-08,promo,none,False
3644,1081,73,2026-07-09,organic,none,False
3645,47,246,2026-05-17,promo,none,False
3646,1810,213,2026-07-27,referral,none,False
3647,212,262,2025-10-16,promo,none,False
3648,695,47,2025-05-28,organic,none,False
3649,1620,166,2024-06-10,promo,none,False
3650,1965,66,2026-02-25,organic,none,False
3651,1600,112,2026-01-29,ads,none,False
3652,416,44,2026-07-15,referral,none,False
3653,508,69,2025-09-26,organic,none,False
3654,455,48,2026-05-25,ads,none,False
3655,347,219,2025-09-18,referral,none,False
3656,1302,175,2026-04-27,ads,none,False
3657,1688,145,2026-07-13,promo,none,False
3658,1855,206,2026-02-21,organic,none,False
3659,510,23,2026-06-09,organic,none,False
3660,1193,170,2026-07-24,referral,none,False
3661,414,121,2025-05-25,promo,none,False
3662,1850,2,2025-07-14,ads,none,False
3663,473,204,2026-06-26,ads,none,False
3664,1715,2,2026-05-24,ads,none,False
3665,1108,215,2025-08-20,referral,none,False
3666,1650,264,2023-12-25,ads,none,False
3667,1489,142,2025-09-18,organic,none,False
3668,876,94,2026-02-21,promo,none,False
3669,872,90,2026-05-02,promo,none,False
3670,1002,277,2026-07-06,organic,none,False
3671,1040,125,2026-01-05,organic,enrollment_before_publish,False
3672,522,257,2026-04-18,promo,none,False
3673,597,52,2026-02-19,organic,none,False
3674,1297,194,2025-08-17,ads,none,False
3675,384,250,2026-05-15,organic,none,False
3676,671,126,2025-03-24,ads,none,False
3677,619,285,2026-06-22,referral,none,False
3678,2000,216,2025-12-18,ads,none,False
3679,554,152,2025-11-10,organic,none,False
3680,401,113,2026-07-15,promo,none,False
3681,1506,81,2025-02-02,promo,none,False
3682,1090,11,2026-02-05,organic,none,False
3683,1049,146,2026-07-25,organic,none,False
3684,1909,134,2026-02-25,referral,none,False
3685,518,49,2026-04-02,promo,none,False
3686,209,26,2026-01-27,referral,enrollment_before_registration,False
3687,879,104,2026-02-14,organic,none,False
3688,439,57,2026-03-12,ads,none,False
3689,745,73,2026-01-02,ads,none,False
3690,67,61,2025-12-15,promo,none,False
3691,1034,94,2026-02-22,promo,none,False
3692,985,217,2025-08-07,organic,none,False
3693,140,224,2026-07-19,promo,none,False
3694,1895,104,2024-06-26,ads,none,False
3695,842,84,2026-05-24,ads,none,False
3696,1296,15,2026-06-29,organic,none,False
3697,112,242,2026-07-14,organic,none,False
3698,613,9,2026-05-13,referral,none,False
3699,1377,41,2024-10-27,ads,none,False
3700,1008,38,2026-07-06,referral,none,False
3701,1063,156,2026-07-14,ads,none,False
3702,414,71,2025-04-29,ads,none,False
3703,676,251,2026-02-07,ads,none,False
3704,1660,28,2025-06-29,organic,none,False
3705,1768,166,2025-02-25,ads,none,False
3706,81,104,2026-07-25,promo,none,False
3707,821,171,2026-02-20,ads,none,False
3708,1567,69,2026-02-01,promo,none,False
3709,1450,33,2026-05-24,organic,none,False
3710,1327,76,2024-10-22,ads,none,False
3711,1056,11,2025-09-11,referral,none,False
3712,341,69,2025-08-24,referral,none,False
3713,172,15,2025-10-17,organic,none,False
3714,829,163,2026-02-11,referral,none,False
3715,1519,269,2026-04-28,referral,none,False
3716,16,289,2026-01-29,referral,none,False
3717,1298,90,2026-05-16,referral,none,False
3718,291,142,2026-02-22,organic,none,False
3719,1834,54,2025-11-25,ads,none,False
3720,1418,45,2025-05-28,ads,none,False
3721,1432,163,2025-11-13,ads,none,False
3722,1036,275,2025-11-30,promo,none,False
3723,62,183,2026-03-04,referral,none,False
3724,230,116,2026-03-07,promo,none,False
3725,379,195,2026-04-24,promo,none,False
3726,1864,68,2024-04-30,ads,none,False
3727,405,264,2026-07-18,referral,none,False
3728,1057,155,2026-04-26,ads,none,True
3729,1938,59,2025-12-07,promo,none,False
3730,758,279,2025-12-21,ads,none,False
3731,1962,134,2025-06-07,promo,none,False
3732,777,211,2026-06-25,promo,none,False
3733,1473,87,2025-05-18,promo,none,False
3734,65,269,2026-07-26,ads,none,False
3735,492,119,2026-07-15,promo,none,False
3736,1490,158,2026-06-06,ads,none,False
3737,1221,241,2026-04-02,organic,none,False
3738,1383,292,2026-01-18,organic,none,False
3739,799,9,2026-01-04,referral,none,False
3740,1484,55,2026-06-08,promo,none,False
3741,1480,58,2026-05-28,referral,none,False
3742,1647,65,2026-04-16,promo,none,False
3743,620,36,2025-05-12,ads,none,False
3744,325,281,2026-07-24,promo,none,False
3745,1405,82,2026-07-10,referral,none,False
3746,34,241,2026-03-17,referral,none,False
3747,886,165,2026-04-22,referral,none,False
3748,1036,24,2026-07-29,promo,none,False
3749,52,87,2026-03-11,organic,none,False
3750,296,96,2025-01-08,organic,none,False
3751,1514,165,2026-06-15,ads,none,False
3752,1670,159,2026-02-03,organic,none,False
3753,1543,54,2025-11-24,ads,none,False
3754,1585,247,2025-12-03,promo,none,False
3755,1082,170,2026-06-12,promo,none,False
3756,206,50,2026-01-15,referral,none,False
3757,1836,111,2026-02-08,organic,none,False
3758,1539,23,2026-05-04,ads,none,False
3759,1455,125,2026-03-18,referral,enrollment_before_registration;enrollment_before_publish,False
3760,886,4,2026-02-09,promo,none,False
3761,1705,95,2026-07-28,promo,none,False
3762,211,85,2025-04-01,referral,none,False
3763,1361,200,2026-04-24,promo,none,False
3764,1406,233,2025-10-08,promo,none,False
3765,1707,24,2026-02-26,referral,none,False
3766,1410,215,2025-09-06,ads,none,False
3767,1652,242,2025-01-10,promo,none,False
3768,369,190,2025-09-28,referral,none,False
3769,1496,56,2026-07-19,organic,none,False
3770,151,21,2026-02-23,referral,none,False
3771,338,132,2025-02-26,promo,none,False
3772,730,279,2025-09-11,promo,none,False
3773,1400,296,2026-05-11,promo,none,False
3774,957,267,2026-07-21,referral,none,False
3775,1404,23,2026-03-01,promo,none,False
3776,1963,66,2025-10-31,organic,none,False
3777,1000,74,2025-08-26,promo,none,False
3778,324,179,2025-09-13,organic,none,False
3779,1174,32,2026-02-09,organic,none,False
3780,266,225,2025-10-20,referral,none,False
3781,742,79,2024-10-27,ads,none,False
3782,1816,273,2026-01-25,ads,none,False
3783,1484,152,2025-01-03,organic,none,False
3784,1171,178,2026-06-10,referral,none,False
3785,1492,294,2026-02-27,referral,none,False
3786,1966,99,2026-04-20,referral,none,False
3787,1317,235,2026-07-29,ads,none,False
3788,1584,186,2026-05-10,ads,none,False
3789,479,88,2025-10-28,referral,none,False
3790,345,190,2026-02-19,ads,none,False
3791,1451,98,2026-07-07,referral,none,False
3792,213,193,2026-01-09,ads,none,False
3793,1609,103,2024-08-19,ads,none,False
3794,1164,142,2026-02-10,referral,none,False
3795,516,18,2025-03-30,referral,none,False
3796,1637,268,2024-04-03,promo,none,False
3797,971,40,2026-01-08,referral,none,False
3798,1899,103,2025-07-25,promo,none,False
3799,215,100,2026-03-01,ads,none,False
3800,107,86,2025-11-29,referral,none,False
3801,1089,96,2025-09-28,ads,none,False
3802,1734,271,2025-11-21,referral,none,False
3803,1443,80,2026-03-25,ads,none,False
3804,1441,110,2026-05-24,ads,none,False
3805,230,150,2026-05-31,ads,none,False
3806,1786,267,2026-07-12,organic,none,False
3807,1580,253,2026-07-17,ads,none,False
3808,117,46,2026-07-22,promo,none,False
3809,703,245,2026-07-13,referral,none,False
3810,1191,145,2026-03-17,promo,none,False
3811,257,235,2026-06-16,organic,none,False
3812,1423,95,2026-02-25,promo,none,False
3813,1152,107,2025-06-11,referral,none,False
3814,1634,257,2026-07-30,referral,none,False
3815,1598,220,2025-03-12,referral,none,False
3816,786,100,2026-05-26,organic,none,False
3817,153,82,2026-04-04,organic,none,False
3818,1443,53,2026-06-19,referral,none,False
3819,955,70,2026-04-12,referral,none,False
3820,1019,76,2026-07-28,organic,none,False
3821,889,37,2026-05-22,referral,none,False
3822,1952,116,2024-12-22,promo,none,False
3823,1178,14,2026-06-19,ads,none,False
3824,1263,76,2026-02-07,promo,none,False
3825,580,129,2026-01-31,referral,none,False
3826,1755,63,2025-06-20,referral,none,False
3827,1522,247,2026-05-16,ads,none,False
3828,85,274,2025-04-25,ads,none,False
3829,830,64,2026-05-10,referral,none,False
3830,1542,81,2025-01-27,ads,none,False
3831,1145,294,2026-04-22,promo,none,False
3832,617,192,2025-06-22,organic,none,False
3833,1343,151,2026-07-08,promo,none,False
3834,1563,95,2025-04-27,organic,none,False
3835,960,235,2026-05-30,ads,none,False
3836,410,167,2026-06-30,referral,none,False
3837,1117,293,2026-06-28,promo,none,False
3838,1802,121,2024-10-22,promo,none,False
3839,1776,34,2026-04-25,referral,none,False
3840,135,229,2026-05-03,organic,none,False
3841,446,167,2025-05-05,referral,none,False
3842,297,18,2026-07-29,promo,none,False
3843,1929,33,2025-09-27,ads,none,False
3844,825,75,2025-04-21,organic,none,False
3845,1396,182,2026-04-18,referral,none,False
3846,732,231,2025-11-22,organic,none,False
3847,946,43,2026-03-25,referral,none,False
3848,766,224,2026-02-21,promo,none,False
3849,703,213,2026-06-29,promo,none,False
3850,661,28,2026-06-20,promo,none,False
3851,1518,11,2025-03-30,ads,none,False
3852,1014,8,2026-02-26,organic,none,False
3853,1649,8,2026-03-29,referral,none,False
3854,1057,265,2026-07-06,referral,none,False
3855,1706,174,2025-12-27,referral,none,False
3856,1291,215,2026-06-23,promo,none,False
3857,1311,38,2026-06-14,organic,none,False
3858,1781,43,2024-08-18,ads,none,False
3859,1253,162,2026-06-14,ads,none,False
3860,1003,237,2025-09-16,promo,none,False
3861,548,271,2026-05-09,ads,none,False
3862,941,230,2026-05-05,promo,enrollment_before_registration,False
3863,1507,121,2025-10-03,organic,none,False
3864,1652,119,2026-03-19,organic,none,False
3865,478,1,2025-03-24,organic,none,False
3866,182,98,2026-04-03,organic,none,False
3867,816,239,2024-06-14,ads,none,False
3868,1056,135,2025-09-19,referral,none,False
3869,543,134,2026-04-20,promo,none,False
3870,215,174,2026-07-11,promo,none,False
3871,1937,209,2026-05-26,organic,none,False
3872,385,73,2026-07-05,organic,none,False
3873,1354,78,2026-06-19,referral,none,False
3874,1249,63,2025-12-27,ads,none,False
3875,6,174,2026-05-24,organic,none,False
3876,1633,239,2024-03-17,referral,none,False
3877,1505,55,2026-05-05,referral,none,False
3878,1833,56,2025-08-08,promo,none,False
3879,231,101,2026-05-17,promo,none,False
3880,996,196,2026-02-13,referral,none,False
3881,262,156,2026-04-11,referral,none,False
3882,532,235,2026-07-19,promo,none,False
3883,791,158,2025-12-05,ads,none,False
3884,140,52,2026-07-01,ads,none,False
3885,1989,80,2026-02-17,referral,none,False
3886,1366,150,2026-02-23,referral,none,False
3887,782,17,2025-10-28,ads,none,False
3888,219,263,2025-01-31,organic,none,False
3889,1996,226,2026-02-03,organic,none,False
3890,1563,40,2025-04-29,ads,none,False
3891,549,182,2026-02-01,promo,none,False
3892,1074,194,2024-09-03,promo,none,False
3893,1479,269,2026-07-25,organic,none,False
3894,1660,69,2025-12-22,ads,none,False
3895,1250,103,2026-06-03,referral,none,False
3896,1395,141,2026-06-26,promo,enrollment_before_registration,False
3897,343,300,2025-11-03,promo,none,False
3898,839,133,2024-01-09,ads,none,False
3899,1755,215,2025-06-21,ads,none,False
3900,1838,174,2026-03-07,ads,none,False
3901,466,49,2026-06-16,promo,none,False
3902,1317,40,2025-12-22,ads,none,False
3903,1650,2,2025-08-30,ads,none,False
3904,1607,114,2026-06-24,referral,none,False
3905,550,243,2026-04-29,ads,none,False
3906,189,179,2025-08-31,promo,none,False
3907,296,166,2025-10-16,promo,none,False
3908,1806,292,2024-09-06,ads,none,False
3909,270,192,2025-12-17,organic,none,False
3910,861,238,2026-07-22,organic,none,False
3911,103,264,2026-01-30,referral,none,False
3912,48,245,2026-07-24,organic,none,False
3913,1186,214,2026-04-15,organic,none,False
3914,1404,224,2026-04-06,referral,none,False
3915,908,19,2025-09-10,promo,none,False
3916,1386,256,2026-07-23,ads,none,False
3917,215,93,2025-12-31,organic,none,False
3918,365,203,2026-05-13,organic,none,False
3919,1758,181,2024-12-02,referral,none,False
3920,1718,204,2026-05-09,referral,none,False
3921,91,224,2025-07-03,organic,none,False
3922,1239,194,2024-11-19,organic,none,False
3923,1948,92,2026-05-24,organic,none,False
3924,1294,204,2026-06-01,promo,none,False
3925,643,102,2026-05-28,ads,none,False
3926,76,131,2026-07-20,promo,none,False
3927,1314,195,2025-12-02,promo,none,False
3928,1014,97,2026-02-12,organic,none,False
3929,1713,272,2025-10-18,referral,none,False
3930,953,35,2026-02-04,promo,none,False
3931,1442,220,2025-12-01,referral,none,False
3932,424,190,2026-05-17,ads,none,False
3933,455,235,2026-06-20,promo,none,False
3934,330,271,2026-06-17,organic,none,False
3935,251,79,2025-11-25,ads,none,False
3936,1182,181,2024-09-20,organic,none,False
3937,1006,216,2025-08-17,referral,none,False
3938,951,69,2025-12-16,promo,none,False
3939,216,173,2025-07-07,organic,none,False
3940,1836,194,2026-05-09,promo,none,False
3941,1473,229,2024-12-09,ads,none,False
3942,961,132,2026-06-13,organic,none,False
3943,659,154,2026-07-23,ads,enrollment_before_registration,False
3944,1239,88,2025-09-14,promo,none,False
3945,1233,294,2026-05-13,organic,none,False
3946,1481,299,2026-01-09,promo,none,False
3947,99,7,2024-12-16,organic,none,False
3948,44,180,2026-07-28,promo,none,False
3949,1752,110,2026-05-28,ads,none,False
3950,1670,106,2025-12-01,referral,none,False
3951,973,181,2026-04-05,referral,none,False
3952,404,260,2026-06-01,promo,none,False
3953,1741,97,2025-06-26,ads,none,False
3954,392,31,2026-03-15,promo,none,False
3955,108,17,2025-03-31,organic,none,False
3956,1231,25,2026-03-01,promo,none,False
3957,408,127,2026-03-09,ads,none,False
3958,894,299,2025-12-29,promo,none,False
3959,620,45,2025-10-20,referral,none,False
3960,554,109,2026-04-23,promo,none,False
3961,5,164,2025-08-15,referral,none,False
3962,222,99,2026-04-26,referral,none,False
3963,172,98,2026-06-09,promo,none,False
3964,351,31,2025-09-03,promo,none,False
3965,734,140,2026-04-30,promo,none,False
3966,671,211,2026-05-29,promo,none,False
3967,1317,267,2026-06-29,promo,none,False
3968,123,152,2025-08-06,ads,none,False
3969,1335,274,2025-12-27,promo,none,False
3970,1901,41,2026-07-07,promo,none,False
3971,53,275,2026-05-17,promo,none,False
3972,1760,242,2026-04-23,organic,none,False
3973,1891,3,2025-09-14,referral,none,False
3974,599,154,2026-01-01,referral,enrollment_before_registration,False
3975,1156,286,2026-07-03,ads,none,False
3976,880,108,2025-03-08,promo,none,False
3977,499,299,2025-12-31,referral,none,False
3978,718,221,2026-07-22,promo,none,False
3979,1572,87,2026-06-18,promo,none,False
3980,1814,281,2026-07-16,promo,none,False
3981,124,208,2026-07-23,ads,none,False
3982,1355,72,2026-06-11,ads,none,False
3983,1856,39,2025-03-29,organic,none,False
3984,567,72,2026-05-21,referral,none,False
3985,207,188,2026-05-29,organic,enrollment_before_registration,False
3986,195,49,2026-06-04,ads,none,False
3987,1888,258,2026-01-29,ads,none,False
3988,1248,135,2026-06-14,organic,none,False
3989,1317,152,2025-09-06,organic,none,False
3990,85,81,2025-06-22,ads,none,False
3991,573,137,2026-06-17,organic,none,False
3992,709,8,2026-05-07,promo,none,False
3993,1767,115,2026-03-28,ads,none,False
3994,857,245,2026-05-27,ads,none,False
3995,912,125,2026-07-12,organic,none,False
3996,887,215,2026-03-30,promo,none,False
3997,1296,300,2025-12-17,promo,none,False
3998,298,36,2026-05-04,ads,none,False
3999,614,145,2026-07-02,organic,none,False
4000,517,242,2025-08-10,organic,none,False
4001,1369,85,2026-02-19,organic,none,False
4002,1843,78,2024-02-25,ads,none,False
4003,292,99,2025-12-01,organic,none,False
4004,1510,107,2026-02-07,promo,none,False
4005,1255,157,2026-05-11,ads,none,False
4006,357,156,2026-01-23,organic,none,False
4007,1316,196,2026-04-03,referral,none,False
4008,901,258,2025-08-16,promo,none,False
4009,817,96,2025-05-31,promo,none,False
4010,1586,2,2025-12-25,organic,none,False
4011,1422,195,2026-05-31,ads,enrollment_before_registration,False
4012,1504,111,2026-05-28,ads,none,False
4013,1670,46,2026-07-15,referral,none,False
4014,1447,95,2026-07-01,referral,none,False
4015,32,278,2026-04-16,ads,none,False
4016,761,119,2025-10-10,ads,none,False
4017,1731,28,2026-01-03,promo,none,False
4018,1997,236,2024-10-27,referral,none,False
4019,819,88,2025-11-26,ads,none,False
4020,1156,155,2026-05-22,referral,none,False
4021,471,70,2026-07-05,promo,enrollment_before_registration,False
4022,941,137,2026-02-28,promo,enrollment_before_registration,False
4023,976,158,2026-02-17,promo,none,False
4024,488,20,2025-08-01,promo,none,False
4025,1803,189,2026-07-29,promo,none,False
4026,1581,267,2026-07-12,promo,none,False
4027,508,83,2026-06-19,promo,none,False
4028,1560,75,2025-10-10,organic,none,False
4029,1309,228,2024-12-31,organic,none,False
4030,203,71,2026-07-17,referral,none,False
4031,701,123,2024-11-19,referral,none,False
4032,329,38,2026-05-24,promo,none,False
4033,990,11,2025-12-31,referral,none,False
4034,1026,9,2026-05-26,promo,none,False
4035,1579,49,2026-07-15,promo,none,False
4036,65,69,2024-11-28,promo,none,False
4037,734,22,2026-02-07,referral,none,False
4038,1280,61,2026-02-03,ads,none,False
4039,70,223,2026-03-31,organic,none,False
4040,1728,164,2026-05-20,ads,none,False
4041,13,196,2026-04-16,promo,none,False
4042,346,12,2025-09-07,referral,none,False
4043,1322,241,2025-11-07,promo,none,False
4044,1565,299,2026-05-14,referral,none,False
4045,1052,98,2025-09-15,organic,none,False
4046,1105,111,2025-07-27,ads,none,False
4047,924,73,2025-10-18,promo,none,False
4048,1549,133,2025-11-20,ads,none,False
4049,1781,196,2026-03-04,promo,none,False
4050,1715,151,2026-06-29,organic,none,False
4051,1758,43,2026-01-20,organic,none,False
4052,1713,35,2026-04-03,organic,none,False
4053,171,265,2025-11-13,referral,none,False
4054,288,147,2024-05-08,ads,none,False
4055,1618,160,2026-01-22,ads,none,False
4056,576,189,2026-02-25,referral,none,False
4057,1700,209,2026-06-29,organic,none,False
4058,467,204,2026-06-02,promo,none,False
4059,845,9,2026-05-23,organic,none,False
4060,1302,2,2026-07-28,ads,none,False
4061,208,138,2026-07-23,referral,none,False
4062,387,293,2025-04-17,promo,none,False
4063,1545,82,2026-02-14,referral,none,False
4064,891,223,2025-07-07,organic,none,False
4065,1491,149,2024-11-08,referral,none,False
4066,440,81,2025-12-05,promo,none,False
4067,989,243,2024-09-22,organic,none,False
4068,1629,28,2025-10-19,organic,none,False
4069,333,37,2026-06-09,promo,none,False
4070,1736,46,2026-07-06,ads,none,False
4071,656,273,2025-05-03,promo,none,False
4072,374,98,2026-01-26,ads,none,False
4073,1331,13,2026-03-17,organic,none,False
4074,681,132,2025-04-03,referral,none,False
4075,211,284,2026-07-28,ads,none,False
4076,416,99,2026-01-13,promo,none,False
4077,509,135,2025-11-16,ads,none,False
4078,1541,169,2026-05-24,referral,none,False
4079,1711,276,2026-02-02,ads,none,False
4080,1433,260,2025-11-26,organic,none,False
4081,1081,252,2025-06-28,referral,none,False
4082,87,135,2025-06-06,referral,none,False
4083,524,256,2025-06-14,ads,none,False
4084,207,151,2026-02-09,organic,enrollment_before_registration;enrollment_before_publish,False
4085,727,226,2026-07-03,referral,none,False
4086,176,68,2026-05-01,referral,none,False
4087,530,29,2026-04-02,referral,none,False
4088,1792,56,2026-01-15,organic,none,False
4089,1694,97,2025-09-01,promo,none,False
4090,492,27,2026-07-14,organic,none,False
4091,632,265,2026-03-15,referral,none,False
4092,620,224,2025-04-01,organic,none,False
4093,1035,95,2026-06-14,ads,none,False
4094,713,119,2026-06-04,referral,none,False
4095,856,289,2025-11-22,organic,none,False
4096,1743,221,2025-12-05,organic,none,False
4097,569,174,2026-03-24,referral,none,False
4098,811,142,2026-07-19,referral,none,False
4099,1887,158,2026-07-14,ads,none,False
4100,1925,77,2025-02-11,referral,none,False
4101,82,156,2025-11-01,organic,none,False
4102,1312,251,2026-03-05,organic,none,False
4103,667,123,2023-11-14,ads,none,False
4104,1469,247,2025-11-04,promo,none,False
4105,856,211,2025-01-09,referral,none,False
4106,359,83,2025-12-12,ads,none,False
4107,368,124,2026-04-15,ads,none,False
4108,1122,119,2026-04-06,referral,none,False
4109,1267,224,2025-09-16,promo,none,False
4110,825,184,2025-12-27,organic,none,False
4111,1343,69,2024-11-05,ads,none,False
4112,1115,164,2026-04-28,organic,none,False
4113,1171,270,2025-07-07,promo,none,False
4114,699,234,2025-12-21,organic,none,False
4115,1876,72,2026-03-25,referral,none,False
4116,1818,231,2026-07-02,promo,none,False
4117,1538,78,2024-12-17,ads,none,False
4118,1387,156,2025-10-05,promo,none,False
4119,886,96,2026-02-27,organic,none,False
4120,1010,87,2026-04-05,organic,none,False
4121,1383,59,2025-11-25,ads,none,False
4122,1952,235,2026-07-01,organic,none,False
4123,993,267,2026-07-20,promo,none,False
4124,667,222,2026-02-19,organic,none,False
4125,743,99,2026-04-12,promo,none,False
4126,1309,214,2024-12-13,referral,none,False
4127,175,46,2026-07-15,organic,none,False
4128,843,38,2026-05-05,promo,none,False
4129,299,83,2026-02-09,promo,none,False
4130,1044,234,2026-06-26,ads,none,False
4131,1596,64,2026-03-17,ads,none,False
4132,1232,236,2025-06-14,ads,none,False
4133,284,132,2025-10-30,ads,none,False
4134,244,176,2024-09-10,ads,none,False
4135,804,47,2026-06-11,organic,none,False
4136,599,111,2026-06-14,ads,enrollment_before_registration,False
4137,844,66,2026-06-05,promo,none,False
4138,1113,84,2025-11-03,organic,none,False
4139,562,81,2025-09-22,promo,none,False
4140,921,59,2024-01-29,ads,none,False
4141,271,67,2025-06-12,ads,none,False
4142,1873,94,2026-04-23,ads,none,False
4143,1826,256,2026-05-31,promo,none,False
4144,303,15,2026-03-01,organic,none,False
4145,1818,210,2025-12-17,promo,none,False
4146,634,71,2026-06-20,promo,none,False
4147,1381,229,2026-07-26,ads,none,False
4148,513,58,2025-09-27,ads,none,False
4149,1002,58,2026-03-22,organic,none,False
4150,759,109,2026-05-16,ads,none,False
4151,103,2,2026-02-21,referral,none,False
4152,1237,261,2023-12-23,ads,none,False
4153,1372,26,2025-05-06,ads,none,False
4154,1846,220,2026-05-11,referral,none,False
4155,1345,134,2025-09-22,promo,none,False
4156,241,53,2026-03-04,promo,none,False
4157,847,76,2026-02-09,referral,none,False
4158,969,174,2026-03-16,promo,none,False
4159,1752,65,2026-07-12,organic,none,False
4160,666,94,2025-10-05,organic,none,False
4161,133,182,2025-03-11,ads,none,False
4162,102,183,2024-11-14,referral,none,False
4163,932,1,2025-04-11,referral,none,False
4164,1504,212,2026-05-14,promo,none,False
4165,1958,139,2026-06-22,organic,none,False
4166,141,253,2025-11-06,referral,none,False
4167,474,77,2026-05-17,promo,none,False
4168,515,292,2025-03-25,promo,none,False
4169,788,169,2026-01-03,organic,none,False
4170,194,211,2025-10-01,promo,none,False
4171,1052,208,2025-10-08,organic,none,False
4172,832,201,2025-10-31,promo,none,False
4173,475,5,2026-03-18,organic,none,False
4174,1770,95,2025-10-05,organic,none,False
4175,1487,105,2025-05-05,referral,none,False
4176,593,298,2026-03-24,organic,none,False
4177,1914,113,2025-12-11,referral,none,False
4178,374,223,2026-07-05,ads,none,False
4179,1841,81,2025-03-31,ads,none,False
4180,1547,190,2025-02-25,referral,none,False
4181,1043,197,2026-03-29,referral,none,False
4182,1364,79,2026-03-27,ads,none,False
4183,1706,296,2026-03-15,referral,none,False
4184,730,34,2026-03-28,ads,none,False
4185,1180,110,2026-05-26,organic,none,False
4186,1367,154,2025-06-01,organic,none,False
4187,424,119,2026-07-27,organic,none,False
4188,685,87,2024-03-29,promo,none,False
4189,1274,142,2026-01-06,ads,none,False
4190,1810,162,2026-07-19,ads,none,False
4191,949,261,2024-07-17,ads,none,False
4192,1293,178,2026-07-21,referral,none,False
4193,870,202,2024-10-01,referral,none,False
4194,987,60,2025-07-07,ads,none,False
4195,1123,185,2026-04-10,ads,none,False
4196,1241,85,2025-03-19,ads,none,False
4197,1045,9,2026-06-10,referral,none,False
4198,1571,214,2025-07-05,ads,none,False
4199,83,274,2024-11-16,ads,none,False
4200,1758,287,2024-01-10,referral,none,False
4201,1435,101,2025-11-26,organic,none,False
4202,744,74,2025-05-23,ads,none,False
4203,1850,186,2026-01-20,promo,none,False
4204,1135,290,2026-04-11,ads,none,False
4205,225,153,2025-08-07,referral,none,False
4206,306,36,2025-01-10,ads,none,False
4207,1102,278,2026-06-03,organic,none,False
4208,1990,37,2026-02-10,referral,none,False
4209,1905,97,2026-07-28,referral,none,False
4210,632,260,2026-05-19,organic,none,False
4211,753,46,2026-07-10,organic,none,False
4212,1187,188,2026-06-29,ads,none,False
4213,583,293,2026-07-22,promo,none,False
4214,1668,28,2025-08-25,referral,none,False
4215,1718,112,2026-03-15,referral,none,False
4216,661,156,2025-06-30,promo,none,False
4217,1218,238,2026-02-05,ads,none,False
4218,1696,99,2025-05-17,promo,none,False
4219,28,46,2026-07-10,organic,none,False
4220,1185,82,2026-05-30,ads,none,False
4221,1311,226,2024-12-29,referral,none,False
4222,63,30,2026-06-23,ads,none,False
4223,1179,288,2025-12-17,promo,none,False
4224,1790,179,2026-05-30,ads,none,False
4225,1637,217,2026-03-31,ads,none,False
4226,1850,291,2025-08-08,organic,none,False
4227,1189,49,2026-07-16,organic,none,False
4228,1279,284,2026-03-05,referral,none,False
4229,1336,71,2026-04-11,promo,none,False
4230,407,5,2026-04-29,ads,none,False
4231,1286,46,2026-07-16,promo,none,False
4232,715,16,2026-07-08,referral,none,False
4233,1339,8,2026-04-01,promo,none,False
4234,1505,103,2024-11-04,organic,none,False
4235,236,217,2025-04-05,referral,none,False
4236,948,15,2026-06-13,ads,none,False
4237,1935,43,2024-10-17,organic,none,False
4238,1273,152,2026-06-03,promo,none,False
4239,933,33,2026-03-25,referral,none,False
4240,151,125,2026-02-17,referral,enrollment_before_publish,False
4241,1429,299,2026-01-08,organic,none,False
4242,845,198,2026-06-10,promo,none,False
4243,1921,124,2025-01-30,promo,none,False
4244,492,51,2026-07-08,ads,none,False
4245,1093,33,2026-03-06,ads,none,False
4246,1292,68,2026-07-25,promo,none,False
4247,1752,94,2026-07-17,ads,none,False
4248,770,88,2025-07-17,referral,none,False
4249,618,11,2025-05-12,promo,none,False
4250,1389,38,2026-06-22,organic,none,False
4251,1012,264,2026-05-17,referral,none,False
4252,1065,160,2026-07-23,referral,none,False
4253,1386,254,2025-05-16,referral,none,False
4254,479,21,2024-05-21,referral,none,False
4255,692,231,2026-07-26,referral,none,False
4256,9,119,2026-05-19,ads,none,False
4257,1634,163,2026-03-21,ads,none,False
4258,1035,148,2026-07-29,promo,none,False
4259,1125,240,2025-05-23,referral,none,False
4260,1112,210,2026-02-19,referral,none,False
4261,1694,136,2025-07-11,referral,none,False
4262,956,14,2025-08-17,referral,none,False
4263,1955,33,2026-04-21,promo,none,False
4264,1285,13,2026-03-31,referral,none,False
4265,1840,133,2026-07-22,referral,none,False
4266,499,46,2026-07-07,organic,none,False
4267,1094,154,2025-12-27,referral,none,False
4268,1190,184,2025-07-18,organic,none,False
4269,1936,116,2026-05-29,ads,none,False
4270,338,104,2024-10-07,promo,none,False
4271,952,268,2025-02-11,promo,none,False
4272,1864,118,2024-12-10,referral,none,False
4273,47,3,2026-04-30,referral,none,False
4274,171,86,2026-07-18,ads,none,False
4275,1446,116,2026-05-10,referral,none,False
4276,1975,128,2026-01-17,promo,none,False
4277,88,124,2026-02-28,referral,none,False
4278,641,185,2025-01-14,ads,none,False
4279,1240,21,2026-06-06,promo,none,False
4280,1615,169,2026-03-05,promo,none,False
4281,493,62,2025-04-10,promo,none,False
4282,1130,112,2025-09-13,organic,none,False
4283,586,235,2026-07-22,referral,none,False
4284,1607,143,2026-02-07,ads,none,False
4285,269,1,2025-10-28,promo,none,False
4286,1099,273,2026-07-24,ads,none,False
4287,1893,252,2026-01-09,promo,none,False
4288,207,32,2026-02-25,referral,enrollment_before_registration,False
4289,1088,106,2026-05-04,organic,none,False
4290,1565,210,2025-12-21,promo,none,False
4291,422,145,2025-10-23,promo,none,False
4292,639,48,2026-07-03,organic,none,False
4293,966,174,2026-06-24,organic,none,False
4294,1306,76,2025-09-28,ads,none,False
4295,1954,189,2026-03-14,promo,none,False
4296,1358,144,2024-11-24,organic,none,False
4297,1212,268,2026-03-04,promo,none,False
4298,1198,270,2026-07-27,organic,none,False
4299,1969,177,2026-04-21,ads,none,False
4300,1768,108,2026-04-22,organic,none,False
4301,422,203,2024-11-12,ads,none,False
4302,1052,120,2025-11-15,referral,none,False
4303,1319,57,2025-01-04,referral,none,False
4304,967,27,2026-01-30,referral,none,False
4305,1524,83,2026-01-03,promo,none,False
4306,1725,288,2026-07-04,referral,none,False
4307,1975,79,2026-05-14,ads,none,False
4308,1065,152,2026-07-18,referral,none,False
4309,1737,193,2024-12-09,referral,none,False
4310,1201,108,2026-03-04,ads,none,False
4311,1298,209,2026-06-15,promo,none,False
4312,1726,269,2026-05-10,promo,none,False
4313,1871,4,2026-06-16,organic,none,False
4314,700,15,2026-06-27,promo,none,False
4315,739,262,2025-05-31,organic,none,False
4316,1999,164,2025-05-02,organic,none,False
4317,719,119,2025-10-20,referral,none,False
4318,767,156,2025-12-06,referral,none,False
4319,410,93,2025-02-05,ads,none,False
4320,1767,289,2026-03-29,referral,none,False
4321,463,45,2026-06-09,ads,none,False
4322,1765,68,2025-04-12,organic,none,False
4323,993,22,2025-01-02,promo,none,False
4324,141,26,2025-12-25,promo,none,False
4325,1291,161,2024-11-14,organic,none,False
4326,1341,299,2025-10-27,organic,none,False
4327,594,273,2025-04-30,promo,none,False
4328,1975,289,2025-04-06,referral,none,False
4329,629,89,2026-06-15,organic,none,False
4330,634,80,2026-07-16,promo,none,False
4331,1189,67,2026-06-17,organic,none,False
4332,798,200,2026-07-08,promo,none,False
4333,1775,236,2026-07-12,ads,none,False
4334,549,215,2025-06-10,referral,none,False
4335,1259,44,2026-06-25,ads,none,False
4336,1771,81,2026-05-30,referral,none,False
4337,1485,55,2026-04-06,ads,none,False
4338,551,46,2026-06-30,promo,none,False
4339,1424,58,2026-04-07,referral,none,False
4340,1092,82,2026-07-13,referral,none,False
4341,272,128,2025-11-09,ads,none,False
4342,994,156,2025-10-10,organic,none,False
4343,1012,38,2026-06-16,ads,none,False
4344,369,65,2026-02-03,organic,none,False
4345,1194,234,2026-01-26,promo,none,False
4346,138,68,2026-05-27,organic,enrollment_before_registration,False
4347,1848,140,2025-10-17,referral,none,False
4348,9,15,2026-02-28,referral,none,False
4349,1623,52,2026-06-02,referral,none,False
4350,768,110,2025-05-21,promo,none,False
4351,623,210,2025-05-23,referral,none,False
4352,834,164,2026-05-24,referral,none,False
4353,944,36,2025-11-22,ads,none,False
4354,864,300,2026-02-11,ads,none,False
4355,1324,86,2026-05-01,promo,none,False
4356,878,275,2024-05-02,organic,none,False
4357,336,254,2025-08-10,organic,none,False
4358,744,162,2026-06-27,promo,none,False
4359,17,230,2026-05-30,referral,none,False
4360,921,129,2025-11-30,organic,none,False
4361,262,62,2026-04-14,promo,none,False
4362,750,263,2025-01-09,referral,none,False
4363,397,212,2026-06-06,promo,none,False
4364,954,255,2025-12-31,promo,none,False
4365,1452,4,2026-03-03,ads,none,False
4366,414,254,2024-12-08,promo,none,False
4367,357,67,2026-06-25,promo,none,False
4368,895,113,2026-03-29,organic,none,False
4369,1280,96,2026-06-18,promo,none,False
4370,1424,285,2026-04-20,promo,none,False
4371,636,13,2025-11-30,referral,none,False
4372,795,121,2026-04-25,ads,none,False
4373,1557,2,2026-02-17,referral,none,False
4374,222,3,2026-01-10,promo,none,False
4375,1890,20,2026-07-28,referral,none,False
4376,1322,260,2025-01-01,ads,none,False
4377,664,239,2025-05-06,promo,none,False
4378,886,84,2026-05-02,organic,none,False
4379,714,300,2025-05-03,organic,none,False
4380,1076,270,2026-04-01,referral,none,False
4381,904,186,2026-02-14,promo,none,False
4382,165,136,2025-09-19,ads,none,False
4383,1703,4,2026-03-06,ads,none,False
4384,6,277,2026-07-26,ads,none,False
4385,1333,136,2026-04-04,organic,none,False
4386,1510,284,2026-05-16,organic,none,False
4387,244,188,2026-03-22,referral,none,False
4388,776,94,2025-12-28,promo,none,False
4389,1886,278,2025-09-17,referral,none,False
4390,942,282,2026-07-20,ads,none,False
4391,1487,30,2025-07-12,organic,none,False
4392,582,233,2026-07-20,promo,none,False
4393,1645,152,2025-08-10,organic,none,False
4394,1398,170,2026-04-23,ads,none,False
4395,1701,174,2026-02-15,ads,none,False
4396,1210,151,2026-05-10,referral,none,False
4397,1722,10,2026-05-12,organic,none,False
4398,1646,76,2025-08-10,ads,none,False
4399,392,258,2025-09-16,referral,none,False
4400,240,277,2026-07-05,promo,none,False
4401,1574,21,2026-07-04,organic,none,False
4402,181,284,2026-03-06,referral,none,False
4403,1261,241,2026-02-27,promo,enrollment_before_registration,False
4404,242,7,2025-02-13,referral,none,False
4405,1226,248,2026-06-08,organic,none,False
4406,1704,216,2026-04-09,promo,none,False
4407,1387,172,2026-07-24,promo,none,False
4408,1169,141,2025-08-20,referral,none,False
4409,684,167,2026-05-17,organic,none,False
4410,113,236,2026-05-25,promo,none,False
4411,1204,107,2026-04-30,promo,none,False
4412,150,190,2026-04-12,referral,none,False
4413,532,84,2026-06-13,ads,none,False
4414,498,178,2026-06-17,ads,none,False
4415,365,276,2026-06-24,referral,none,False
4416,1627,197,2024-06-26,promo,none,False
4417,552,115,2026-06-13,ads,none,False
4418,769,165,2026-01-22,referral,none,False
4419,601,159,2026-05-29,promo,none,False
4420,96,265,2026-01-30,promo,none,False
4421,137,255,2026-04-17,promo,none,False
4422,303,166,2026-05-04,promo,none,False
4423,440,161,2025-09-23,promo,none,False
4424,1198,170,2025-12-14,promo,none,False
4425,1322,195,2026-05-20,organic,none,False
4426,1922,176,2026-02-19,promo,none,False
4427,600,296,2026-03-04,organic,none,False
4428,1269,213,2026-07-10,promo,none,False
4429,994,178,2026-06-10,referral,none,False
4430,1390,298,2026-04-28,ads,none,False
4431,439,106,2026-03-13,organic,none,False
4432,1094,185,2026-03-21,promo,none,False
4433,1019,32,2025-10-10,promo,none,False
4434,334,165,2026-06-03,organic,none,False
4435,1930,156,2025-03-15,promo,none,False
4436,451,218,2024-12-11,organic,none,False
4437,1722,168,2026-07-14,promo,none,False
4438,1733,3,2026-03-28,promo,none,False
4439,1812,295,2026-01-23,referral,none,False
4440,266,59,2026-06-19,ads,none,False
4441,14,67,2025-08-02,ads,none,False
4442,1615,138,2024-11-01,ads,none,False
4443,1337,77,2025-06-27,organic,none,False
4444,439,52,2026-07-26,organic,none,False
4445,1145,106,2026-04-18,ads,none,False
4446,701,177,2026-04-16,ads,none,False
4447,995,131,2026-07-16,referral,none,False
4448,552,271,2026-04-28,organic,none,False
4449,1322,27,2024-12-16,ads,none,False
4450,642,291,2025-10-27,ads,none,False
4451,1442,87,2025-10-25,promo,none,False
4452,353,90,2026-05-21,ads,none,False
4453,1934,12,2026-04-18,referral,none,False
4454,1421,60,2025-09-15,referral,none,False
4455,1217,267,2026-07-28,promo,none,False
4456,1721,187,2026-06-04,organic,none,False
4457,903,44,2026-03-25,promo,none,False
4458,875,4,2026-04-04,referral,none,False
4459,1578,126,2026-07-07,referral,none,False
4460,205,57,2026-01-05,promo,none,False
4461,1090,152,2025-09-30,organic,none,False
4462,857,279,2025-10-17,organic,none,False
4463,1727,196,2026-05-13,promo,none,False
4464,487,146,2026-07-02,promo,none,False
4465,1231,214,2026-03-23,referral,none,False
4466,1106,17,2026-02-11,ads,enrollment_before_registration,False
4467,305,94,2025-07-02,promo,none,False
4468,721,25,2025-03-20,promo,none,False
4469,34,133,2025-10-07,organic,none,False
4470,1581,198,2026-03-22,promo,none,False
4471,1082,120,2026-04-03,referral,none,False
4472,309,190,2026-01-11,promo,none,False
4473,1895,247,2025-10-08,organic,none,False
4474,1128,203,2025-09-28,promo,none,False
4475,859,8,2026-03-29,referral,none,False
4476,234,285,2025-08-25,organic,none,False
4477,1813,269,2026-04-18,organic,none,False
4478,640,91,2026-04-13,ads,none,False
4479,934,116,2026-07-21,promo,none,False
4480,609,112,2025-11-07,promo,none,False
4481,1737,17,2026-06-03,promo,none,False
4482,1825,29,2025-11-27,referral,none,False
4483,1772,39,2026-02-10,organic,none,False
4484,55,105,2026-06-15,referral,none,False
4485,1354,196,2026-06-26,organic,none,False
4486,1845,48,2026-06-14,ads,none,False
4487,1750,159,2026-06-19,ads,none,False
4488,1159,85,2025-06-06,referral,none,False
4489,1047,195,2026-07-24,ads,none,False
4490,1039,115,2024-09-17,organic,none,False
4491,1847,219,2025-07-02,ads,none,False
4492,1106,86,2026-06-17,ads,enrollment_before_registration,False
4493,1855,71,2024-08-01,referral,none,False
4494,290,151,2026-07-12,referral,none,False
4495,1370,162,2026-06-09,ads,none,False
4496,410,297,2025-12-08,organic,none,False
4497,1222,194,2026-05-04,promo,none,False
4498,1691,214,2026-01-27,referral,enrollment_before_registration,False
4499,307,274,2026-03-03,organic,none,False
4500,1357,66,2025-09-24,ads,none,False
4501,1722,262,2026-05-20,referral,none,False
4502,228,83,2026-01-29,promo,none,False
4503,1875,105,2026-04-27,ads,none,False
4504,1178,192,2026-06-18,promo,none,False
4505,1697,112,2026-01-02,ads,none,False
4506,1764,269,2025-11-04,promo,none,False
4507,1053,190,2025-05-31,referral,none,False
4508,933,111,2026-02-11,organic,none,False
4509,1479,150,2026-05-29,promo,none,False
4510,1631,193,2024-07-12,promo,none,False
4511,1004,165,2025-08-23,referral,none,False
4512,1730,42,2026-05-31,organic,none,False
4513,788,262,2026-02-11,referral,none,False
4514,1913,258,2025-03-16,ads,none,False
4515,1880,254,2026-06-02,ads,none,False
4516,1881,84,2026-07-06,referral,none,False
4517,906,50,2025-08-19,referral,none,False
4518,1245,30,2026-05-27,promo,none,False
4519,1597,274,2026-07-21,promo,none,False
4520,1479,170,2026-06-20,ads,none,False
4521,1073,88,2026-02-10,promo,none,False
4522,1791,207,2024-11-21,promo,none,False
4523,971,194,2026-04-13,ads,none,False
4524,64,173,2026-06-05,organic,none,False
4525,95,148,2026-04-19,promo,none,False
4526,1148,51,2026-04-13,organic,none,False
4527,1185,28,2026-07-05,promo,none,False
4528,1216,235,2026-07-18,organic,none,False
4529,1447,192,2025-08-23,organic,none,False
4530,934,119,2026-02-01,organic,none,False
4531,905,23,2026-02-07,organic,none,False
4532,1785,12,2025-09-26,ads,none,False
4533,1092,180,2026-05-24,organic,none,False
4534,619,181,2026-07-01,promo,none,False
4535,1892,107,2026-06-17,referral,none,False
4536,1099,168,2026-04-20,ads,none,False
4537,223,83,2026-06-08,organic,none,False
4538,767,125,2026-06-25,organic,enrollment_before_publish,False
4539,1580,224,2026-06-04,ads,none,False
4540,1203,255,2025-04-29,organic,none,False
4541,1392,158,2025-12-30,ads,none,False
4542,853,262,2025-06-14,referral,none,False
4543,1842,177,2026-06-22,organic,none,False
4544,599,219,2026-03-14,promo,enrollment_before_registration,False
4545,927,34,2026-06-03,promo,none,False
4546,1503,226,2026-07-14,referral,none,False
4547,833,102,2024-10-14,organic,none,False
4548,1051,290,2025-07-01,referral,none,False
4549,996,125,2026-01-15,referral,enrollment_before_publish,False
4550,794,236,2026-05-17,promo,none,False
4551,1707,64,2026-04-16,referral,none,False
4552,1101,55,2026-02-09,organic,none,False
4553,988,106,2025-07-08,ads,none,False
4554,176,66,2025-04-16,organic,none,False
4555,659,284,2026-06-05,promo,enrollment_before_registration,False
4556,122,175,2025-06-16,promo,none,False
4557,388,190,2025-09-15,promo,none,False
4558,1046,29,2025-04-13,ads,none,False
4559,1729,34,2026-02-12,ads,enrollment_before_registration,False
4560,428,265,2025-11-23,referral,none,False
4561,1953,158,2025-09-27,promo,none,False
4562,1533,172,2026-06-01,promo,none,False
4563,651,53,2026-03-07,ads,none,False
4564,599,193,2026-01-19,promo,enrollment_before_registration,False
4565,5,82,2026-01-23,promo,none,False
4566,363,175,2025-10-27,organic,none,False
4567,1013,280,2026-01-20,referral,none,False
4568,1283,20,2024-09-06,referral,none,False
4569,1968,66,2026-06-29,promo,none,False
4570,1082,65,2026-05-28,promo,none,False
4571,434,165,2026-01-30,organic,none,False
4572,581,34,2026-01-28,ads,none,False
4573,1503,4,2025-06-04,promo,none,False
4574,704,97,2025-10-15,ads,none,False
4575,910,152,2025-11-03,referral,none,False
4576,1407,140,2026-07-03,referral,none,False
4577,504,271,2026-05-09,ads,none,False
4578,985,75,2026-03-04,promo,none,False
4579,791,172,2026-05-11,promo,none,False
4580,704,207,2026-07-19,organic,none,False
4581,298,217,2026-06-01,promo,none,False
4582,786,145,2026-02-06,promo,none,False
4583,1109,143,2025-09-29,referral,none,False
4584,34,210,2026-02-11,referral,none,False
4585,1471,59,2026-06-16,referral,none,False
4586,1519,62,2025-01-31,ads,none,False
4587,1605,45,2026-03-12,organic,none,False
4588,1456,205,2026-06-17,referral,none,False
4589,1252,38,2026-06-20,ads,none,False
4590,1874,129,2025-07-12,referral,none,False
4591,1020,199,2025-11-01,organic,none,False
4592,696,226,2026-06-01,referral,none,False
4593,830,241,2026-01-08,ads,none,False
4594,173,144,2026-03-03,organic,none,False
4595,364,19,2026-03-26,promo,none,False
4596,687,273,2026-06-26,organic,none,False
4597,1316,124,2026-05-10,referral,none,False
4598,250,225,2024-05-07,ads,none,False
4599,1137,216,2026-05-25,referral,none,False
4600,531,131,2026-04-22,organic,none,False
4601,86,129,2026-07-24,referral,none,False
4602,740,250,2026-01-30,promo,none,False
4603,1532,108,2025-07-29,ads,none,False
4604,898,254,2024-07-09,ads,none,False
4605,185,280,2025-09-02,referral,none,False
4606,343,273,2024-11-24,promo,none,False
4607,1998,5,2025-08-09,ads,none,False
4608,910,208,2025-08-28,ads,none,False
4609,313,276,2026-03-04,promo,none,False
4610,129,234,2026-06-18,promo,none,False
4611,581,290,2025-11-08,referral,none,False
4612,1121,250,2026-05-27,ads,none,False
4613,1633,16,2025-09-25,promo,none,False
4614,1718,177,2025-08-29,referral,none,False
4615,215,88,2026-03-03,promo,none,False
4616,1788,93,2026-05-20,ads,none,False
4617,1620,235,2026-07-01,ads,none,False
4618,241,294,2026-02-25,ads,none,False
4619,386,257,2026-05-26,referral,none,False
4620,53,188,2026-06-03,promo,none,False
4621,816,72,2025-05-05,promo,none,False
4622,662,224,2026-03-11,referral,none,False
4623,978,192,2025-05-12,promo,none,False
4624,277,168,2024-12-01,organic,none,False
4625,904,69,2025-04-01,ads,none,False
4626,172,117,2026-03-13,organic,none,False
4627,561,195,2025-12-11,ads,none,False
4628,340,116,2025-03-31,referral,none,False
4629,1030,79,2025-03-27,organic,none,False
4630,1625,164,2024-05-17,promo,none,False
4631,212,57,2026-01-15,promo,none,False
4632,1045,197,2026-05-18,organic,none,False
4633,1199,262,2025-12-08,referral,none,False
4634,1552,123,2025-04-26,promo,none,False
4635,1963,160,2026-07-30,promo,none,False
4636,362,38,2026-07-16,referral,none,False
4637,503,196,2026-01-13,organic,none,False
4638,1251,161,2025-11-03,organic,none,False
4639,699,84,2025-11-02,referral,none,False
4640,42,79,2024-12-21,ads,none,False
4641,1385,78,2026-02-24,promo,none,False
4642,567,252,2026-05-16,organic,none,False
4643,955,107,2025-06-01,promo,none,False
4644,565,48,2026-05-13,referral,none,False
4645,855,284,2026-02-18,referral,none,False
4646,251,37,2026-04-08,ads,none,False
4647,1828,166,2024-03-29,promo,none,False
4648,910,72,2025-12-16,ads,none,False
4649,756,157,2025-02-21,promo,none,False
4650,1591,153,2025-10-18,ads,none,False
4651,13,158,2026-05-14,promo,none,False
4652,1662,85,2026-01-25,ads,none,False
4653,988,279,2025-11-21,promo,none,False
4654,1926,88,2025-12-10,referral,none,False
4655,122,83,2026-02-07,promo,none,False
4656,1377,142,2025-11-19,organic,none,False
4657,426,206,2026-07-30,ads,none,False
4658,1100,206,2025-11-12,ads,none,False
4659,1140,176,2026-07-11,organic,none,False
4660,26,252,2026-06-13,referral,enrollment_before_registration,False
4661,1916,78,2026-06-14,referral,none,False
4662,941,239,2026-02-17,organic,enrollment_before_registration,False
4663,826,174,2026-06-17,referral,none,False
4664,988,179,2025-05-21,organic,none,False
4665,1151,171,2026-01-04,promo,none,False
4666,1211,196,2023-09-28,promo,none,False
4667,1850,211,2026-04-01,organic,none,False
4668,714,166,2024-07-20,promo,none,False
4669,1098,97,2026-06-01,organic,none,False
4670,1247,158,2026-04-27,organic,none,False
4671,713,48,2026-05-29,referral,none,False
4672,359,267,2026-07-18,promo,none,False
4673,1724,110,2026-07-25,promo,none,False
4674,119,41,2023-10-10,organic,none,False
4675,850,45,2025-08-31,organic,none,False
4676,1150,136,2025-11-22,promo,none,False
4677,1324,224,2026-04-17,promo,none,False
4678,524,87,2026-06-13,organic,none,False
4679,375,94,2025-12-22,promo,none,False
4680,1706,27,2026-06-03,organic,none,False
4681,1193,112,2026-01-04,referral,none,False
4682,420,135,2026-05-05,referral,none,False
4683,1023,248,2024-07-17,organic,none,False
4684,1052,139,2025-09-23,referral,none,False
4685,1698,119,2026-04-06,promo,none,False
4686,1302,39,2025-10-06,ads,none,False
4687,615,257,2026-07-08,ads,none,False
4688,1397,246,2026-03-27,ads,none,False
4689,543,103,2026-03-23,ads,none,False
4690,1046,221,2026-01-29,referral,none,False
4691,1938,18,2024-09-05,organic,none,False
4692,909,121,2026-03-04,organic,none,False
4693,1231,123,2025-02-16,organic,none,False
4694,954,79,2026-03-21,referral,none,False
4695,1937,207,2026-04-21,referral,none,False
4696,1901,19,2026-06-22,organic,none,False
4697,94,167,2025-02-26,ads,none,False
4698,578,115,2025-03-14,referral,none,False
4699,1641,214,2026-07-21,referral,none,False
4700,262,288,2026-03-07,promo,none,False
4701,1882,146,2026-06-03,organic,none,False
4702,73,188,2025-03-14,organic,none,False
4703,1557,97,2025-11-18,ads,none,False
4704,206,13,2025-08-19,promo,none,False
4705,1724,60,2026-03-28,ads,none,False
4706,1320,268,2025-01-13,ads,none,False
4707,97,17,2026-02-08,ads,none,False
4708,1449,294,2026-05-27,promo,none,False
4709,398,4,2026-05-13,referral,none,False
4710,764,118,2026-06-17,referral,none,False
4711,1393,224,2025-05-31,ads,none,False
4712,1562,238,2025-11-22,ads,none,False
4713,328,202,2025-11-27,referral,none,False
4714,612,60,2025-11-25,ads,none,False
4715,880,223,2025-08-17,referral,none,False
4716,1400,18,2026-05-30,organic,none,False
4717,47,107,2026-07-12,ads,none,False
4718,1662,129,2026-07-12,promo,none,False
4719,480,16,2025-09-14,promo,none,False
4720,1428,296,2026-05-12,referral,none,False
4721,948,71,2026-05-30,promo,none,False
4722,1558,277,2026-06-21,organic,none,False
4723,1897,78,2026-05-24,promo,none,False
4724,781,254,2025-06-26,ads,none,False
4725,738,289,2026-02-25,promo,none,False
4726,1509,197,2026-05-15,promo,none,False
4727,1911,300,2025-02-14,organic,none,False
4728,463,175,2025-11-28,promo,none,False
4729,1198,215,2026-06-25,promo,none,False
4730,1033,18,2025-09-22,organic,none,False
4731,240,208,2026-06-02,referral,none,False
4732,1458,252,2024-11-07,organic,none,False
4733,1908,150,2025-12-06,organic,none,False
4734,167,110,2025-10-12,referral,none,False
4735,1980,273,2026-06-01,promo,none,False
4736,60,186,2026-05-07,referral,none,False
4737,1435,223,2026-05-22,promo,none,False
4738,334,223,2026-05-07,organic,none,False
4739,1836,127,2025-10-13,referral,none,False
4740,1235,295,2025-08-18,ads,none,False
4741,1797,103,2025-07-03,organic,none,False
4742,908,191,2026-04-29,organic,none,False
4743,184,124,2025-08-21,ads,none,False
4744,1986,65,2026-07-13,ads,none,False
4745,1697,161,2024-10-10,promo,none,False
4746,945,52,2025-10-10,ads,none,False
4747,401,29,2025-01-25,referral,none,False
4748,704,31,2025-10-27,organic,none,False
4749,720,121,2026-03-15,promo,none,False
4750,723,251,2026-02-14,promo,none,False
4751,1091,95,2026-03-24,organic,none,False
4752,321,221,2026-03-13,organic,none,False
4753,1712,130,2026-03-26,organic,none,False
4754,171,36,2025-04-14,promo,none,False
4755,41,225,2025-05-23,ads,none,False
4756,600,42,2026-05-18,ads,none,False
4757,716,10,2026-06-06,ads,none,False
4758,666,258,2024-09-17,organic,none,False
4759,1525,147,2026-06-13,promo,none,False
4760,707,78,2024-08-24,organic,none,False
4761,1582,227,2025-06-27,organic,none,False
4762,1081,275,2025-08-26,organic,none,False
4763,1076,201,2026-06-27,referral,none,False
4764,547,289,2026-07-25,promo,none,False
4765,419,115,2026-03-18,promo,none,False
4766,1475,14,2026-01-22,referral,none,False
4767,1145,213,2026-05-27,promo,none,False
4768,1810,55,2026-06-20,ads,none,False
4769,567,75,2025-04-07,promo,none,False
4770,911,278,2026-07-09,organic,none,False
4771,831,139,2025-11-12,organic,none,True
4772,1344,67,2024-11-16,referral,none,False
4773,1601,110,2026-03-23,promo,none,False
4774,373,110,2026-04-29,referral,none,False
4775,1271,7,2026-07-14,promo,none,False
4776,1782,25,2024-04-26,promo,none,False
4777,227,245,2026-06-26,organic,none,False
4778,281,22,2024-11-18,referral,none,False
4779,965,61,2026-06-14,promo,none,False
4780,634,244,2026-04-12,ads,none,False
4781,1603,33,2026-07-03,promo,none,False
4782,1807,83,2026-05-21,organic,none,False
4783,540,144,2026-01-15,ads,none,False
4784,1427,292,2026-06-15,ads,none,False
4785,1427,189,2026-04-23,promo,none,False
4786,107,221,2026-03-26,ads,none,False
4787,1047,125,2026-03-26,ads,enrollment_before_publish,False
4788,1456,299,2026-07-16,promo,none,False
4789,791,109,2025-11-09,promo,none,False
4790,451,249,2026-07-29,promo,none,False
4791,934,88,2026-02-13,promo,none,False
4792,1053,42,2025-12-03,ads,none,False
4793,1869,265,2026-03-23,promo,none,False
4794,488,232,2025-08-22,promo,none,False
4795,770,252,2025-09-03,ads,none,False
4796,1580,156,2026-07-13,ads,none,False
4797,1067,4,2026-07-11,organic,none,False
4798,1039,125,2026-01-13,referral,enrollment_before_publish,False
4799,972,290,2025-10-17,organic,none,False
4800,87,123,2025-12-04,ads,none,False
4801,780,118,2026-01-28,promo,none,False
4802,1966,87,2026-07-02,ads,none,False
4803,186,280,2026-03-03,ads,none,False
4804,1030,111,2024-10-17,organic,none,False
4805,1032,279,2026-02-23,promo,none,False
4806,1239,258,2024-07-09,ads,none,False
4807,1671,25,2026-05-31,referral,none,False
4808,2000,100,2025-06-29,organic,none,False
4809,1453,252,2025-05-25,organic,none,False
4810,720,298,2026-03-25,organic,none,False
4811,1594,96,2026-02-04,promo,none,False
4812,407,290,2025-08-21,promo,none,False
4813,634,271,2026-07-25,promo,none,False
4814,1715,107,2026-05-06,promo,none,False
4815,1717,18,2024-06-15,promo,none,False
4816,1524,96,2024-03-23,promo,none,False
4817,674,16,2026-05-18,organic,none,False
4818,93,219,2026-03-01,promo,none,False
4819,1093,158,2026-05-30,referral,none,False
4820,1743,111,2025-10-21,promo,none,False
4821,398,226,2025-11-23,ads,none,False
4822,1958,131,2026-06-27,organic,none,False
4823,524,271,2026-03-10,ads,none,False
4824,55,106,2026-04-25,referral,none,False
4825,1070,184,2025-08-17,organic,none,False
4826,1469,176,2024-07-25,ads,none,False
4827,1796,263,2024-09-27,ads,none,False
4828,1731,201,2026-03-17,ads,none,False
4829,215,260,2026-07-21,ads,none,False
4830,684,289,2026-07-11,organic,none,False
4831,1168,29,2026-06-06,organic,none,False
4832,321,239,2025-06-12,ads,none,False
4833,399,129,2025-11-21,referral,none,False
4834,1232,6,2026-02-03,promo,none,False
4835,1959,279,2026-06-16,organic,none,False
4836,1866,157,2025-12-01,organic,none,False
4837,1838,123,2026-02-18,referral,none,False
4838,1533,289,2024-12-01,promo,none,False
4839,1738,94,2025-07-15,organic,none,False
4840,96,266,2025-12-11,promo,none,False
4841,718,155,2025-08-31,ads,none,False
4842,508,113,2024-09-13,ads,none,False
4843,194,45,2026-04-17,ads,none,False
4844,455,116,2025-12-15,organic,none,False
4845,1074,179,2025-12-20,ads,none,False
4846,1579,106,2025-08-27,organic,none,False
4847,860,145,2026-07-23,referral,none,False
4848,22,246,2024-11-29,ads,none,False
4849,1636,158,2026-05-10,promo,none,False
4850,1955,47,2026-07-26,referral,none,False
4851,1644,52,2025-06-24,referral,none,False
4852,109,15,2026-07-27,ads,none,False
4853,489,41,2026-06-02,promo,none,False
4854,1392,53,2025-11-07,organic,none,False
4855,133,134,2024-07-16,promo,none,False
4856,1059,49,2026-06-19,ads,none,False
4857,1107,192,2025-12-14,ads,none,False
4858,869,68,2025-01-22,referral,none,False
4859,111,64,2026-04-01,ads,none,False
4860,1314,270,2025-07-29,ads,none,False
4861,1900,105,2025-04-20,promo,none,False
4862,1034,50,2026-03-31,referral,none,False
4863,548,95,2026-03-04,organic,none,False
4864,1387,101,2025-10-16,promo,none,False
4865,1285,234,2025-06-20,referral,none,False
4866,804,239,2026-04-01,ads,none,False
4867,1627,277,2026-07-14,promo,none,False
4868,1420,1,2024-08-23,referral,none,False
4869,1192,72,2026-07-30,promo,none,False
4870,462,73,2026-03-27,referral,none,False
4871,880,270,2026-06-09,referral,none,False
4872,1819,219,2026-06-30,promo,none,False
4873,972,68,2024-08-07,referral,none,False
4874,452,48,2026-07-09,ads,none,False
4875,831,227,2026-03-08,organic,none,False
4876,463,35,2025-09-22,ads,none,False
4877,1836,69,2026-05-03,referral,none,False
4878,1857,135,2026-05-02,promo,none,False
4879,1963,16,2026-06-03,organic,none,False
4880,1711,219,2024-10-22,ads,none,False
4881,1138,246,2026-02-04,referral,none,False
4882,1657,131,2026-05-02,ads,none,False
4883,857,179,2025-10-05,promo,none,False
4884,1254,236,2026-05-27,ads,none,False
4885,1888,296,2025-04-09,ads,none,False
4886,1669,212,2026-04-03,referral,none,False
4887,401,211,2026-06-26,organic,none,False
4888,545,131,2026-05-18,ads,none,False
4889,1994,134,2024-09-11,ads,none,False
4890,1833,115,2025-05-11,ads,none,False
4891,1666,101,2026-06-28,organic,none,False
4892,750,107,2025-09-28,organic,none,False
4893,65,89,2026-06-28,ads,none,False
4894,635,18,2026-02-18,referral,none,False
4895,1004,218,2026-06-19,ads,none,False
4896,1170,136,2025-05-07,referral,none,False
4897,1785,259,2026-04-23,referral,none,False
4898,850,194,2024-09-30,referral,none,False
4899,1713,14,2026-03-09,ads,none,False
4900,589,191,2026-06-06,referral,none,False
4901,1742,156,2026-03-12,organic,none,False
4902,785,134,2026-05-14,promo,none,False
4903,1354,11,2026-06-15,referral,none,False
4904,1654,58,2024-06-07,organic,none,False
4905,1698,193,2025-10-22,ads,none,False
4906,497,12,2026-06-24,ads,none,False
4907,430,79,2026-04-24,promo,none,False
4908,1592,270,2025-02-22,referral,none,False
4909,1808,213,2024-07-06,ads,none,False
4910,1103,187,2026-04-13,referral,none,False
4911,508,256,2024-12-11,promo,none,False
4912,1696,77,2026-02-08,ads,none,False
4913,1909,232,2025-11-13,organic,none,False
4914,1221,263,2026-06-12,ads,none,False
4915,498,114,2024-07-31,referral,none,False
4916,1817,153,2025-12-30,organic,none,False
4917,744,82,2025-12-29,referral,none,False
4918,1558,52,2025-08-09,referral,none,False
4919,642,131,2026-07-20,referral,none,False
4920,1003,111,2026-06-21,organic,none,False
4921,1264,30,2026-06-19,promo,none,False
4922,1828,89,2026-01-11,ads,none,False
4923,1662,298,2026-04-05,organic,none,False
4924,1869,149,2025-09-06,referral,none,False
4925,934,291,2026-07-17,promo,none,False
4926,1844,205,2025-08-08,organic,none,False
4927,1335,10,2025-09-03,organic,none,False
4928,1636,154,2026-01-09,promo,none,False
4929,453,126,2026-07-01,ads,none,False
4930,1536,241,2026-06-16,promo,none,False
4931,683,168,2025-03-26,ads,none,False
4932,1891,277,2026-07-28,organic,none,False
4933,1203,242,2026-02-01,ads,none,False
4934,173,55,2026-02-09,ads,none,False
4935,1514,19,2025-10-31,referral,none,False
4936,1347,103,2026-02-21,organic,none,False
4937,345,39,2026-04-27,organic,none,False
4938,223,37,2026-06-04,promo,none,False
4939,673,283,2026-03-09,referral,none,False
4940,1818,259,2026-04-20,referral,none,False
4941,1468,173,2026-02-24,referral,none,False
4942,922,26,2025-06-21,organic,none,False
4943,1978,10,2026-03-01,promo,none,False
4944,1140,144,2026-05-19,organic,none,False
4945,1027,276,2026-03-21,promo,none,False
4946,282,245,2026-07-04,organic,none,False
4947,1037,193,2024-05-08,referral,none,False
4948,76,104,2026-03-12,ads,none,False
4949,857,191,2026-06-01,referral,none,False
4950,375,134,2026-05-31,promo,none,False
4951,1266,6,2026-01-28,ads,none,False
4952,323,16,2026-02-02,referral,none,False
4953,81,13,2025-11-20,organic,none,False
4954,1198,11,2024-07-22,referral,none,False
4955,762,82,2025-05-08,ads,none,False
4956,897,236,2024-11-24,promo,none,False
4957,1998,290,2025-05-19,organic,none,False
4958,1499,38,2026-06-27,promo,none,False
4959,576,170,2026-04-21,ads,none,False
4960,722,140,2026-05-08,referral,none,False
4961,429,266,2026-02-05,organic,none,False
4962,761,43,2026-07-26,organic,none,False
4963,1182,237,2025-02-19,organic,none,False
4964,73,81,2026-01-07,promo,none,False
4965,1882,154,2026-05-28,organic,none,False
4966,640,2,2025-12-09,referral,none,False
4967,222,284,2025-03-21,ads,none,False
4968,76,195,2026-06-13,ads,none,False
4969,491,218,2025-04-03,organic,none,False
4970,962,214,2025-09-08,referral,none,False
4971,1845,161,2025-10-18,promo,none,False
4972,1965,255,2026-04-07,organic,none,False
4973,491,237,2025-05-15,referral,none,False
4974,704,77,2026-05-06,ads,none,False
4975,1924,12,2025-07-24,referral,none,False
4976,1930,150,2025-03-30,organic,none,False
4977,798,46,2026-07-02,referral,none,False
4978,1322,26,2026-03-05,promo,none,False
4979,1040,195,2026-02-10,ads,none,False
4980,59,100,2026-02-16,referral,none,False
4981,1215,226,2026-04-13,ads,none,False
4982,1289,239,2025-11-11,ads,none,False
4983,621,166,2026-02-25,organic,none,False
4984,578,79,2025-02-08,ads,none,False
4985,1040,126,2025-01-09,organic,none,False
4986,625,104,2025-06-03,organic,none,False
4987,1443,71,2025-05-25,ads,none,False
4988,1359,112,2026-06-18,promo,none,False
4989,1852,47,2026-07-08,ads,none,False
4990,94,171,2025-01-10,organic,none,False
4991,799,279,2025-11-07,organic,none,False
4992,682,168,2025-05-10,organic,none,False
4993,1282,192,2026-07-11,promo,enrollment_before_registration,False
4994,1804,188,2026-05-26,ads,none,False
4995,1159,262,2025-09-02,referral,none,False
4996,960,136,2026-06-08,organic,none,False
4997,886,2,2026-06-08,organic,none,False
4998,990,290,2025-12-03,promo,none,False
4999,1223,62,2025-11-13,referral,none,False
5000,645,263,2025-11-22,referral,none,False
5001,1774,227,2024-01-29,referral,none,False
5002,71,143,2026-06-29,referral,none,False
5003,1641,19,2026-03-03,promo,enrollment_before_registration,False
5004,1965,264,2026-04-14,organic,none,False
5005,508,182,2024-11-25,ads,none,False
5006,342,232,2025-12-12,ads,none,False
5007,1207,93,2026-06-07,referral,none,False
5008,1615,123,2024-08-21,referral,none,False
5009,1665,282,2026-05-25,ads,none,False
5010,320,273,2025-12-28,ads,none,False
5011,1935,192,2025-08-27,referral,none,False
5012,1243,289,2025-02-10,promo,none,False
5013,1297,135,2024-09-28,referral,none,False
5014,414,260,2025-09-26,organic,none,False
5015,972,260,2025-03-22,ads,none,False
5016,1238,282,2026-05-26,promo,none,False
5017,1506,241,2026-06-11,promo,none,False
5018,1439,49,2026-06-02,organic,none,False
5019,1768,11,2026-06-30,referral,none,False
5020,1067,106,2026-07-22,referral,none,False
5021,1675,138,2026-07-08,ads,none,False
5022,62,6,2026-01-25,ads,none,False
5023,1232,206,2026-06-08,promo,none,False
5024,771,160,2026-02-25,referral,none,False
5025,1054,5,2025-04-30,ads,none,False
5026,462,50,2026-04-16,promo,none,False
5027,1076,280,2026-05-26,promo,none,False
5028,1837,179,2026-01-21,promo,none,False
5029,1797,246,2025-08-30,organic,none,False
5030,363,226,2025-03-30,organic,none,False
5031,1821,128,2025-11-26,referral,none,False
5032,140,94,2026-07-17,promo,none,False
5033,1802,168,2025-06-02,promo,none,False
5034,206,294,2026-07-30,referral,none,False
5035,1413,159,2026-07-21,ads,none,False
5036,986,23,2026-01-25,organic,none,False
5037,472,270,2025-01-08,referral,none,False
5038,781,3,2025-09-22,ads,none,False
5039,594,210,2025-10-17,referral,none,False
5040,1872,245,2026-07-16,ads,none,False
5041,708,227,2026-06-29,ads,none,False
5042,1887,121,2026-04-30,referral,none,False
5043,423,211,2025-11-06,referral,none,False
5044,1559,126,2024-10-02,referral,none,False
5045,1153,182,2025-09-23,referral,none,False
5046,887,45,2025-12-24,promo,none,False
5047,331,164,2026-03-05,ads,none,False
5048,1229,140,2026-07-26,referral,none,False
5049,609,55,2026-07-11,promo,none,False
5050,44,265,2026-05-29,organic,none,False
5051,276,82,2026-01-29,promo,enrollment_before_registration,False
5052,765,109,2026-01-11,promo,enrollment_before_registration,False
5053,1244,81,2025-04-25,referral,none,False
5054,921,41,2025-07-25,organic,none,False
5055,341,270,2025-09-20,ads,none,False
5056,463,41,2024-03-25,organic,none,False
5057,1715,221,2025-12-12,promo,none,False
5058,1878,52,2025-10-23,referral,none,False
5059,67,92,2025-07-10,referral,none,False
5060,793,122,2025-09-24,referral,none,False
5061,470,197,2024-11-27,promo,none,False
5062,1916,286,2026-06-20,organic,none,False
5063,1610,143,2026-07-04,promo,none,False
5064,1840,93,2025-10-21,organic,none,False
5065,1449,272,2024-03-18,organic,none,False
5066,1133,93,2026-06-17,promo,none,False
5067,55,104,2026-03-22,ads,none,False
5068,1762,91,2026-07-18,promo,none,False
5069,1867,297,2026-06-17,promo,none,False
5070,131,234,2026-07-14,organic,none,False
5071,1433,114,2026-02-16,organic,none,False
5072,800,9,2025-11-02,ads,none,False
5073,1981,54,2026-06-30,promo,none,False
5074,1074,188,2025-10-21,promo,none,False
5075,868,133,2026-07-04,ads,none,False
5076,1494,103,2025-10-27,ads,none,False
5077,407,206,2025-08-28,promo,none,False
5078,1598,137,2026-02-18,ads,none,False
5079,1244,299,2026-05-03,referral,none,False
5080,1287,284,2026-07-10,promo,none,False
5081,1239,260,2025-04-06,referral,none,False
5082,1665,243,2025-08-27,referral,none,False
5083,1837,156,2026-04-21,referral,none,False
5084,1001,211,2025-12-28,referral,none,False
5085,545,181,2025-12-29,promo,none,False
5086,1898,171,2026-06-09,promo,none,False
5087,418,63,2025-09-15,referral,none,False
5088,584,268,2026-03-04,promo,none,False
5089,1030,128,2025-11-16,referral,none,False
5090,326,71,2025-09-10,promo,none,False
5091,360,190,2026-03-17,referral,none,False
5092,979,140,2026-07-12,organic,none,False
5093,1659,291,2026-04-04,ads,none,False
5094,593,68,2026-05-01,organic,none,False
5095,106,287,2026-02-27,referral,none,False
5096,212,250,2025-11-08,ads,none,False
5097,37,177,2025-09-06,referral,none,False
5098,1994,296,2025-07-14,organic,none,False
5099,815,137,2026-03-29,ads,none,False
5100,236,300,2026-03-19,organic,none,False
5101,1689,9,2025-10-11,organic,none,False
5102,657,9,2026-07-28,referral,none,False
5103,1559,111,2025-04-29,organic,none,False
5104,1372,178,2026-05-16,organic,none,False
5105,1190,188,2026-05-11,referral,none,False
5106,1215,62,2025-12-17,referral,none,False
5107,1298,210,2025-03-09,organic,none,False
5108,1103,261,2026-07-24,referral,none,False
5109,1806,172,2026-07-05,ads,none,False
5110,730,239,2026-06-28,ads,none,False
5111,1173,155,2025-06-24,referral,none,False
5112,1346,242,2026-02-07,referral,none,False
5113,905,122,2026-04-24,ads,none,False
5114,641,107,2024-04-17,promo,none,False
5115,29,125,2026-06-17,referral,enrollment_before_publish,False
5116,1198,254,2026-01-17,promo,none,False
5117,432,240,2025-10-27,referral,none,False
5118,367,294,2026-06-08,promo,none,False
5119,16,233,2026-05-28,referral,none,False
5120,925,157,2026-04-13,ads,none,False
5121,1399,214,2025-08-04,referral,none,False
5122,1535,4,2025-11-16,organic,none,False
5123,511,43,2026-01-25,ads,enrollment_before_registration,False
5124,1540,164,2024-10-08,organic,none,False
5125,1093,173,2026-06-11,referral,none,False
5126,1183,122,2026-04-15,referral,enrollment_before_registration,False
5127,1430,97,2024-12-09,ads,none,False
5128,455,248,2026-01-09,promo,none,False
5129,1821,234,2026-01-19,referral,none,False
5130,784,209,2025-09-09,referral,none,False
5131,381,76,2025-10-24,promo,none,False
5132,596,117,2026-02-10,organic,none,False
5133,1926,17,2026-02-04,referral,none,False
5134,1245,20,2026-06-16,promo,none,False
5135,1896,194,2025-02-01,ads,none,False
5136,1830,283,2025-08-08,organic,none,False
5137,868,65,2026-04-03,promo,none,False
5138,1989,297,2026-07-02,promo,none,False
5139,1759,256,2024-11-02,organic,none,False
5140,1582,297,2026-06-17,promo,none,False
5141,362,5,2025-09-10,ads,none,False
5142,1253,291,2026-07-12,organic,none,False
5143,110,44,2026-04-12,organic,none,False
5144,1466,36,2025-11-15,promo,none,False
5145,1162,2,2025-03-03,promo,none,False
5146,341,140,2025-12-02,promo,none,False
5147,1950,76,2026-01-20,ads,none,False
5148,1080,261,2026-05-04,organic,none,False
5149,1811,166,2025-05-31,ads,none,False
5150,674,280,2025-10-17,promo,none,False
5151,625,75,2026-02-12,organic,none,False
5152,262,26,2026-05-31,referral,none,False
5153,1745,6,2026-02-20,promo,none,False
5154,577,205,2024-08-13,ads,none,False
5155,1029,195,2026-07-15,ads,none,False
5156,1527,14,2026-05-20,promo,none,False
5157,149,170,2026-07-07,organic,none,False
5158,761,139,2026-01-14,referral,none,False
5159,1948,205,2026-07-28,ads,none,False
5160,628,3,2026-04-05,promo,none,False
5161,1405,83,2026-07-12,referral,none,False
5162,880,284,2026-07-16,organic,none,False
5163,1895,1,2024-05-06,referral,none,False
5164,459,31,2026-07-24,promo,none,False
5165,830,195,2026-02-28,organic,none,False
5166,561,171,2025-10-07,ads,none,False
5167,1194,218,2026-04-28,referral,none,False
5168,1523,107,2025-05-15,ads,none,False
5169,1683,65,2026-05-20,referral,none,False
5170,1013,39,2026-03-07,promo,none,False
5171,24,299,2026-07-09,referral,none,False
5172,1072,288,2025-05-24,promo,none,False
5173,358,262,2025-09-03,ads,none,False
5174,629,251,2026-01-22,organic,none,False
5175,347,160,2025-10-19,organic,none,False
5176,686,143,2026-02-14,organic,none,False
5177,1319,90,2026-07-28,referral,none,False
5178,1900,102,2024-03-08,ads,none,False
5179,300,47,2026-06-11,ads,enrollment_before_registration,False
5180,38,195,2026-07-15,promo,none,False
5181,1041,95,2025-09-16,referral,none,False
5182,1199,263,2026-04-11,referral,none,False
5183,976,52,2026-06-11,ads,none,False
5184,1278,282,2026-04-19,ads,none,False
5185,707,235,2026-06-14,organic,none,False
5186,233,29,2026-07-22,ads,none,False
5187,1115,26,2025-10-19,ads,none,False
5188,1128,140,2025-09-15,ads,none,False
5189,768,156,2025-04-16,promo,none,False
5190,1717,257,2026-05-04,ads,none,False
5191,1398,272,2026-04-17,organic,none,False
5192,1211,15,2025-12-10,referral,none,False
5193,1811,186,2026-05-10,promo,none,False
5194,788,253,2025-11-23,promo,none,False
5195,1046,174,2026-02-18,ads,none,False
5196,1175,79,2025-03-14,promo,none,False
5197,1366,266,2026-05-01,referral,none,False
5198,390,179,2026-05-28,ads,none,False
5199,1639,246,2026-06-17,ads,none,False
5200,1316,226,2025-01-06,referral,none,False
5201,733,94,2026-07-25,referral,none,False
5202,177,207,2026-01-15,organic,none,False
5203,241,234,2025-12-12,organic,none,False
5204,1059,195,2025-12-21,organic,none,False
5205,1703,161,2026-05-17,organic,none,False
5206,926,175,2026-03-02,organic,none,False
5207,1886,203,2026-07-06,referral,none,False
5208,721,109,2025-01-22,ads,none,False
5209,440,164,2025-10-20,promo,none,False
5210,1959,285,2026-01-17,organic,none,False
5211,1542,58,2026-04-17,promo,none,False
5212,748,271,2026-03-21,referral,none,False
5213,1230,274,2024-07-04,promo,none,False
5214,1987,204,2026-05-09,organic,none,False
5215,514,287,2026-02-26,organic,none,False
5216,1275,44,2025-11-26,ads,none,False
5217,649,84,2025-08-15,referral,none,False
5218,299,188,2024-09-12,referral,none,False
5219,281,273,2024-12-27,promo,none,False
5220,830,282,2026-05-19,referral,none,False
5221,18,110,2026-07-29,ads,none,False
5222,702,87,2025-03-04,referral,none,False
5223,373,91,2026-02-22,referral,none,False
5224,1301,202,2026-05-01,ads,none,False
5225,508,138,2024-08-23,referral,none,False
5226,376,276,2026-02-14,ads,none,False
5227,122,130,2025-12-26,promo,none,False
5228,1601,228,2025-08-10,referral,none,False
5229,850,228,2026-06-24,ads,none,False
5230,1807,100,2025-10-19,referral,none,False
5231,853,273,2024-11-18,referral,none,False
5232,642,242,2024-10-09,promo,none,False
5233,822,268,2026-07-22,organic,none,False
5234,998,195,2026-07-12,organic,none,False
5235,660,127,2026-06-08,promo,none,False
5236,358,93,2026-01-03,promo,none,False
5237,1253,282,2026-06-06,organic,none,False
5238,16,276,2026-02-26,ads,none,False
5239,431,260,2026-03-14,ads,none,False
5240,285,184,2026-02-19,organic,none,False
5241,510,220,2026-01-30,promo,none,False
5242,641,241,2025-07-30,referral,none,False
5243,1178,20,2026-07-23,promo,none,False
5244,1879,300,2026-03-01,ads,none,False
5245,707,84,2026-06-07,organic,none,False
5246,990,90,2026-07-28,ads,none,False
5247,1656,98,2023-11-19,organic,none,False
5248,1963,268,2026-04-23,referral,none,False
5249,1798,24,2026-07-14,referral,none,False
5250,1705,294,2026-05-01,referral,none,False
5251,1119,182,2026-01-30,referral,none,False
5252,674,12,2025-09-07,organic,none,False
5253,1776,126,2024-08-28,referral,none,False
5254,354,129,2026-02-18,promo,none,False
5255,1412,290,2026-07-15,ads,none,False
5256,1743,290,2025-01-23,ads,none,False
5257,510,98,2026-01-08,promo,none,False
5258,1354,76,2026-06-02,ads,none,False
5259,1203,284,2025-08-23,organic,none,False
5260,600,1,2025-04-07,organic,none,False
5261,178,265,2025-05-29,promo,none,False
5262,1788,72,2026-04-01,promo,none,False
5263,1488,30,2026-05-13,organic,none,False
5264,244,208,2026-05-20,promo,none,False
5265,1280,83,2026-03-22,referral,none,False
5266,814,55,2026-07-02,ads,none,False
5267,39,90,2026-05-21,organic,none,False
5268,1871,105,2026-02-20,organic,none,False
5269,1612,253,2026-05-05,promo,none,False
5270,428,234,2026-03-13,ads,none,False
5271,1064,87,2026-03-04,organic,none,False
5272,1493,76,2026-05-06,referral,none,False
5273,1784,44,2026-07-06,referral,none,False
5274,245,68,2025-05-03,organic,none,False
5275,1247,288,2025-12-06,organic,none,False
5276,275,146,2026-06-19,promo,none,False
5277,1838,190,2024-03-16,organic,none,False
5278,99,230,2025-07-31,ads,none,False
5279,1889,176,2025-10-08,ads,none,False
5280,165,219,2026-04-02,organic,none,False
5281,1561,268,2024-08-16,referral,none,False
5282,506,254,2026-02-06,referral,none,False
5283,246,27,2026-06-16,promo,none,False
5284,1532,151,2026-05-14,ads,none,False
5285,1058,22,2025-01-13,ads,none,False
5286,1867,197,2024-06-01,promo,none,False
5287,1852,211,2026-03-28,promo,none,False
5288,1866,62,2026-01-06,referral,none,False
5289,1972,55,2026-06-23,organic,none,False
5290,596,212,2026-03-05,referral,none,False
5291,622,210,2025-10-15,organic,none,False
5292,1918,230,2026-06-28,ads,none,False
5293,1961,297,2025-10-03,organic,none,False
5294,86,268,2026-05-12,referral,none,False
5295,645,201,2025-10-22,promo,none,False
5296,589,145,2026-05-25,promo,none,False
5297,120,137,2026-06-26,ads,none,False
5298,1527,69,2026-06-29,organic,none,False
5299,331,178,2026-05-17,organic,none,False
5300,683,111,2025-08-10,organic,none,False
5301,1249,242,2026-05-24,promo,none,False
5302,1992,259,2026-03-23,organic,none,False
5303,1815,219,2026-04-30,organic,none,False
5304,1054,195,2026-07-18,promo,none,False
5305,1835,124,2025-11-17,promo,none,False
5306,1968,93,2026-01-04,ads,none,False
5307,1003,171,2023-11-01,referral,none,False
5308,1566,112,2025-05-13,promo,none,False
5309,147,150,2025-12-17,referral,none,False
5310,1928,261,2025-09-09,referral,none,False
5311,565,68,2026-01-12,organic,none,False
5312,246,238,2026-02-17,promo,none,False
5313,781,25,2025-01-03,ads,none,False
5314,1239,18,2026-07-07,organic,none,False
5315,396,200,2026-06-21,organic,none,False
5316,1505,106,2025-09-10,referral,none,False
5317,469,125,2026-05-30,organic,enrollment_before_publish,False
5318,390,36,2026-04-22,organic,none,False
5319,1320,265,2025-02-25,organic,none,False
5320,1411,214,2026-02-19,referral,enrollment_before_registration,False
5321,1938,28,2026-03-23,referral,none,False
5322,1592,230,2025-09-13,organic,none,False
5323,450,13,2025-09-27,promo,none,False
5324,565,215,2025-12-04,referral,none,False
5325,972,221,2026-07-25,promo,none,False
5326,483,241,2024-12-21,ads,none,False
5327,1995,260,2026-07-11,promo,none,False
5328,1154,235,2026-06-30,ads,none,False
5329,1927,130,2026-07-05,organic,none,False
5330,426,97,2026-03-17,referral,none,False
5331,1102,22,2026-07-14,ads,none,False
5332,1170,142,2025-08-29,promo,none,False
5333,261,254,2024-05-28,ads,none,False
5334,264,74,2026-02-14,ads,none,False
5335,1760,66,2025-12-21,promo,none,False
5336,502,64,2025-12-21,ads,none,False
5337,1097,181,2026-07-24,organic,none,False
5338,1755,186,2026-04-24,promo,none,False
5339,1254,33,2025-07-26,referral,none,False
5340,920,66,2026-03-14,ads,none,False
5341,1059,212,2025-10-17,promo,none,False
5342,115,299,2026-04-22,promo,none,False
5343,1752,73,2026-03-07,referral,none,False
5344,1953,33,2026-05-30,promo,none,False
5345,892,97,2026-03-04,organic,none,False
5346,972,224,2025-06-28,organic,none,False
5347,585,93,2026-07-16,referral,none,False
5348,242,237,2026-03-25,referral,none,False
5349,1995,261,2026-03-31,ads,none,False
5350,1153,10,2024-12-13,organic,none,False
5351,307,57,2026-06-09,referral,none,False
5352,1798,269,2025-09-22,referral,none,False
5353,407,183,2025-03-07,ads,none,False
5354,1115,7,2025-03-08,promo,none,False
5355,225,265,2025-08-06,organic,none,False
5356,862,281,2026-05-15,referral,none,False
5357,311,188,2025-09-13,ads,none,False
5358,1391,284,2025-06-09,ads,none,False
5359,618,153,2025-07-31,promo,none,False
5360,949,24,2025-02-15,ads,none,False
5361,17,119,2026-01-13,promo,none,False
5362,519,33,2026-01-07,referral,none,False
5363,526,118,2026-03-17,referral,none,False
5364,1287,255,2026-04-30,organic,none,False
5365,493,29,2025-02-16,organic,none,False
5366,1942,85,2025-07-20,ads,none,False
5367,858,173,2026-02-07,referral,none,False
5368,805,65,2026-07-29,promo,none,False
5369,290,191,2024-09-21,ads,none,False
5370,1577,141,2024-12-01,organic,none,False
5371,1048,223,2026-02-02,promo,none,False
5372,408,240,2025-12-03,promo,none,False
5373,319,11,2025-02-11,ads,none,False
5374,1589,248,2025-06-05,ads,none,False
5375,1681,44,2025-12-16,promo,none,False
5376,1097,161,2026-05-28,ads,none,False
5377,711,194,2026-02-13,organic,none,False
5378,1328,105,2026-05-06,promo,none,False
5379,1607,105,2026-07-07,ads,none,False
5380,1695,78,2023-10-13,ads,none,False
5381,1317,277,2026-07-10,ads,none,False
5382,1784,204,2026-07-19,organic,none,False
5383,886,24,2026-06-20,referral,none,False
5384,1245,287,2026-07-09,promo,none,False
5385,815,179,2026-07-14,referral,none,False
5386,50,241,2024-06-15,promo,none,False
5387,1406,35,2026-03-05,organic,none,False
5388,819,64,2025-11-13,ads,none,False
5389,992,65,2026-01-17,referral,none,False
5390,1713,15,2026-06-09,referral,none,False
5391,72,178,2026-06-27,organic,none,False
5392,1364,50,2026-02-23,ads,none,False
5393,152,165,2025-08-11,organic,none,False
5394,511,139,2026-03-30,organic,enrollment_before_registration,False
5395,1148,194,2026-07-06,organic,none,False
5396,1580,101,2026-07-10,ads,none,False
5397,1641,9,2026-07-30,referral,none,False
5398,445,69,2026-02-21,promo,none,False
5399,1868,283,2026-03-19,referral,none,False
5400,824,216,2024-06-23,referral,none,False
5401,1740,204,2026-06-30,ads,none,False
5402,1508,94,2026-01-18,referral,none,False
5403,1636,157,2026-05-23,organic,none,False
5404,182,186,2026-02-27,referral,none,False
5405,1863,197,2026-07-27,organic,none,False
5406,1966,186,2026-04-15,organic,none,False
5407,1567,189,2026-03-31,promo,none,False
5408,1325,101,2025-12-14,organic,none,False
5409,1696,261,2025-09-06,promo,none,False
5410,585,59,2024-01-18,ads,none,False
5411,720,94,2026-03-08,promo,none,False
5412,1139,238,2025-11-06,organic,none,False
5413,1586,82,2026-02-12,referral,none,False
5414,932,55,2026-03-15,promo,none,False
5415,1592,110,2025-09-04,ads,none,False
5416,1340,272,2025-10-17,ads,none,False
5417,1561,139,2025-09-27,promo,none,False
5418,1943,234,2026-05-19,ads,none,False
5419,1665,106,2024-12-17,promo,none,False
5420,8,138,2025-04-16,organic,none,False
5421,504,80,2026-04-22,referral,none,False
5422,1216,76,2025-07-09,referral,none,False
5423,1512,131,2026-04-21,referral,none,False
5424,1250,247,2026-02-11,ads,none,False
5425,547,141,2026-07-13,organic,none,False
5426,1258,185,2026-07-07,promo,none,False
5427,1690,26,2025-03-08,referral,none,False
5428,118,284,2026-07-14,promo,none,False
5429,801,43,2025-10-05,organic,none,False
5430,1691,282,2026-01-02,ads,enrollment_before_registration;enrollment_before_publish,False
5431,620,139,2026-01-03,organic,none,False
5432,199,280,2025-03-01,ads,none,False
5433,541,129,2026-05-18,ads,none,False
5434,1713,117,2026-02-28,ads,none,False
5435,978,77,2025-12-13,referral,none,False
5436,1320,142,2026-07-24,organic,none,False
5437,395,140,2025-08-24,promo,none,False
5438,1802,244,2026-01-25,promo,none,False
5439,419,155,2026-03-16,referral,none,False
5440,404,77,2025-09-03,ads,none,False
5441,68,163,2025-10-10,referral,none,False
5442,1548,208,2026-03-06,referral,none,False
5443,309,142,2026-01-06,referral,none,False
5444,1043,214,2026-02-19,organic,none,False
5445,652,55,2026-06-20,promo,none,False
5446,1775,175,2025-12-01,referral,none,False
5447,248,294,2025-10-22,ads,none,False
5448,653,271,2026-02-06,promo,none,False
5449,250,56,2026-02-21,ads,none,False
5450,1832,244,2025-07-04,organic,none,False
5451,530,166,2024-04-27,ads,none,False
5452,666,252,2025-12-19,referral,none,False
5453,1732,264,2025-07-11,promo,none,False
5454,38,164,2026-04-12,organic,none,False
5455,1836,6,2025-07-07,ads,none,False
5456,1824,280,2026-06-06,organic,none,False
5457,991,90,2026-06-06,organic,none,False
5458,1860,8,2026-04-13,referral,none,False
5459,218,176,2026-07-22,organic,none,False
5460,634,122,2026-04-19,promo,none,False
5461,446,272,2026-03-03,referral,none,False
5462,965,132,2026-06-20,promo,none,False
5463,948,148,2025-07-28,organic,none,False
5464,999,268,2025-10-05,ads,none,False
5465,1220,265,2026-04-06,promo,none,False
5466,755,215,2026-07-25,ads,none,False
5467,748,147,2025-09-08,ads,none,False
5468,348,94,2025-05-05,referral,none,False
5469,708,111,2024-08-17,promo,none,False
5470,1907,23,2026-07-12,promo,none,False
5471,258,161,2026-07-07,promo,none,False
5472,674,205,2025-08-05,ads,none,False
5473,106,77,2024-12-21,referral,none,False
5474,557,51,2025-10-15,ads,none,False
5475,1820,103,2025-11-27,ads,none,False
5476,290,243,2024-11-29,organic,none,False
5477,1271,219,2026-05-09,referral,none,False
5478,1958,55,2026-06-03,organic,none,False
5479,708,130,2026-04-14,promo,none,False
5480,401,69,2025-10-26,organic,none,False
5481,298,218,2025-10-04,organic,none,False
5482,724,222,2024-10-29,organic,none,False
5483,1651,232,2026-01-30,referral,none,False
5484,1316,182,2026-05-21,promo,none,False
5485,1441,64,2026-06-28,ads,none,False
5486,230,23,2026-06-03,organic,none,False
5487,1335,262,2025-08-29,promo,none,False
5488,898,214,2025-03-04,promo,none,False
5489,1437,174,2026-07-12,ads,none,False
5490,1898,203,2025-11-24,promo,none,False
5491,1519,171,2026-02-07,referral,none,False
5492,323,218,2025-10-15,referral,none,False
5493,975,166,2025-04-16,promo,none,False
5494,586,283,2025-12-20,organic,none,False
5495,55,161,2026-03-09,referral,none,False
5496,593,226,2025-03-05,organic,none,False
5497,1974,253,2024-07-09,promo,none,False
5498,1496,213,2026-07-28,promo,none,False
5499,862,35,2026-05-29,organic,none,False
5500,1412,146,2026-07-16,organic,none,False
5501,1385,103,2026-06-30,referral,none,False
5502,1052,258,2025-05-19,ads,none,False
5503,738,204,2026-06-01,ads,none,False
5504,131,150,2026-02-05,promo,none,False
5505,1899,144,2024-08-18,organic,none,False
5506,803,229,2026-04-27,referral,none,False
5507,34,152,2025-10-02,referral,none,False
5508,1683,268,2026-04-01,organic,none,False
5509,1197,183,2026-06-23,ads,none,False
5510,1763,223,2025-10-22,referral,none,False
5511,1501,238,2025-12-29,organic,none,False
5512,1791,28,2026-04-29,promo,none,False
5513,712,273,2025-04-05,promo,none,False
5514,1452,215,2025-12-10,referral,none,False
5515,190,4,2026-01-23,referral,none,False
5516,1500,260,2025-08-21,promo,none,False
5517,170,43,2025-04-26,organic,none,False
5518,745,47,2024-12-03,organic,none,False
5519,404,136,2025-12-27,ads,none,False
5520,1005,126,2025-09-26,referral,none,False
5521,369,244,2026-03-07,organic,none,False
5522,1298,291,2025-01-22,promo,none,False
5523,682,123,2025-10-29,promo,none,False
5524,104,200,2026-01-30,referral,none,False
5525,1054,202,2025-09-25,ads,none,False
5526,1024,76,2025-12-18,organic,none,False
5527,1356,218,2025-05-19,ads,none,False
5528,1258,141,2026-01-14,promo,enrollment_before_registration,False
5529,1597,78,2024-01-04,ads,none,False
5530,276,237,2026-02-23,referral,enrollment_before_registration,False
5531,370,249,2026-02-02,ads,none,False
5532,300,115,2026-02-21,promo,enrollment_before_registration,False
5533,1543,215,2025-09-18,promo,none,False
5534,677,83,2026-05-31,promo,none,False
5535,1469,119,2025-10-22,referral,none,False
5536,1580,102,2026-07-01,organic,none,False
5537,1060,238,2026-07-24,ads,none,False
5538,1053,40,2025-10-28,referral,none,False
5539,296,44,2026-01-13,promo,none,False
5540,1302,118,2025-10-31,promo,none,False
5541,760,201,2026-06-22,referral,none,False
5542,1082,60,2026-02-13,organic,none,False
5543,1513,61,2026-07-26,referral,none,False
5544,1238,18,2026-05-11,promo,none,False
5545,1672,244,2025-01-04,promo,none,False
5546,1268,279,2026-03-18,ads,none,False
5547,667,202,2024-02-02,organic,none,False
5548,90,112,2026-07-14,organic,none,False
5549,806,292,2023-12-31,organic,none,False
5550,1344,241,2025-10-20,organic,none,False
5551,276,236,2026-04-21,promo,enrollment_before_registration,False
5552,1993,7,2026-02-24,referral,none,False
5553,1633,205,2025-01-27,ads,none,False
5554,1406,70,2026-07-09,ads,none,False
5555,1212,276,2026-07-16,organic,none,False
5556,503,273,2026-06-01,ads,none,False
5557,891,110,2025-10-14,promo,none,False
5558,479,164,2024-09-30,organic,none,False
5559,666,134,2024-12-27,ads,none,False
5560,1955,202,2026-07-17,organic,none,False
5561,815,204,2026-06-15,promo,none,False
5562,205,149,2025-12-04,ads,none,False
5563,1481,122,2025-01-22,ads,none,False
5564,734,35,2026-03-02,promo,none,False
5565,1708,23,2026-02-25,organic,enrollment_before_registration,False
5566,1587,202,2025-12-22,promo,none,False
5567,280,300,2025-09-28,organic,none,False
5568,1475,282,2026-06-14,organic,none,False
5569,1808,31,2025-03-01,referral,none,False
5570,740,190,2026-03-04,promo,none,False
5571,1482,193,2025-02-07,ads,none,False
5572,8,181,2025-06-26,ads,none,False
5573,1127,53,2026-06-21,promo,none,False
5574,1677,268,2026-06-22,organic,none,False
5575,205,119,2026-02-26,referral,none,False
5576,907,294,2025-12-07,promo,none,False
5577,258,258,2026-02-13,ads,none,False
5578,1877,66,2025-06-17,organic,none,False
5579,996,154,2024-05-03,organic,none,False
5580,1808,35,2024-05-28,referral,none,False
5581,381,9,2026-04-07,ads,none,False
5582,1763,16,2026-03-28,ads,none,False
5583,591,64,2025-02-03,referral,none,False
5584,721,240,2025-11-15,organic,none,False
5585,982,98,2026-03-08,organic,none,False
5586,1227,119,2026-02-21,organic,enrollment_before_registration,False
5587,1433,223,2025-07-28,ads,none,False
5588,354,5,2026-06-12,promo,none,False
5589,1902,106,2025-12-29,promo,none,False
5590,379,28,2026-05-26,referral,none,False
5591,876,118,2026-04-21,organic,none,False
5592,382,259,2026-06-01,organic,none,False
5593,1190,160,2025-02-25,ads,none,False
5594,932,202,2025-07-24,promo,none,False
5595,226,232,2026-03-13,ads,none,False
5596,1620,160,2025-05-30,organic,none,False
5597,1243,285,2025-03-24,promo,none,False
5598,1060,239,2026-07-03,organic,none,False
5599,841,164,2026-07-12,ads,none,False
5600,1392,25,2025-07-22,promo,none,False
5601,64,182,2026-04-12,promo,none,False
5602,233,263,2026-07-04,organic,none,False
5603,826,7,2026-06-09,organic,none,False
5604,916,276,2026-07-07,promo,none,False
5605,1426,134,2025-04-11,ads,none,False
5606,291,97,2025-09-14,organic,none,False
5607,729,200,2026-05-10,ads,none,False
5608,1410,231,2024-08-29,organic,none,False
5609,987,72,2025-07-07,ads,none,False
5610,433,207,2026-03-06,ads,none,False
5611,416,185,2024-11-24,promo,none,False
5612,767,4,2026-06-24,promo,none,False
5613,1593,55,2026-03-05,organic,none,False
5614,1469,19,2025-11-08,organic,none,False
5615,1882,98,2026-05-20,referral,none,False
5616,1798,149,2026-03-07,referral,none,False
5617,1092,299,2026-02-22,referral,none,False
5618,1163,170,2025-12-27,ads,none,False
5619,1321,157,2024-12-23,organic,none,False
5620,347,171,2025-08-18,ads,none,False
5621,217,65,2026-04-27,organic,none,False
5622,737,32,2026-07-28,promo,none,False
5623,1566,107,2024-05-02,organic,none,False
5624,98,265,2025-11-22,ads,none,False
5625,327,231,2025-03-09,organic,none,False
5626,1230,171,2026-01-20,ads,none,False
5627,1337,96,2025-08-03,referral,none,False
5628,622,178,2026-06-05,referral,none,False
5629,1819,256,2026-04-29,promo,none,False
5630,175,79,2025-12-10,ads,none,False
5631,857,62,2026-01-19,organic,none,False
5632,1869,165,2026-02-25,promo,none,False
5633,129,79,2025-06-18,promo,none,False
5634,1252,23,2026-07-25,referral,none,False
5635,1076,91,2025-12-12,referral,none,False
5636,868,299,2026-04-13,promo,none,False
5637,972,94,2025-06-27,promo,none,False
5638,432,88,2025-11-14,organic,none,False
5639,96,263,2025-08-08,ads,none,False
5640,705,151,2026-07-17,organic,none,False
5641,397,30,2025-10-25,promo,none,False
5642,1745,276,2026-01-12,referral,none,False
5643,1686,112,2025-05-06,promo,none,False
5644,5,155,2026-06-21,promo,none,False
5645,1645,248,2025-12-23,referral,none,False
5646,1021,190,2026-03-30,organic,none,False
5647,1803,237,2026-01-12,promo,none,False
5648,1122,73,2026-05-21,organic,none,False
5649,1115,159,2026-01-18,referral,none,False
5650,982,132,2026-07-20,referral,none,False
5651,62,82,2025-12-18,ads,none,False
5652,261,180,2025-10-02,ads,none,False
5653,365,290,2026-07-05,promo,none,False
5654,916,223,2026-04-26,ads,none,False
5655,563,210,2026-07-29,organic,none,False
5656,131,292,2025-11-23,promo,none,False
5657,650,107,2024-09-30,promo,none,False
5658,1659,25,2026-02-20,ads,none,False
5659,1175,58,2025-10-14,referral,none,False
5660,1058,252,2025-12-04,referral,none,False
5661,1894,291,2026-03-18,organic,none,False
5662,497,212,2026-07-02,promo,none,False
5663,1324,263,2026-05-11,promo,none,False
5664,1200,275,2025-07-31,ads,none,False
5665,1144,80,2026-03-24,ads,none,False
5666,25,293,2026-06-11,organic,none,False
5667,1819,249,2026-05-22,ads,none,False
5668,1822,14,2026-03-04,referral,none,False
5669,405,7,2026-05-26,organic,none,False
5670,1777,182,2024-07-19,promo,none,False
5671,1083,22,2026-01-12,referral,none,False
5672,1324,115,2026-07-19,referral,none,False
5673,524,77,2026-04-09,referral,none,False
5674,1843,146,2026-05-15,referral,none,False
5675,995,192,2026-05-01,organic,none,False
5676,1133,135,2025-06-23,ads,none,False
5677,1888,18,2025-12-31,organic,none,False
5678,1424,225,2025-07-10,promo,none,False
5679,1533,72,2025-10-14,organic,none,False
5680,1125,156,2025-02-03,organic,none,False
5681,1699,4,2026-06-16,organic,none,False
5682,1287,254,2026-03-25,referral,none,False
5683,69,93,2025-10-05,organic,none,False
5684,1789,27,2024-09-10,promo,none,False
5685,1192,139,2026-05-25,ads,none,False
5686,713,241,2026-05-14,ads,none,False
5687,1073,200,2026-06-25,referral,none,False
5688,814,92,2026-03-12,ads,none,False
5689,1381,47,2026-07-10,referral,none,False
5690,1288,285,2025-08-03,ads,none,False
5691,609,67,2025-08-18,ads,none,False
5692,1753,114,2026-06-28,ads,none,False
5693,28,71,2025-11-23,promo,none,False
5694,695,278,2025-11-24,promo,none,False
5695,554,81,2026-06-19,ads,none,False
5696,1361,61,2026-02-26,ads,none,False
5697,968,212,2026-05-14,organic,none,False
5698,819,295,2026-01-31,organic,none,False
5699,733,169,2026-03-13,referral,none,False
5700,927,171,2024-12-02,referral,none,False
5701,1677,240,2026-04-25,ads,none,False
5702,1267,126,2026-07-01,referral,none,False
5703,1396,99,2026-06-06,organic,none,False
5704,1856,261,2025-09-03,promo,none,False
5705,562,94,2025-06-25,ads,none,False
5706,1333,177,2026-06-30,organic,none,False
5707,1508,5,2025-08-20,organic,none,False
5708,1170,8,2026-04-20,organic,none,False
5709,1646,4,2026-02-26,ads,none,False
5710,268,25,2026-07-02,referral,none,False
5711,1065,72,2026-07-11,promo,none,False
5712,1813,161,2026-04-05,organic,none,False
5713,1594,296,2026-03-11,ads,none,False
5714,1232,95,2025-06-21,referral,none,False
5715,836,195,2026-07-20,organic,none,False
5716,146,210,2025-07-01,organic,none,False
5717,193,290,2025-04-19,ads,none,False
5718,269,201,2025-07-29,promo,none,False
5719,703,67,2026-06-25,ads,none,False
5720,1288,51,2025-09-18,promo,none,False
5721,888,235,2026-07-05,promo,none,False
5722,1546,61,2026-04-30,referral,none,False
5723,1438,213,2026-01-08,promo,none,False
5724,1646,136,2025-12-03,referral,none,False
5725,1725,134,2025-03-04,referral,none,False
5726,620,191,2025-12-31,ads,none,False
5727,565,213,2026-05-24,referral,none,False
5728,211,283,2026-02-06,ads,none,False
5729,1943,31,2026-04-24,organic,none,False
5730,1276,279,2026-04-30,promo,none,False
5731,1135,201,2026-03-19,organic,none,False
5732,184,76,2026-06-04,promo,none,False
5733,1424,120,2026-04-13,ads,none,False
5734,1687,110,2025-03-20,referral,none,False
5735,1293,193,2025-08-20,referral,none,False
5736,1162,251,2026-05-29,ads,none,False
5737,1090,12,2025-07-15,promo,none,False
5738,228,288,2025-10-20,promo,none,False
5739,1129,300,2026-05-05,organic,none,False
5740,874,73,2025-09-27,promo,none,False
5741,982,145,2026-02-06,organic,none,False
5742,1193,218,2026-06-27,promo,none,False
5743,1391,30,2026-02-04,promo,none,False
5744,505,276,2026-06-15,ads,none,True
5745,435,137,2026-03-29,promo,none,False
5746,813,55,2026-06-30,organic,none,False
5747,757,191,2026-07-11,referral,none,False
5748,712,145,2026-02-19,referral,none,False
5749,1446,66,2026-03-07,organic,none,False
5750,1997,195,2026-01-01,promo,none,False
5751,1999,270,2025-07-30,promo,none,False
5752,1990,88,2026-04-02,organic,none,False
5753,454,252,2026-07-03,organic,none,False
5754,1242,70,2024-08-13,organic,none,False
5755,1444,68,2024-05-27,organic,none,False
5756,1867,229,2026-01-17,ads,none,False
5757,1102,121,2026-07-02,promo,none,False
5758,1403,205,2026-07-11,referral,none,False
5759,226,77,2025-06-23,ads,none,False
5760,1048,156,2026-02-24,ads,none,False
5761,151,269,2026-03-29,promo,none,False
5762,1227,213,2026-07-12,organic,enrollment_before_registration,False
5763,1430,224,2025-04-13,organic,none,False
5764,1174,186,2026-02-09,organic,none,False
5765,421,63,2026-06-25,organic,none,False
5766,864,10,2026-02-24,organic,none,False
5767,491,113,2024-02-03,referral,none,False
5768,1941,171,2026-07-21,organic,none,False
5769,1608,161,2026-06-16,organic,none,False
5770,1989,55,2026-04-25,organic,none,False
5771,437,1,2026-05-28,ads,none,False
5772,545,51,2026-07-27,promo,none,False
5773,199,101,2026-04-12,promo,none,False
5774,532,108,2026-05-20,promo,none,False
5775,1468,89,2026-01-19,ads,none,False
5776,1191,71,2025-05-28,promo,none,False
5777,1009,190,2026-05-19,ads,none,False
5778,1956,230,2026-07-16,ads,none,False
5779,622,41,2026-07-09,organic,none,False
5780,425,200,2026-03-13,ads,none,False
5781,967,125,2026-06-24,organic,enrollment_before_publish,False
5782,1724,197,2026-07-11,referral,none,False
5783,855,73,2026-01-14,referral,none,False
5784,1413,199,2024-12-22,organic,none,False
5785,90,242,2026-03-22,ads,none,False
5786,1108,267,2026-07-12,ads,none,False
5787,109,52,2025-07-21,referral,none,False
5788,770,90,2026-07-16,ads,none,False
5789,779,285,2026-04-13,promo,none,False
5790,1857,267,2026-07-13,organic,none,False
5791,1426,173,2026-06-10,organic,none,False
5792,1239,195,2026-01-01,organic,none,False
5793,865,85,2025-04-19,referral,none,False
5794,87,210,2026-01-20,promo,none,False
5795,980,133,2025-11-05,promo,none,False
5796,151,211,2024-08-16,ads,none,False
5797,1732,171,2026-02-18,organic,none,False
5798,1607,47,2026-07-14,organic,none,False
5799,237,148,2025-02-20,promo,none,False
5800,1446,255,2026-04-08,ads,none,False
5801,1821,150,2025-04-21,organic,none,False
5802,1571,1,2026-03-30,organic,none,False
5803,1145,160,2026-07-28,organic,none,False
5804,287,45,2026-02-16,referral,none,False
5805,1092,246,2026-06-15,organic,none,False
5806,589,77,2025-10-08,referral,none,False
5807,771,9,2026-01-12,referral,none,False
5808,3,22,2025-12-07,referral,none,False
5809,1888,136,2026-03-31,promo,none,False
5810,1441,240,2026-05-02,referral,none,False
5811,1896,27,2025-06-16,promo,none,False
5812,674,141,2026-05-26,organic,none,False
5813,1946,56,2025-12-08,promo,none,False
5814,1799,300,2025-01-25,referral,none,False
5815,302,168,2025-11-21,organic,none,False
5816,1276,208,2026-01-30,organic,none,False
5817,1707,22,2026-04-28,referral,none,False
5818,723,33,2026-04-27,promo,none,False
5819,163,134,2026-04-07,referral,none,False
5820,530,111,2026-01-13,promo,none,False
5821,9,105,2026-02-28,referral,none,False
5822,1508,298,2026-06-16,ads,none,False
5823,682,284,2025-06-11,ads,none,False
5824,678,147,2024-06-11,organic,none,False
5825,768,11,2025-12-07,ads,none,False
5826,175,185,2026-07-03,referral,none,False
5827,873,217,2025-02-15,ads,none,False
5828,1846,133,2026-03-12,referral,none,False
5829,1012,72,2025-11-17,referral,none,False
5830,674,49,2026-07-01,referral,none,False
5831,1853,30,2024-02-18,ads,none,False
5832,1691,268,2026-07-05,ads,enrollment_before_registration,False
5833,1313,292,2026-03-30,ads,enrollment_before_registration,False
5834,1082,75,2025-02-06,promo,none,False
5835,517,226,2025-05-06,organic,none,False
5836,850,102,2024-05-15,organic,none,False
5837,537,249,2026-03-06,organic,none,False
5838,1996,5,2026-07-08,promo,none,False
5839,1698,88,2026-05-16,referral,none,False
5840,358,217,2026-01-14,organic,none,False
5841,15,204,2026-05-30,promo,none,False
5842,690,138,2025-04-26,organic,none,False
5843,571,299,2026-02-14,promo,none,False
5844,1890,211,2026-07-26,promo,none,False
5845,1593,8,2026-07-21,promo,none,False
5846,1936,203,2025-06-24,ads,none,False
5847,426,204,2026-07-05,referral,none,False
5848,874,88,2025-11-28,organic,none,False
5849,510,264,2025-01-23,promo,none,False
5850,1476,163,2025-09-28,ads,none,False
5851,1291,73,2026-07-15,promo,none,False
5852,1424,18,2025-09-30,organic,none,False
5853,43,256,2025-01-23,referral,none,False
5854,1127,25,2026-06-09,organic,none,False
5855,877,232,2025-05-22,ads,none,False
5856,208,227,2026-07-15,referral,none,False
5857,1340,179,2025-09-16,referral,none,False
5858,1244,234,2026-05-02,promo,none,False
5859,550,117,2026-05-31,ads,none,False
5860,337,154,2026-04-23,promo,enrollment_before_registration,False
5861,1149,265,2025-01-09,referral,none,False
5862,861,222,2026-04-15,promo,none,False
5863,146,98,2024-09-21,ads,none,False
5864,1048,214,2025-11-10,referral,none,False
5865,1517,205,2025-10-12,promo,none,False
5866,213,258,2025-02-22,promo,none,False
5867,1044,227,2024-03-05,ads,none,False
5868,960,130,2026-06-29,organic,none,False
5869,1977,90,2026-07-17,organic,none,False
5870,1014,285,2025-07-15,referral,none,False
5871,623,268,2026-04-02,organic,none,False
5872,290,42,2026-04-21,promo,none,False
5873,32,188,2025-06-19,organic,none,False
5874,214,63,2025-06-30,promo,none,False
5875,480,204,2026-05-03,referral,none,False
5876,116,157,2026-06-14,organic,none,False
5877,264,299,2025-11-07,organic,none,False
5878,619,6,2026-05-26,ads,none,False
5879,949,88,2026-06-27,organic,none,False
5880,389,269,2026-07-30,promo,none,False
5881,536,278,2024-08-09,referral,none,False
5882,996,82,2026-04-17,referral,none,False
5883,118,69,2026-07-23,organic,none,False
5884,403,149,2026-04-03,referral,none,False
5885,413,227,2026-06-28,ads,none,False
5886,112,167,2026-06-09,organic,none,False
5887,1406,244,2025-09-10,organic,none,False
5888,1644,208,2026-07-15,organic,none,False
5889,488,156,2025-10-13,ads,none,False
5890,1997,69,2024-10-14,promo,none,False
5891,1341,32,2025-07-20,promo,none,False
5892,821,154,2026-01-06,organic,none,False
5893,1491,228,2024-08-12,referral,none,False
5894,226,71,2026-05-08,ads,none,False
5895,760,112,2026-04-23,ads,none,False
5896,292,293,2025-12-18,organic,none,False
5897,837,247,2025-07-14,organic,none,False
5898,475,34,2026-05-19,organic,none,False
5899,11,38,2026-06-01,promo,none,False
5900,1156,94,2025-07-27,promo,none,False
5901,1752,121,2026-05-29,ads,none,False
5902,457,203,2025-03-14,organic,none,False
5903,24,289,2024-10-15,organic,none,False
5904,1740,226,2025-07-31,organic,none,False
5905,1257,173,2026-06-11,promo,none,False
5906,1753,203,2026-05-10,promo,none,False
5907,1725,117,2025-10-12,promo,none,False
5908,516,262,2026-01-26,ads,none,False
5909,1997,288,2024-08-02,organic,none,False
5910,1603,296,2026-06-27,referral,none,False
5911,1318,21,2025-11-07,organic,none,False
5912,1291,190,2026-04-11,promo,none,False
5913,1193,163,2026-03-21,organic,none,False
5914,1784,289,2025-11-26,referral,none,False
5915,1431,93,2026-07-21,referral,none,False
5916,1476,160,2026-04-14,organic,none,False
5917,1675,197,2026-06-06,ads,none,False
5918,196,232,2025-09-23,ads,none,False
5919,949,169,2026-06-22,ads,none,False
5920,753,203,2025-02-19,referral,none,False
5921,1114,176,2024-08-21,promo,none,False
5922,157,122,2025-11-18,referral,none,False
5923,1771,118,2026-05-29,referral,none,False
5924,396,288,2026-06-21,ads,none,False
5925,533,263,2025-03-04,organic,none,False
5926,1827,203,2023-08-25,referral,none,False
5927,1532,212,2025-12-21,promo,none,False
5928,771,267,2026-06-25,promo,none,False
5929,746,114,2024-10-23,ads,none,False
5930,78,225,2026-06-05,ads,none,False
5931,1665,242,2024-12-02,promo,none,False
5932,1568,113,2026-06-17,referral,none,False
5933,600,197,2025-08-28,ads,none,False
5934,686,116,2025-12-20,organic,none,False
5935,941,116,2026-07-27,organic,none,False
5936,1714,49,2026-05-13,organic,none,False
5937,807,4,2025-06-27,referral,none,False
5938,1057,293,2026-03-11,promo,none,False
5939,1417,187,2026-01-01,organic,none,False
5940,1225,171,2024-11-03,referral,none,False
5941,1046,294,2025-05-17,ads,none,False
5942,1834,159,2026-02-19,promo,none,False
5943,1348,214,2026-06-18,referral,none,False
5944,530,234,2026-04-21,ads,none,False
5945,401,157,2024-02-10,promo,none,False
5946,109,167,2025-11-21,referral,none,False
5947,17,112,2026-03-14,promo,none,False
5948,1918,161,2026-03-16,referral,none,False
5949,522,282,2026-06-21,ads,none,False
5950,1390,246,2025-08-23,organic,none,False
5951,460,63,2026-04-02,ads,none,False
5952,1716,16,2026-05-18,ads,none,False
5953,1629,239,2025-08-23,promo,none,False
5954,1573,75,2026-02-19,promo,enrollment_before_registration,False
5955,1128,228,2024-08-02,referral,none,False
5956,1612,216,2026-07-10,organic,none,False
5957,178,252,2025-11-18,promo,none,False
5958,1987,150,2026-04-05,ads,none,False
5959,1281,105,2025-07-15,promo,none,False
5960,769,219,2026-02-19,ads,none,False
5961,1884,21,2026-05-18,ads,none,False
5962,625,117,2025-08-01,organic,none,False
5963,414,2,2025-03-09,ads,none,False
5964,1905,169,2026-06-12,ads,none,False
5965,459,123,2024-04-24,ads,none,False
5966,1499,180,2026-02-21,referral,none,False
5967,1694,204,2026-07-04,ads,none,False
5968,884,24,2026-07-16,promo,none,False
5969,1442,63,2025-10-06,promo,none,False
5970,926,292,2025-09-11,referral,none,False
5971,1996,108,2026-03-29,organic,none,False
5972,1008,273,2025-10-26,ads,none,False
5973,1274,71,2026-07-20,ads,none,False
5974,1542,95,2025-01-11,ads,none,False
5975,1564,33,2025-11-06,referral,none,False
5976,1822,152,2025-11-09,referral,none,False
5977,1542,109,2025-07-29,ads,none,False
5978,1802,87,2025-02-19,ads,none,False
5979,579,113,2026-07-25,organic,none,False
5980,842,263,2025-05-13,promo,none,False
5981,1822,111,2025-05-02,organic,none,False
5982,1316,16,2025-07-13,promo,none,False
5983,821,109,2025-02-28,referral,none,False
5984,1160,212,2026-05-02,organic,none,False
5985,1674,284,2026-05-06,organic,none,False
5986,1322,275,2025-05-13,ads,none,False
5987,898,124,2025-11-26,organic,none,False
5988,1498,23,2026-06-30,referral,none,False
5989,442,101,2026-02-21,ads,none,False
5990,327,89,2026-06-14,referral,none,False
5991,1061,137,2025-05-16,promo,none,False
5992,1627,62,2025-09-27,promo,none,False
5993,1001,294,2025-09-05,promo,none,False
5994,1440,259,2026-04-22,referral,none,False
5995,605,205,2026-02-28,referral,none,False
5996,1133,199,2026-07-19,promo,none,False
5997,407,148,2024-12-27,referral,none,False
5998,500,210,2026-06-14,organic,none,False
5999,1650,83,2026-03-04,referral,none,False
6000,1753,45,2026-03-08,ads,none,False
6001,1080,117,2026-06-03,ads,none,False
6002,1668,210,2026-03-22,promo,none,False
6003,1044,194,2024-03-17,organic,none,False
6004,180,61,2026-02-04,promo,none,False
6005,1370,188,2025-04-21,organic,none,False
6006,1526,139,2026-07-21,referral,none,False
6007,1532,116,2025-06-22,ads,none,False
6008,1046,248,2026-04-03,referral,none,False
6009,2000,30,2025-03-26,referral,none,False
6010,1995,103,2026-06-21,promo,none,False
6011,906,165,2025-02-24,referral,none,False
6012,1163,230,2025-10-02,referral,none,False
6013,93,169,2026-04-22,promo,none,False
6014,1825,208,2026-03-26,organic,none,False
6015,23,89,2026-05-06,ads,none,False
6016,1683,91,2026-05-25,referral,none,False
6017,1896,265,2025-06-14,referral,none,False
6018,341,8,2026-07-27,organic,none,False
6019,951,251,2026-04-22,organic,none,False
6020,386,239,2026-04-19,organic,none,False
6021,379,245,2026-07-15,ads,none,False
6022,1209,212,2026-02-08,promo,none,False
6023,189,243,2026-02-09,organic,none,False
6024,1425,176,2024-12-18,promo,none,False
6025,1648,153,2026-03-24,ads,none,False
6026,1125,215,2025-10-13,promo,none,False
6027,58,122,2025-05-17,organic,none,False
6028,839,148,2024-11-19,ads,none,False
6029,185,138,2025-01-15,promo,none,False
6030,1930,260,2025-09-18,referral,none,False
6031,286,293,2026-01-31,promo,none,False
6032,535,138,2025-08-23,referral,none,False
6033,850,180,2026-02-05,referral,none,False
6034,263,223,2026-02-01,promo,none,False
6035,1556,192,2025-03-23,organic,none,False
6036,839,50,2026-02-20,referral,none,False
6037,1242,27,2024-11-16,ads,none,False
6038,347,203,2025-05-27,organic,none,False
6039,547,13,2026-06-25,ads,none,False
6040,167,196,2025-12-25,ads,none,False
6041,1235,17,2026-01-03,referral,none,False
6042,277,93,2026-07-17,organic,none,False
6043,1183,256,2026-07-06,referral,enrollment_before_registration,False
6044,1709,260,2024-09-20,organic,none,False
6045,1425,77,2025-10-26,organic,none,False
6046,1070,4,2025-10-31,organic,none,False
6047,282,288,2024-11-26,promo,none,False
6048,113,129,2026-04-23,organic,none,False
6049,122,216,2026-03-02,promo,none,False
6050,1184,295,2025-11-14,referral,none,False
6051,645,235,2026-07-20,referral,none,False
6052,1401,17,2026-05-28,promo,none,False
6053,1747,281,2026-05-28,referral,none,False
6054,408,130,2026-03-11,organic,none,False
6055,1407,232,2025-09-02,promo,none,False
6056,1455,148,2026-07-11,promo,none,False
6057,1328,114,2026-03-12,organic,none,False
6058,688,118,2026-05-10,organic,none,False
6059,1455,118,2026-07-30,ads,none,False
6060,1822,71,2025-12-16,organic,none,False
6061,90,253,2026-05-19,referral,none,False
6062,1078,236,2026-01-15,ads,enrollment_before_registration,False
6063,110,270,2026-03-29,organic,none,False
6064,308,26,2025-09-10,promo,none,False
6065,1620,223,2025-09-23,ads,none,False
6066,1815,88,2026-03-30,promo,none,False
6067,440,218,2026-01-09,organic,none,False
6068,1488,15,2026-07-27,ads,none,False
6069,791,262,2026-06-14,organic,none,False
6070,878,20,2025-04-19,organic,none,False
6071,692,215,2026-07-15,promo,none,False
6072,1995,249,2026-03-26,promo,none,False
6073,1030,282,2026-06-04,organic,none,False
6074,1386,158,2025-10-24,promo,none,False
6075,1733,299,2026-03-27,organic,none,False
6076,1279,180,2026-02-08,ads,none,False
6077,30,249,2026-01-09,organic,none,False
6078,190,150,2026-04-23,organic,none,False
6079,1974,192,2025-01-25,organic,none,False
6080,1446,250,2026-05-14,referral,none,False
6081,1374,67,2025-04-21,organic,none,False
6082,1373,178,2026-07-30,organic,none,False
6083,25,30,2026-01-18,promo,none,False
6084,587,258,2026-03-19,referral,none,False
6085,1510,159,2026-02-25,ads,none,False
6086,1236,85,2026-03-17,organic,none,False
6087,1358,269,2025-10-15,promo,none,False
6088,513,173,2025-08-29,organic,none,False
6089,1108,36,2026-01-22,ads,none,False
6090,684,3,2026-06-12,organic,none,False
6091,1951,187,2026-04-21,ads,enrollment_before_registration,False
6092,407,213,2026-03-11,ads,none,False
6093,897,59,2026-06-23,organic,none,False
6094,1289,261,2026-04-04,organic,none,False
6095,1347,140,2026-01-17,ads,none,False
6096,301,134,2024-04-17,promo,none,False
6097,1411,75,2026-05-06,referral,enrollment_before_registration,False
6098,1200,136,2026-02-21,organic,none,False
6099,949,103,2024-10-21,referral,none,False
6100,1883,31,2026-06-27,organic,none,False
6101,1968,270,2026-03-26,referral,none,False
6102,901,270,2025-12-08,ads,none,False
6103,1490,190,2025-08-03,referral,none,False
6104,611,291,2026-07-03,referral,none,False
6105,779,189,2026-01-31,organic,none,False
6106,943,31,2026-05-28,organic,none,False
6107,1147,164,2026-01-18,organic,none,False
6108,1053,167,2024-11-16,promo,none,False
6109,1743,18,2025-11-24,ads,none,False
6110,696,201,2026-05-20,referral,none,False
6111,417,242,2025-10-20,promo,none,False
6112,1070,297,2025-10-12,referral,none,False
6113,936,116,2025-08-29,promo,none,False
6114,1842,124,2026-06-06,organic,none,False
6115,1646,201,2025-12-19,organic,none,False
6116,326,56,2025-08-22,ads,none,False
6117,159,44,2026-06-08,promo,none,False
6118,127,172,2026-07-01,ads,none,False
6119,1430,137,2025-08-31,organic,none,False
6120,220,74,2026-05-31,ads,none,False
6121,1623,61,2026-02-20,promo,none,False
6122,888,160,2026-03-09,ads,none,False
6123,1382,103,2026-07-03,organic,none,False
6124,241,116,2025-10-16,promo,none,False
6125,1984,83,2026-01-06,ads,none,False
6126,925,106,2025-12-22,ads,none,False
6127,1852,247,2025-06-25,organic,none,False
6128,1044,149,2025-02-20,ads,none,False
6129,1576,103,2026-01-31,organic,enrollment_before_registration,False
6130,1931,39,2026-06-29,organic,none,False
6131,1271,111,2026-06-09,ads,none,False
6132,143,90,2026-06-23,promo,none,False
6133,453,2,2026-03-16,promo,none,False
6134,1298,153,2025-09-17,promo,none,False
6135,189,239,2026-04-21,ads,none,False
6136,330,47,2026-01-07,referral,none,False
6137,909,130,2026-06-22,ads,none,False
6138,984,186,2026-05-10,ads,none,False
6139,1602,221,2026-02-27,organic,none,False
6140,1900,12,2025-07-02,promo,none,False
6141,1054,219,2025-03-07,ads,none,False
6142,1388,2,2026-02-01,referral,none,False
6143,1627,224,2024-07-10,promo,none,False
6144,331,214,2026-03-07,organic,none,False
6145,447,147,2025-02-25,ads,none,False
6146,1513,160,2025-12-11,ads,none,False
6147,1236,291,2026-05-08,organic,none,False
6148,835,37,2026-03-14,organic,none,False
6149,1092,34,2026-07-08,promo,none,False
6150,1618,259,2026-07-30,referral,none,False
6151,76,300,2025-10-20,organic,none,False
6152,1271,129,2026-06-06,referral,none,False
6153,1299,43,2026-02-20,referral,none,False
6154,1437,286,2026-07-03,ads,none,False
6155,59,209,2025-11-10,organic,none,False
6156,78,88,2026-06-02,organic,none,False
6157,1276,54,2026-02-23,promo,none,False
6158,1854,244,2026-03-29,referral,none,False
6159,129,249,2026-05-17,referral,none,False
6160,1320,95,2026-03-29,promo,none,False
6161,1267,104,2025-08-05,promo,none,False
6162,1375,234,2025-10-20,promo,none,False
6163,1434,102,2025-09-29,ads,none,False
6164,1614,30,2025-09-23,promo,none,False
6165,828,262,2026-03-23,promo,none,False
6166,115,87,2025-12-14,organic,none,False
6167,1786,186,2026-07-16,ads,none,False
6168,381,8,2026-04-12,organic,none,False
6169,548,57,2025-10-26,ads,none,False
6170,935,39,2026-04-21,ads,enrollment_before_registration,False
6171,1667,124,2026-02-07,referral,none,False
6172,327,185,2025-12-29,ads,none,False
6173,980,42,2026-05-28,referral,none,False
6174,1924,20,2025-05-07,ads,none,False
6175,312,246,2026-01-19,ads,none,False
6176,1071,243,2025-03-17,organic,none,False
6177,1076,181,2025-12-20,ads,none,False
6178,1702,65,2025-12-17,ads,none,False
6179,1853,229,2025-08-25,referral,none,False
6180,1136,224,2025-09-12,organic,none,False
6181,217,132,2026-07-27,ads,none,False
6182,962,265,2025-05-06,organic,none,False
6183,1239,207,2025-02-20,promo,none,False
6184,1189,228,2026-04-07,referral,none,False
6185,999,68,2025-06-08,promo,none,False
6186,1343,8,2026-07-17,organic,none,False
6187,771,64,2025-10-19,referral,none,False
6188,1433,287,2025-06-19,organic,none,False
6189,1686,27,2025-01-06,organic,none,False
6190,377,105,2026-01-11,ads,none,False
6191,1358,88,2025-11-14,referral,none,False
6192,398,260,2024-11-19,promo,none,False
6193,1729,262,2026-03-26,ads,enrollment_before_registration,False
6194,1660,142,2026-07-26,organic,none,False
6195,444,124,2024-12-23,organic,none,False
6196,836,72,2026-04-02,ads,none,False
6197,151,68,2025-03-11,organic,none,False
6198,1464,84,2026-07-07,promo,none,False
6199,231,157,2026-04-23,promo,none,False
6200,445,297,2026-02-10,referral,none,False
6201,407,108,2024-11-11,organic,none,False
6202,1793,101,2026-05-17,referral,none,False
6203,514,257,2026-07-17,promo,none,False
6204,1773,129,2026-03-03,referral,none,False
6205,1962,265,2025-08-02,promo,none,False
6206,245,238,2025-05-06,organic,none,False
6207,1670,154,2026-04-02,promo,none,False
6208,585,179,2024-05-06,promo,none,False
6209,237,88,2026-07-20,referral,none,False
6210,572,101,2026-04-11,referral,none,False
6211,957,139,2026-04-12,organic,none,False
6212,1611,122,2026-06-08,promo,none,False
6213,564,153,2026-05-17,organic,none,False
6214,1,35,2025-11-01,organic,none,False
6215,19,16,2026-07-22,referral,none,False
6216,1871,221,2026-02-14,organic,none,False
6217,1634,185,2024-12-27,ads,none,False
6218,1407,149,2026-06-09,organic,none,False
6219,1522,240,2026-07-27,organic,none,False
6220,1100,114,2026-06-04,referral,none,False
6221,264,253,2025-08-22,promo,none,False
6222,1283,252,2026-04-30,organic,none,False
6223,918,1,2026-07-01,promo,none,False
6224,988,79,2026-04-28,organic,none,False
6225,1697,83,2025-12-25,referral,none,False
6226,146,178,2026-05-30,organic,none,False
6227,1959,46,2026-06-21,ads,none,False
6228,888,89,2026-02-18,ads,none,False
6229,1095,155,2025-07-27,referral,none,False
6230,947,192,2025-10-10,ads,none,False
6231,684,202,2026-07-02,referral,none,False
6232,1664,202,2026-05-22,ads,none,False
6233,582,103,2025-03-08,promo,none,False
6234,1867,147,2026-06-16,promo,none,False
6235,1994,209,2025-10-05,referral,none,False
6236,839,274,2025-12-04,promo,none,False
6237,393,266,2024-03-23,referral,none,False
6238,1228,139,2026-06-19,organic,none,False
6239,1003,29,2025-11-24,organic,none,False
6240,1831,239,2025-11-13,organic,none,False
6241,1581,299,2025-11-18,referral,none,False
6242,1062,266,2026-03-07,organic,none,False
6243,114,99,2026-06-26,organic,none,False
6244,1340,57,2026-04-13,referral,none,False
6245,1021,291,2026-02-08,ads,none,False
6246,1731,247,2025-05-13,ads,none,False
6247,514,203,2026-03-22,referral,none,False
6248,1175,76,2025-04-22,promo,none,False
6249,1816,1,2025-07-23,ads,none,False
6250,784,65,2026-07-01,ads,none,False
6251,427,161,2025-10-01,organic,none,False
6252,1082,231,2025-08-30,referral,none,False
6253,1327,242,2026-07-28,referral,none,False
6254,579,268,2026-06-10,referral,none,False
6255,1413,85,2024-07-06,organic,none,False
6256,218,244,2025-11-28,promo,none,False
6257,1323,83,2026-06-27,organic,none,False
6258,987,263,2026-01-16,ads,none,False
6259,1401,90,2026-05-03,ads,none,False
6260,160,270,2025-07-10,referral,none,False
6261,72,188,2026-06-01,promo,none,False
6262,1889,289,2026-01-30,promo,none,False
6263,334,5,2026-06-03,referral,none,False
6264,858,40,2026-01-25,ads,none,False
6265,1131,26,2025-03-03,organic,none,False
6266,1659,259,2026-03-02,referral,none,False
6267,298,192,2025-07-31,referral,none,False
6268,1367,263,2024-06-25,referral,none,False
6269,404,14,2025-12-05,promo,none,False
6270,1037,110,2025-10-18,ads,none,False
6271,1477,284,2024-10-16,organic,none,False
6272,650,237,2024-10-17,ads,none,False
6273,511,187,2026-01-26,promo,enrollment_before_registration,False
6274,340,237,2026-02-08,promo,none,False
6275,493,160,2025-11-16,ads,none,False
6276,1578,135,2025-08-20,organic,none,False
6277,1855,192,2026-01-07,promo,none,False
6278,1370,48,2026-07-23,referral,none,False
6279,671,117,2026-01-22,referral,none,False
6280,1821,170,2026-05-18,ads,none,False
6281,257,225,2026-06-21,referral,none,False
6282,257,14,2026-01-09,referral,none,False
6283,638,289,2026-02-06,ads,none,False
6284,453,127,2026-04-23,ads,none,False
6285,14,36,2025-05-10,ads,none,False
6286,952,136,2026-07-05,promo,none,False
6287,1353,236,2026-05-19,organic,none,False
6288,831,200,2026-01-27,referral,none,False
6289,354,72,2026-05-03,organic,none,False
6290,937,132,2025-07-23,ads,none,False
6291,1885,24,2025-12-09,organic,none,False
6292,1651,247,2026-05-10,organic,none,False
6293,48,29,2026-07-08,ads,none,False
6294,1866,85,2026-06-04,promo,none,False
6295,1702,72,2025-09-13,organic,none,False
6296,779,113,2026-04-20,ads,none,False
6297,1590,47,2025-06-01,organic,none,False
6298,517,300,2025-07-18,referral,none,False
6299,1194,115,2025-06-22,ads,none,False
6300,1465,182,2026-02-06,referral,none,False
6301,1685,84,2025-08-22,ads,none,False
6302,226,38,2026-06-24,promo,none,False
6303,952,75,2026-02-21,ads,none,False
6304,63,250,2025-11-16,organic,none,False
6305,713,203,2026-06-17,promo,none,False
6306,1048,149,2025-11-26,organic,none,False
6307,1556,133,2025-01-20,ads,none,False
6308,1217,255,2026-07-27,referral,none,False
6309,632,45,2026-05-23,referral,none,False
6310,1999,154,2026-03-20,promo,none,False
6311,1425,196,2024-06-05,organic,none,False
6312,1910,119,2026-03-27,promo,enrollment_before_registration,False
6313,54,28,2026-02-25,ads,none,False
6314,14,80,2026-07-30,referral,none,False
6315,962,286,2026-07-04,organic,none,False
6316,902,299,2026-05-15,referral,none,False
6317,1756,272,2024-12-09,referral,none,False
6318,98,100,2025-06-12,ads,none,False
6319,1817,240,2026-07-06,promo,none,False
6320,3,6,2026-03-29,ads,none,False
6321,929,84,2026-07-22,organic,none,False
6322,1089,158,2026-05-03,promo,none,False
6323,1091,281,2026-05-01,promo,none,False
6324,1201,92,2026-03-14,referral,none,False
6325,1524,220,2025-02-22,referral,none,False
6326,1591,93,2026-04-08,ads,none,False
6327,338,90,2026-05-08,ads,none,False
6328,1790,35,2026-05-05,promo,none,False
6329,1341,160,2025-08-14,ads,none,False
6330,1122,232,2026-04-20,promo,none,False
6331,1579,190,2024-02-29,referral,none,False
6332,672,230,2026-04-28,organic,none,False
6333,1560,175,2026-07-26,ads,none,False
6334,1081,199,2025-08-28,ads,none,False
6335,768,167,2026-07-01,ads,none,False
6336,1433,128,2025-08-24,referral,none,False
6337,1384,79,2026-07-29,promo,none,False
6338,932,264,2025-12-26,organic,none,False
6339,687,122,2026-07-27,ads,none,False
6340,566,11,2024-12-23,ads,none,False
6341,554,110,2026-05-31,promo,none,False
6342,304,100,2026-06-22,promo,none,False
6343,673,49,2026-02-21,ads,none,False
6344,1297,187,2026-06-20,organic,none,False
6345,1882,149,2025-04-18,promo,none,False
6346,1988,218,2026-04-29,referral,none,False
6347,1807,160,2026-07-18,promo,none,False
6348,383,129,2025-07-11,ads,none,False
6349,793,136,2026-01-05,ads,none,False
6350,1466,203,2025-11-10,ads,none,False
6351,1102,162,2026-07-25,promo,none,False
6352,447,251,2026-02-14,referral,none,False
6353,275,239,2025-10-27,promo,none,False
6354,747,44,2026-04-14,promo,none,False
6355,235,220,2024-11-23,ads,none,False
6356,113,63,2025-09-08,ads,none,False
6357,756,297,2025-09-28,organic,none,False
6358,1512,96,2026-06-10,ads,none,False
6359,464,124,2025-05-20,organic,none,False
6360,1271,12,2026-07-19,referral,none,False
6361,127,157,2025-11-14,ads,none,False
6362,1332,59,2025-02-13,promo,none,False
6363,1608,263,2026-07-10,promo,none,False
6364,739,200,2026-03-08,organic,none,False
6365,747,160,2026-04-10,referral,none,False
6366,1432,64,2024-11-05,referral,none,False
6367,613,205,2025-01-30,promo,none,False
6368,694,97,2026-02-23,referral,none,False
6369,1864,209,2025-08-09,organic,none,False
6370,727,169,2026-07-24,referral,none,False
6371,156,268,2026-02-07,organic,none,False
6372,1730,215,2025-09-07,promo,none,False
6373,1916,102,2026-06-16,ads,none,False
6374,1778,70,2025-02-22,promo,none,False
6375,38,272,2026-07-09,ads,none,False
6376,718,241,2024-03-08,organic,none,False
6377,114,36,2026-02-18,referral,none,False
6378,1422,70,2026-06-21,ads,enrollment_before_registration,False
6379,1854,169,2025-12-25,ads,none,False
6380,277,213,2025-03-18,referral,none,False
6381,759,158,2026-05-24,organic,none,False
6382,302,117,2025-09-11,referral,none,False
6383,1921,122,2025-03-09,promo,none,False
6384,97,198,2026-03-15,referral,none,False
6385,1987,32,2026-01-13,ads,none,False
6386,611,244,2026-07-04,ads,none,False
6387,532,28,2026-07-23,organic,none,False
6388,6,227,2025-12-08,ads,none,False
6389,926,240,2025-11-05,ads,none,False
6390,52,280,2025-07-05,ads,none,False
6391,88,251,2026-05-19,referral,none,False
6392,1981,86,2025-10-06,referral,none,False
6393,124,96,2026-07-03,referral,none,False
6394,1835,190,2025-10-21,promo,none,False
6395,1503,235,2026-06-22,ads,none,False
6396,1147,154,2026-06-09,organic,none,False
6397,1143,125,2026-06-21,organic,enrollment_before_publish,False
6398,952,176,2024-12-21,promo,none,False
6399,794,127,2025-05-25,referral,none,False
6400,1695,65,2024-04-03,promo,none,False
6401,1309,218,2026-04-11,promo,none,False
6402,47,58,2026-07-11,ads,none,False
6403,1472,66,2026-02-21,promo,none,False
6404,474,115,2025-10-06,ads,none,False
6405,156,23,2026-07-25,promo,none,False
6406,368,276,2026-06-02,ads,none,False
6407,1673,95,2024-08-31,promo,none,False
6408,989,178,2026-05-18,promo,none,False
6409,223,136,2026-07-07,organic,none,False
6410,154,211,2025-04-15,promo,none,False
6411,1132,117,2026-07-20,promo,none,False
6412,1130,180,2026-07-21,promo,none,False
6413,1963,222,2026-05-20,ads,none,False
6414,289,287,2026-07-24,organic,none,False
6415,1939,70,2026-03-16,organic,none,False
6416,1370,9,2026-03-08,organic,none,False
6417,1121,114,2025-04-11,ads,none,False
6418,262,131,2026-05-09,referral,none,False
6419,1777,251,2026-07-12,ads,none,False
6420,1627,150,2025-07-18,ads,none,False
6421,1560,114,2024-08-23,organic,none,False
6422,240,197,2025-07-25,ads,none,False
6423,1204,105,2025-12-11,organic,none,False
6424,1539,97,2025-09-10,ads,none,False
6425,454,166,2026-01-20,promo,none,False
6426,456,291,2025-09-13,organic,none,False
6427,284,110,2025-08-29,referral,none,False
6428,1560,4,2026-01-27,promo,none,False
6429,658,22,2026-01-07,referral,none,False
6430,214,257,2026-06-25,organic,none,False
6431,1114,137,2025-04-25,referral,none,False
6432,1643,39,2026-06-05,referral,none,False
6433,492,213,2026-07-04,ads,none,False
6434,1466,273,2025-11-25,promo,none,False
6435,1114,294,2025-09-02,organic,none,False
6436,945,285,2026-05-06,referral,none,False
6437,302,176,2025-05-31,promo,none,False
6438,28,40,2026-02-15,organic,none,False
6439,1541,251,2026-05-05,ads,none,False
6440,321,148,2025-07-27,organic,none,False
6441,1121,182,2024-08-11,promo,none,False
6442,1368,196,2026-06-16,promo,none,False
6443,765,49,2026-01-02,promo,enrollment_before_registration;enrollment_before_publish,False
6444,1482,107,2025-01-18,organic,none,False
6445,713,152,2026-06-03,promo,none,False
6446,1347,266,2025-11-28,ads,none,False
6447,167,139,2025-12-22,organic,none,False
6448,1284,58,2024-12-14,referral,none,False
6449,14,283,2024-11-28,promo,none,False
6450,563,120,2026-05-03,ads,none,False
6451,1025,51,2026-04-24,referral,none,False
6452,1536,117,2026-06-05,ads,none,False
6453,561,163,2026-02-12,organic,none,False
6454,1665,9,2025-10-03,organic,none,False
6455,738,6,2026-04-12,ads,none,False
6456,449,229,2026-01-26,organic,none,False
6457,569,132,2026-07-17,organic,none,False
6458,354,35,2025-12-02,ads,none,False
6459,1366,78,2026-03-10,ads,none,False
6460,1014,75,2024-05-19,organic,none,False
6461,1062,86,2025-11-03,promo,none,False
6462,893,41,2024-04-30,organic,none,False
6463,516,257,2026-05-04,ads,none,False
6464,1990,228,2026-03-02,promo,none,False
6465,334,299,2026-05-10,ads,none,False
6466,1581,234,2026-02-25,organic,none,False
6467,1451,53,2026-07-23,referral,none,False
6468,1530,203,2024-05-03,organic,none,False
6469,277,295,2026-04-30,organic,none,False
6470,263,156,2026-01-16,referral,none,False
6471,1911,151,2026-06-13,promo,none,False
6472,1512,87,2026-01-26,promo,none,False
6473,621,143,2026-03-25,promo,none,False
6474,1042,62,2026-07-03,ads,none,False
6475,926,94,2025-06-20,ads,none,False
6476,794,195,2026-02-11,promo,none,False
6477,1871,220,2025-01-08,referral,none,False
6478,1001,52,2025-12-29,referral,none,False
6479,1777,18,2024-02-02,ads,none,False
6480,433,211,2026-04-22,promo,none,False
6481,1680,109,2026-01-25,organic,none,False
6482,896,250,2024-07-17,ads,none,False
6483,66,80,2026-07-08,promo,none,False
6484,878,122,2026-01-29,referral,none,False
6485,1946,79,2026-04-11,ads,none,False
6486,1640,266,2025-03-20,promo,none,False
6487,1144,174,2026-06-08,organic,none,False
6488,817,175,2025-06-11,promo,none,False
6489,203,264,2026-07-11,organic,none,False
6490,371,58,2025-02-01,ads,none,False
6491,959,8,2026-06-17,referral,none,False
6492,180,11,2025-10-03,referral,none,False
6493,1833,29,2025-03-31,organic,none,False
6494,1143,237,2026-06-09,promo,none,False
6495,1923,39,2024-11-11,referral,none,False
6496,1964,140,2026-07-22,referral,none,False
6497,1257,217,2025-12-21,organic,none,False
6498,189,178,2026-06-09,promo,none,False
6499,1076,289,2026-05-09,promo,none,False
6500,945,108,2026-07-08,promo,none,False
6501,766,1,2026-05-16,ads,none,False
6502,131,14,2025-09-22,promo,none,False
6503,1718,38,2026-06-01,ads,none,False
6504,1715,250,2026-03-25,promo,none,False
6505,1105,193,2025-08-24,organic,none,False
6506,748,285,2026-03-19,promo,none,False
6507,1361,155,2025-11-08,organic,none,False
6508,609,279,2026-05-14,ads,none,False
6509,771,113,2025-09-25,promo,none,False
6510,354,208,2026-02-25,referral,none,False
6511,41,176,2024-08-28,organic,none,False
6512,313,297,2026-02-22,referral,none,False
6513,1,127,2025-10-29,ads,none,False
6514,1624,236,2026-01-26,organic,none,False
6515,1435,282,2026-06-16,promo,none,False
6516,1141,298,2026-03-18,ads,none,False
6517,1119,242,2026-07-24,ads,none,False
6518,648,196,2026-01-28,ads,none,False
6519,1927,144,2026-07-25,ads,none,False
6520,668,127,2025-07-13,referral,none,False
6521,674,231,2026-03-23,promo,none,False
6522,481,71,2024-10-02,ads,none,False
6523,107,232,2026-01-01,promo,none,False
6524,1201,194,2024-02-19,referral,none,False
6525,998,126,2024-02-15,referral,none,False
6526,615,176,2026-07-23,promo,none,False
6527,1361,39,2025-12-18,ads,none,False
6528,759,287,2026-07-27,referral,none,False
6529,783,35,2024-03-09,referral,none,False
6530,709,135,2025-08-14,organic,none,False
6531,1585,211,2025-05-23,ads,none,False
6532,382,209,2026-02-06,organic,none,False
6533,437,41,2026-05-07,ads,none,False
6534,1706,231,2024-01-17,referral,none,False
6535,1675,28,2026-06-17,organic,none,False
6536,1978,205,2026-05-28,ads,none,False
6537,1103,97,2025-10-03,ads,none,False
6538,1531,191,2026-05-14,referral,none,False
6539,1871,235,2026-07-16,ads,none,False
6540,414,116,2025-03-27,organic,none,False
6541,1711,61,2025-11-21,promo,none,False
6542,1981,141,2025-10-29,organic,none,False
6543,383,150,2025-05-16,organic,none,False
6544,1217,9,2025-11-25,organic,none,False
6545,1453,122,2025-07-16,promo,none,False
6546,597,71,2025-10-01,organic,none,False
6547,996,173,2025-08-23,promo,none,False
6548,684,256,2026-07-28,promo,none,False
6549,250,132,2026-01-05,organic,none,False
6550,1122,229,2026-02-24,referral,none,False
6551,1655,286,2026-06-11,referral,none,False
6552,974,286,2025-02-11,promo,none,False
6553,1083,121,2026-06-05,organic,none,False
6554,281,240,2025-04-02,referral,none,False
6555,855,151,2026-05-28,referral,none,False
6556,1284,259,2025-11-25,organic,none,False
6557,1890,109,2026-06-19,promo,none,False
6558,245,245,2026-06-28,promo,none,False
6559,996,73,2025-09-19,promo,none,False
6560,689,248,2026-03-18,referral,none,False
6561,419,11,2026-03-05,promo,none,False
6562,1679,134,2026-01-07,promo,none,False
6563,1337,263,2024-07-17,promo,none,False
6564,1939,275,2026-03-18,promo,none,False
6565,1682,186,2026-06-04,organic,none,False
6566,1700,128,2026-05-06,promo,none,False
6567,1959,149,2024-07-19,promo,none,False
6568,675,147,2025-12-17,referral,none,False
6569,1218,186,2026-05-26,organic,none,False
6570,1260,269,2026-02-28,organic,none,False
6571,259,231,2024-10-04,promo,none,False
6572,867,152,2026-02-01,referral,none,False
6573,1618,235,2026-06-27,referral,none,False
6574,1639,65,2026-06-20,referral,none,False
6575,763,59,2026-03-25,organic,none,False
6576,740,227,2026-05-29,organic,none,False
6577,1571,203,2025-09-27,promo,none,False
6578,1276,115,2025-08-10,referral,none,False
6579,789,134,2025-10-20,referral,none,False
6580,1353,163,2026-03-25,referral,none,False
6581,1224,135,2026-01-17,organic,none,False
6582,391,282,2026-04-10,promo,enrollment_before_registration;enrollment_before_publish,False
6583,1013,23,2026-03-04,ads,none,False
6584,127,21,2025-06-27,referral,none,False
6585,228,296,2026-02-25,promo,none,False
6586,141,275,2026-01-29,promo,none,False
6587,1201,65,2024-04-01,promo,none,False
6588,349,300,2025-08-16,promo,none,False
6589,1090,271,2026-07-17,promo,none,False
6590,1088,233,2025-12-24,referral,none,False
6591,1214,70,2026-02-08,promo,none,False
6592,1544,49,2026-07-02,ads,none,False
6593,848,185,2025-07-18,promo,none,False
6594,521,46,2026-07-20,ads,none,False
6595,1645,125,2026-03-24,promo,enrollment_before_publish,False
6596,2,269,2026-02-22,organic,none,False
6597,1375,279,2026-03-31,organic,none,False
6598,1069,127,2026-06-18,referral,none,False
6599,190,280,2026-04-27,promo,none,False
6600,1674,112,2026-01-08,organic,none,False
6601,350,182,2025-05-09,promo,none,False
6602,1885,255,2025-07-31,referral,none,False
6603,348,229,2025-07-12,referral,none,False
6604,93,109,2026-05-13,organic,none,False
6605,1720,145,2026-06-23,promo,none,False
6606,32,178,2026-06-02,organic,none,False
6607,1783,155,2026-06-03,ads,none,False
6608,1938,274,2025-11-27,referral,none,False
6609,1339,167,2025-03-06,ads,none,False
6610,1530,229,2026-05-07,referral,none,False
6611,1884,135,2026-04-18,promo,none,False
6612,1514,199,2026-07-14,organic,none,False
6613,681,77,2026-05-26,organic,none,False
6614,105,171,2025-06-10,promo,none,False
6615,914,217,2026-06-01,promo,enrollment_before_registration,False
6616,85,270,2026-01-23,ads,none,False
6617,1394,296,2026-03-13,ads,enrollment_before_registration,False
6618,331,262,2026-03-27,promo,none,False
6619,1378,214,2026-01-22,organic,none,False
6620,975,276,2026-05-23,ads,none,False
6621,996,99,2024-12-28,ads,none,False
6622,685,277,2026-07-20,referral,none,False
6623,1366,180,2026-07-09,referral,none,False
6624,155,298,2026-06-02,referral,none,False
6625,1552,281,2026-06-16,promo,none,False
6626,518,239,2026-05-18,organic,none,False
6627,1420,87,2024-05-14,organic,none,False
6628,678,31,2025-06-11,ads,none,False
6629,1659,105,2026-06-10,promo,none,False
6630,1993,125,2026-06-09,referral,enrollment_before_publish,False
6631,248,8,2026-04-18,organic,none,False
6632,1722,194,2026-07-23,promo,none,False
6633,6,41,2025-09-12,ads,none,False
6634,1536,218,2025-11-19,referral,none,False
6635,520,54,2025-08-10,organic,none,False
6636,1682,252,2026-04-24,promo,none,False
6637,391,82,2026-04-07,promo,enrollment_before_registration,False
6638,174,45,2026-06-25,ads,none,False
6639,1462,260,2026-07-23,ads,none,False
6640,295,247,2026-07-08,organic,none,False
6641,1599,3,2026-03-19,promo,none,False
6642,240,239,2025-09-17,organic,none,False
6643,690,2,2025-03-30,ads,none,False
6644,1028,168,2024-11-11,referral,none,False
6645,739,240,2026-06-21,promo,none,False
6646,932,248,2024-11-27,ads,none,False
6647,1019,158,2026-02-27,promo,none,False
6648,1139,177,2026-01-07,ads,none,False
6649,271,220,2025-04-01,referral,none,False
6650,1275,221,2026-03-23,ads,none,False
6651,1125,88,2025-07-24,referral,none,False
6652,1437,208,2026-07-01,promo,none,False
6653,809,294,2026-03-21,ads,none,False
6654,502,138,2026-01-13,referral,none,False
6655,5,273,2025-09-08,ads,none,False
6656,666,98,2025-04-28,organic,none,False
6657,1545,212,2026-04-10,promo,none,False
6658,167,93,2026-02-12,organic,none,False
6659,1261,108,2026-06-08,ads,enrollment_before_registration,False
6660,1232,104,2026-02-17,organic,none,False
6661,113,15,2026-05-30,ads,none,False
6662,1841,85,2025-02-19,promo,none,False
6663,578,225,2024-04-15,organic,none,False
6664,22,263,2026-04-15,organic,none,False
6665,1157,68,2025-12-29,promo,none,False
6666,137,184,2026-05-20,referral,none,False
6667,1220,255,2025-01-25,referral,none,False
6668,423,64,2026-05-25,promo,none,False
6669,770,248,2026-01-25,referral,none,False
6670,449,37,2025-09-13,organic,none,False
6671,854,300,2026-01-08,promo,none,False
6672,882,157,2026-02-14,promo,none,False
6673,102,206,2025-06-06,organic,none,False
6674,162,143,2026-07-01,organic,none,False
6675,405,4,2026-04-07,referral,none,False
6676,1495,125,2026-03-22,promo,enrollment_before_publish,False
6677,163,83,2026-03-29,referral,none,False
6678,1714,186,2026-01-16,referral,none,False
6679,670,88,2026-05-27,organic,none,False
6680,1272,161,2025-09-09,referral,none,False
6681,410,208,2025-08-26,organic,none,False
6682,229,27,2025-08-09,referral,none,False
6683,1439,209,2026-01-23,promo,none,False
6684,629,86,2025-09-12,promo,none,False
6685,1881,171,2025-05-30,organic,none,False
6686,943,145,2026-05-09,organic,none,False
6687,95,156,2026-03-24,referral,none,False
6688,178,112,2024-09-12,promo,none,False
6689,1886,256,2026-01-16,organic,none,False
6690,1834,77,2026-01-04,ads,none,False
6691,1700,18,2026-03-20,ads,none,False
6692,121,180,2026-07-24,ads,none,False
6693,427,175,2026-07-21,promo,none,False
6694,1434,266,2025-03-20,referral,none,False
6695,1147,180,2025-11-29,ads,none,False
6696,1982,108,2026-03-02,promo,none,False
6697,687,210,2026-07-21,referral,none,False
6698,1499,204,2026-06-03,referral,none,False
6699,670,36,2024-09-04,promo,none,False
6700,78,17,2026-05-11,promo,none,False
6701,1073,275,2026-03-19,organic,none,False
6702,1156,30,2026-04-24,promo,none,False
6703,1004,160,2026-07-26,referral,none,False
6704,96,71,2026-03-10,referral,none,False
6705,1929,135,2025-05-21,organic,none,False
6706,520,56,2026-04-04,promo,none,False
6707,739,45,2025-09-03,organic,none,False
6708,1824,265,2026-04-07,referral,none,False
6709,1194,299,2026-07-03,ads,none,False
6710,542,154,2025-08-09,ads,none,False
6711,91,198,2025-10-20,organic,none,False
6712,1772,15,2025-11-24,ads,none,False
6713,1877,31,2026-06-24,ads,none,False
6714,42,78,2026-04-05,ads,none,False
6715,1149,16,2026-02-23,promo,none,False
6716,54,294,2026-06-15,promo,none,False
6717,1378,146,2026-05-13,promo,none,False
6718,1427,272,2026-01-04,promo,none,False
6719,1066,229,2025-10-08,ads,none,False
6720,177,224,2026-03-03,referral,none,False
6721,883,206,2026-03-09,organic,none,False
6722,1305,82,2026-07-27,referral,none,False
6723,300,279,2026-01-24,organic,enrollment_before_registration,False
6724,760,186,2026-05-19,promo,none,False
6725,551,89,2026-07-11,referral,none,False
6726,1107,23,2026-03-03,ads,none,False
6727,938,271,2025-12-10,referral,none,False
6728,608,202,2026-04-08,referral,enrollment_before_registration,False
6729,633,64,2026-01-19,organic,none,False
6730,1596,129,2026-02-24,referral,none,False
6731,264,199,2026-01-17,referral,none,False
6732,61,268,2024-11-23,promo,none,False
6733,324,206,2026-06-22,promo,none,False
6734,560,58,2024-05-05,referral,none,False
6735,1654,130,2025-11-17,ads,none,False
6736,709,64,2025-06-07,ads,none,False
6737,493,138,2024-01-18,promo,none,False
6738,1826,133,2026-07-19,promo,none,False
6739,421,237,2025-04-13,organic,none,False
6740,687,97,2026-07-02,referral,none,False
6741,1577,187,2026-05-30,ads,none,False
6742,480,192,2025-08-31,ads,none,False
6743,831,276,2026-03-16,promo,none,False
6744,1806,106,2025-12-23,promo,none,False
6745,884,28,2026-07-12,referral,none,False
6746,1826,235,2026-06-15,referral,none,False
6747,1204,80,2026-05-23,promo,none,False
6748,893,82,2026-04-11,referral,none,False
6749,1103,175,2025-10-14,referral,none,False
6750,1870,41,2026-03-17,organic,none,False
6751,860,282,2026-05-17,ads,none,False
6752,588,60,2025-06-27,promo,none,False
6753,432,235,2026-06-28,promo,none,False
6754,1502,13,2026-04-13,promo,none,False
6755,228,245,2026-07-20,referral,none,False
6756,1458,50,2026-01-12,organic,none,False
6757,1334,117,2025-10-09,organic,none,False
6758,706,167,2025-12-11,promo,none,False
6759,724,109,2025-03-23,referral,none,False
6760,1418,9,2025-10-16,ads,none,False
6761,107,89,2025-12-15,promo,none,False
6762,76,113,2026-02-28,referral,none,False
6763,927,255,2025-12-31,ads,none,False
6764,615,65,2024-10-07,promo,none,False
6765,668,52,2026-03-22,ads,none,False
6766,761,225,2026-06-18,promo,none,False
6767,1127,116,2026-07-23,referral,none,False
6768,820,218,2025-09-07,promo,none,False
6769,1125,276,2026-02-02,organic,none,False
6770,1276,131,2026-04-28,organic,none,False
6771,524,228,2025-09-20,promo,none,False
6772,1614,167,2025-08-30,promo,none,False
6773,1279,65,2025-12-04,promo,none,False
6774,1432,85,2024-03-20,referral,none,False
6775,1916,58,2026-06-07,organic,none,False
6776,669,25,2026-01-15,referral,none,False
6777,812,223,2026-01-26,promo,none,False
6778,584,30,2026-05-19,organic,none,False
6779,168,112,2026-04-11,organic,none,False
6780,757,280,2026-05-09,ads,none,False
6781,344,188,2026-01-07,ads,none,False
6782,1883,101,2026-05-31,promo,none,False
6783,531,211,2025-07-27,ads,none,False
6784,1234,81,2026-06-06,organic,none,False
6785,1472,279,2025-04-02,promo,none,False
6786,1587,37,2025-10-10,organic,none,False
6787,1787,74,2026-07-11,referral,none,False
6788,174,273,2026-07-16,referral,none,False
6789,592,285,2026-06-22,organic,none,False
6790,473,117,2025-12-22,referral,none,False
6791,1280,75,2026-05-04,ads,none,False
6792,1027,5,2024-10-13,promo,none,False
6793,287,268,2026-07-23,promo,none,False
6794,737,165,2026-06-17,organic,none,False
6795,1477,141,2025-08-16,ads,none,False
6796,1887,24,2026-04-05,referral,none,False
6797,952,287,2024-07-14,organic,none,False
6798,1717,116,2026-06-25,organic,none,False
6799,1791,95,2025-12-16,promo,none,False
6800,598,275,2026-04-24,organic,none,False
6801,82,299,2026-06-26,organic,none,False
6802,934,254,2026-07-14,organic,none,False
6803,1757,82,2025-09-10,promo,none,False
6804,830,246,2025-05-15,promo,none,False
6805,1783,210,2025-09-10,referral,none,False
6806,553,163,2026-01-04,promo,none,False
6807,1202,121,2025-09-11,promo,none,False
6808,62,53,2025-12-06,promo,none,False
6809,857,204,2026-04-25,promo,none,False
6810,1665,252,2025-08-31,referral,none,False
6811,961,7,2026-07-24,ads,none,False
6812,329,173,2025-03-20,organic,none,False
6813,1215,54,2026-06-09,organic,none,False
6814,1860,266,2026-07-22,promo,none,False
6815,1180,129,2026-04-06,ads,none,False
6816,1106,184,2026-07-14,organic,none,False
6817,1565,81,2025-07-11,organic,none,False
6818,1338,72,2026-02-19,ads,none,False
6819,1455,114,2026-07-18,organic,none,False
6820,1282,259,2026-01-21,promo,enrollment_before_registration,False
6821,1796,293,2025-12-06,ads,none,False
6822,1150,277,2026-06-21,ads,none,False
6823,225,56,2026-01-12,organic,none,False
6824,472,193,2024-10-14,referral,none,False
6825,728,134,2024-01-31,ads,none,False
6826,916,191,2025-12-09,referral,none,False
6827,908,284,2025-09-06,ads,none,False
6828,1791,208,2025-11-14,organic,none,False
6829,1127,128,2026-07-23,ads,none,False
6830,94,69,2024-09-24,organic,none,False
6831,367,70,2025-09-24,ads,none,False
6832,1116,163,2026-07-20,ads,none,False
6833,1800,142,2026-01-16,promo,none,False
6834,24,121,2024-09-27,ads,none,False
6835,665,241,2026-07-01,referral,none,False
6836,697,24,2025-12-23,promo,none,False
6837,667,216,2026-01-10,referral,none,False
6838,665,209,2025-05-27,organic,none,False
6839,1915,113,2025-08-08,organic,none,False
6840,129,68,2024-03-14,referral,none,False
6841,1681,4,2025-11-16,promo,none,False
6842,445,61,2026-07-03,ads,none,False
6843,132,166,2026-05-16,promo,none,False
6844,990,77,2025-10-28,promo,none,False
6845,1746,172,2026-06-17,referral,none,False
6846,494,93,2026-01-06,ads,none,False
6847,1851,226,2025-12-10,organic,none,False
6848,1406,222,2025-12-11,ads,none,False
6849,162,300,2026-07-26,ads,none,False
6850,1720,106,2026-06-29,promo,none,False
6851,971,266,2025-12-21,promo,none,False
6852,1565,152,2025-05-15,organic,none,False
6853,928,83,2026-02-16,promo,none,False
6854,1027,62,2025-07-08,ads,none,False
6855,1990,252,2026-04-07,organic,none,False
6856,507,239,2025-06-14,organic,none,False
6857,990,117,2026-05-24,referral,none,False
6858,442,52,2025-04-02,referral,none,False
6859,654,217,2026-06-09,organic,none,False
6860,650,260,2025-06-29,ads,none,False
6861,1511,264,2026-01-16,referral,none,False
6862,1839,3,2026-04-21,promo,none,False
6863,1229,40,2026-07-30,promo,none,False
6864,81,18,2025-07-30,organic,none,False
6865,722,271,2026-04-25,ads,none,False
6866,155,228,2025-09-19,referral,none,False
6867,4,261,2026-05-02,referral,none,False
6868,1129,277,2026-06-24,referral,none,False
6869,1501,6,2026-02-07,organic,none,False
6870,885,142,2026-05-19,promo,none,False
6871,640,99,2025-10-03,ads,none,False
6872,1497,272,2026-02-01,promo,none,False
6873,205,255,2026-07-07,ads,none,False
6874,1932,8,2026-03-20,ads,none,False
6875,895,135,2026-03-28,ads,none,False
6876,1285,56,2026-02-21,referral,none,False
6877,1991,5,2026-01-02,ads,none,False
6878,1042,141,2026-07-05,ads,none,False
6879,1448,53,2026-03-02,organic,none,False
6880,1843,85,2025-02-02,ads,none,False
6881,1025,150,2025-12-01,promo,none,False
6882,1331,17,2025-09-08,referral,none,False
6883,1116,37,2026-04-27,referral,none,False
6884,1728,101,2026-04-26,promo,none,False
6885,1027,121,2026-02-16,organic,none,False
6886,754,196,2025-03-29,referral,none,False
6887,278,248,2025-06-08,ads,none,False
6888,1040,161,2024-02-17,organic,none,False
6889,1859,180,2025-11-12,ads,none,False
6890,291,197,2024-11-12,referral,none,False
6891,987,140,2026-01-26,referral,none,False
6892,1759,7,2026-03-12,organic,none,False
6893,1958,136,2026-07-22,ads,none,False
6894,1369,25,2026-04-10,organic,none,False
6895,1398,68,2026-06-09,organic,none,False
6896,497,214,2026-02-05,ads,none,False
6897,1927,13,2026-06-24,promo,none,False
6898,218,34,2026-03-25,promo,none,False
6899,1189,176,2026-07-10,organic,none,False
6900,1542,45,2025-10-14,promo,none,False
6901,526,147,2026-03-21,referral,none,False
6902,1960,206,2026-02-10,promo,none,False
6903,888,7,2026-07-17,ads,none,False
6904,1365,23,2026-04-24,referral,none,False
6905,458,160,2026-07-19,referral,none,False
6906,762,179,2024-05-27,referral,none,False
6907,1947,117,2025-09-03,organic,none,False
6908,1937,14,2026-07-28,ads,none,False
6909,1996,119,2026-05-23,promo,none,False
6910,213,291,2025-06-24,promo,none,False
6911,1021,293,2026-04-02,referral,none,False
6912,1263,37,2026-07-15,referral,none,False
6913,811,185,2026-05-05,ads,none,False
6914,1253,152,2024-08-24,referral,none,False
6915,1947,78,2025-03-27,promo,none,False
6916,1518,242,2025-11-18,ads,none,False
6917,1804,196,2026-07-13,referral,none,False
6918,904,231,2026-04-19,ads,none,False
6919,1998,298,2026-04-10,organic,none,False
6920,1974,36,2025-10-28,promo,none,False
6921,1396,283,2025-09-20,referral,none,False
6922,1046,138,2024-10-05,referral,none,False
6923,1429,295,2026-03-16,referral,none,False
6924,1360,171,2026-05-30,promo,none,False
6925,1120,196,2025-10-26,ads,none,False
6926,231,115,2026-03-19,promo,none,False
6927,1619,203,2026-06-14,ads,none,False
6928,886,116,2026-07-08,organic,none,False
6929,1562,214,2025-11-26,referral,none,False
6930,280,291,2026-01-06,ads,none,False
6931,732,269,2025-11-16,promo,none,False
6932,1048,288,2026-05-28,promo,none,False
6933,1892,94,2026-06-22,referral,none,False
6934,307,199,2025-11-11,organic,none,False
6935,982,170,2026-06-20,organic,none,False
6936,138,226,2026-01-02,organic,enrollment_before_registration,False
6937,1037,247,2026-05-08,referral,none,False
6938,1815,127,2026-05-16,promo,none,False
6939,1105,143,2026-07-13,referral,none,False
6940,570,42,2026-03-11,referral,none,False
6941,515,220,2024-09-02,ads,none,False
6942,315,243,2026-03-28,referral,none,False
6943,337,16,2026-05-28,promo,enrollment_before_registration,False
6944,213,277,2026-07-07,organic,none,False
6945,1709,19,2026-02-12,ads,none,False
6946,532,177,2026-07-20,referral,none,False
6947,468,110,2025-09-20,promo,none,False
6948,79,86,2025-11-21,referral,none,False
6949,83,77,2026-03-11,organic,none,False
6950,388,17,2025-12-01,organic,none,False
6951,1642,109,2025-05-29,promo,none,False
6952,1024,48,2026-06-28,ads,none,False
6953,558,246,2026-07-23,organic,none,False
6954,1930,202,2026-02-17,referral,none,False
6955,1425,140,2025-09-08,ads,none,False
6956,1951,224,2026-01-29,organic,enrollment_before_registration,False
6957,1078,247,2026-01-30,referral,enrollment_before_registration,False
6958,86,199,2026-06-07,ads,none,False
6959,986,281,2025-09-01,ads,none,False
6960,907,236,2025-08-12,organic,none,False
6961,1619,123,2026-06-05,referral,none,False
6962,1839,78,2026-05-18,promo,none,False
6963,801,16,2026-05-12,ads,none,False
6964,595,299,2025-10-25,referral,none,False
6965,1087,281,2026-04-23,referral,none,False
6966,1590,96,2025-07-18,promo,none,False
6967,415,187,2025-12-21,ads,none,False
6968,232,201,2026-01-09,organic,none,False
6969,1210,268,2024-08-31,ads,none,False
6970,1151,112,2025-12-24,ads,none,False
6971,361,133,2026-01-17,organic,none,False
6972,1624,42,2026-06-28,ads,none,False
6973,348,157,2025-11-25,referral,none,False
6974,276,279,2026-03-17,ads,enrollment_before_registration,False
6975,1246,93,2025-11-26,referral,none,False
6976,697,215,2026-01-27,ads,none,False
6977,1254,282,2026-04-22,ads,none,False
6978,1667,163,2025-11-26,promo,none,False
6979,1107,134,2024-02-27,ads,none,False
6980,1528,66,2025-12-16,promo,none,False
6981,1263,183,2026-01-27,organic,none,False
6982,1230,48,2026-06-21,referral,none,False
6983,357,84,2025-11-10,referral,none,False
6984,1558,234,2025-11-08,organic,none,False
6985,1751,230,2026-05-11,referral,none,False
6986,760,288,2026-06-01,organic,none,False
6987,1602,271,2026-07-10,organic,none,False
6988,1875,61,2025-12-05,promo,none,False
6989,772,243,2024-09-24,ads,none,False
6990,994,242,2026-05-19,ads,none,False
6991,672,87,2026-03-19,promo,none,False
6992,87,164,2025-05-19,organic,none,False
6993,1720,201,2026-07-29,organic,none,False
6994,419,127,2026-07-09,referral,none,False
6995,448,295,2026-06-28,referral,none,False
6996,13,275,2025-04-30,organic,none,False
6997,1449,115,2025-07-21,ads,none,False
6998,1339,232,2025-11-24,ads,none,False
6999,386,17,2026-06-23,organic,none,False
7000,985,92,2025-07-08,referral,none,False
7001,790,246,2026-06-23,promo,none,False
7002,1613,128,2025-11-30,referral,none,False
7003,710,281,2026-03-08,ads,none,False
7004,141,73,2026-07-13,ads,none,False
7005,145,88,2025-11-28,organic,none,False
7006,1501,211,2026-03-17,referral,none,False
7007,692,147,2026-07-30,organic,none,False
7008,687,236,2026-07-13,promo,none,False
7009,920,224,2025-12-11,promo,none,False
7010,1293,269,2025-10-26,ads,none,False
7011,1083,113,2025-10-15,referral,none,False
7012,1293,35,2025-07-01,ads,none,False
7013,415,141,2026-03-19,promo,none,False
7014,173,37,2023-10-09,promo,none,False
7015,121,106,2024-09-27,organic,none,False
7016,964,46,2026-07-13,ads,none,False
7017,479,181,2026-05-30,ads,none,False
7018,209,28,2026-05-31,ads,enrollment_before_registration,False
7019,1410,47,2025-06-18,promo,none,False
7020,1885,162,2026-06-24,organic,none,False
7021,335,54,2026-06-05,ads,none,False
7022,1786,51,2026-07-11,ads,none,False
7023,167,230,2025-09-11,organic,none,False
7024,929,68,2026-05-27,promo,none,False
7025,373,185,2026-05-23,promo,none,False
7026,210,201,2025-06-13,promo,none,False
7027,1577,182,2025-11-08,ads,none,False
7028,255,88,2026-06-04,ads,none,False
7029,85,122,2025-11-21,ads,none,False
7030,294,240,2026-05-05,referral,none,False
7031,1237,182,2025-01-30,organic,none,False
7032,876,239,2026-07-08,organic,none,False
7033,250,106,2024-02-26,ads,none,False
7034,317,85,2024-08-15,ads,none,False
7035,16,164,2025-05-09,referral,none,False
7036,832,36,2025-06-08,promo,none,False
7037,451,88,2026-02-11,referral,none,False
7038,966,5,2026-07-02,organic,none,False
7039,1141,84,2025-10-29,promo,none,False
7040,1962,295,2025-08-12,ads,none,False
7041,1434,57,2025-03-06,promo,none,False
7042,406,298,2026-07-28,referral,none,False
7043,159,185,2026-03-31,promo,none,False
7044,543,231,2026-06-12,ads,none,False
7045,1437,288,2026-03-20,ads,none,False
7046,1463,168,2026-07-26,organic,none,False
7047,1449,293,2025-01-14,referral,none,False
7048,1912,263,2025-05-23,referral,none,False
7049,589,107,2024-11-23,organic,none,False
7050,126,285,2025-12-24,referral,none,False
7051,660,135,2025-08-08,promo,none,False
7052,1850,290,2026-03-21,promo,none,False
7053,73,238,2025-11-18,organic,none,False
7054,1956,169,2026-06-12,ads,none,False
7055,805,239,2026-05-15,organic,none,False
7056,1485,229,2026-06-18,referral,none,False
7057,793,138,2025-06-22,ads,none,False
7058,1142,273,2026-01-13,organic,none,False
7059,956,211,2025-09-28,ads,none,False
7060,1299,71,2025-10-17,ads,none,False
7061,646,210,2026-04-22,organic,none,False
7062,1145,146,2026-06-25,ads,none,False
7063,1266,111,2026-07-21,ads,none,False
7064,1132,279,2026-07-16,promo,none,False
7065,1730,55,2026-06-23,promo,none,False
7066,114,93,2025-10-27,organic,none,False
7067,1130,177,2025-11-04,organic,none,False
7068,310,287,2026-03-07,ads,none,False
7069,967,270,2025-11-03,promo,none,False
7070,698,285,2026-01-02,organic,none,False
7071,1026,299,2026-04-13,ads,none,False
7072,764,253,2026-07-15,promo,none,False
7073,1074,63,2026-04-28,promo,none,False
7074,471,194,2026-05-08,organic,enrollment_before_registration,False
7075,472,261,2025-04-18,promo,none,False
7076,727,201,2026-07-13,ads,none,False
7077,289,294,2026-07-03,organic,none,False
7078,1425,261,2025-01-01,promo,none,False
7079,706,61,2025-09-26,ads,none,False
7080,1150,117,2026-03-07,referral,none,False
7081,159,283,2026-03-26,promo,none,False
7082,846,264,2023-09-07,promo,none,False
7083,1399,268,2024-06-18,ads,none,False
7084,617,98,2024-03-17,organic,none,False
7085,149,127,2025-08-11,ads,none,False
7086,76,20,2026-01-22,organic,none,False
7087,681,138,2024-08-16,ads,none,False
7088,766,139,2026-04-10,referral,none,False
7089,1943,171,2025-11-30,referral,none,False
7090,1148,147,2026-07-18,promo,none,False
7091,558,228,2024-06-27,ads,none,False
7092,313,42,2026-02-22,referral,none,False
7093,1350,102,2025-06-14,promo,none,False
7094,192,280,2025-02-13,organic,none,False
7095,1653,286,2026-05-02,promo,none,False
7096,829,271,2026-04-11,promo,none,False
7097,1707,179,2025-10-24,organic,none,False
7098,1458,263,2025-08-26,promo,none,False
7099,1389,181,2025-12-17,referral,none,False
7100,1503,44,2025-11-04,referral,none,False
7101,1871,272,2024-05-31,organic,none,False
7102,1514,105,2025-09-21,organic,none,False
7103,1592,262,2025-06-24,referral,none,False
7104,297,255,2026-05-27,referral,none,False
7105,331,102,2026-02-08,ads,none,False
7106,1568,262,2026-06-06,ads,none,False
7107,582,284,2025-10-19,organic,none,False
7108,1160,45,2026-05-15,ads,none,False
7109,38,38,2026-05-29,promo,none,False
7110,1651,72,2026-02-20,organic,none,False
7111,1696,173,2026-04-16,referral,none,False
7112,254,34,2026-02-02,ads,none,False
7113,1932,75,2026-06-07,promo,none,False
7114,1139,102,2025-06-20,organic,none,False
7115,1402,68,2026-07-01,referral,none,False
7116,8,25,2025-03-31,referral,none,False
7117,1640,216,2025-04-14,promo,none,False
7118,1839,267,2026-06-30,referral,none,False
7119,1200,163,2026-05-05,promo,none,False
7120,822,125,2026-07-10,referral,none,False
7121,642,163,2025-10-24,promo,none,False
7122,37,14,2025-06-09,organic,none,False
7123,1455,293,2026-06-03,promo,none,False
7124,1402,224,2025-12-08,organic,none,False
7125,1734,178,2026-05-20,ads,none,False
7126,874,237,2025-12-30,organic,none,False
7127,253,220,2024-12-19,ads,none,False
7128,843,71,2025-10-12,ads,none,False
7129,1042,25,2026-06-11,organic,none,False
7130,1392,64,2026-06-29,ads,none,False
7131,1145,145,2026-04-22,ads,none,False
7132,619,251,2026-03-28,referral,none,False
7133,790,99,2025-11-25,promo,none,False
7134,1956,110,2026-04-04,organic,none,False
7135,1880,64,2026-01-06,referral,none,False
7136,1368,163,2026-07-16,organic,none,False
7137,1947,132,2026-06-05,organic,none,False
7138,1262,38,2026-06-06,ads,none,False
7139,620,40,2026-05-07,referral,none,False
7140,617,162,2026-07-08,promo,none,False
7141,1782,119,2025-12-05,organic,none,False
7142,204,239,2025-01-21,referral,none,False
7143,210,74,2025-05-10,organic,none,False
7144,539,3,2026-02-13,promo,none,False
7145,1899,85,2024-09-02,ads,none,False
7146,660,298,2026-06-28,organic,none,False
7147,1262,197,2025-06-22,organic,none,False
7148,205,158,2025-11-19,ads,none,False
7149,435,213,2026-06-28,organic,none,False
7150,911,74,2026-07-11,promo,none,False
7151,774,208,2026-04-29,ads,none,False
7152,275,142,2025-06-24,referral,none,False
7153,1839,260,2026-05-04,organic,none,False
7154,1854,83,2025-12-29,ads,none,False
7155,217,200,2026-06-15,organic,none,False
7156,1031,181,2026-06-20,promo,none,False
7157,1096,79,2026-01-30,organic,enrollment_before_registration,False
7158,1413,184,2025-11-19,organic,none,False
7159,1422,165,2026-01-10,organic,enrollment_before_registration,False
7160,643,220,2025-05-04,ads,none,False
7161,823,240,2026-06-24,promo,enrollment_before_registration,False
7162,42,133,2025-09-03,ads,none,False
7163,8,30,2025-10-05,promo,none,False
7164,1864,232,2026-04-27,promo,none,False
7165,127,225,2026-01-04,ads,none,False
7166,1169,300,2026-01-27,promo,none,False
7167,193,141,2025-05-14,referral,none,False
7168,628,102,2024-01-26,referral,none,False
7169,260,105,2025-07-18,referral,none,False
7170,1618,246,2025-11-14,organic,none,False
7171,1776,129,2025-05-04,organic,none,False
7172,518,214,2025-11-19,ads,none,False
7173,656,132,2024-11-23,promo,none,False
7174,108,294,2025-11-07,referral,none,False
7175,1770,239,2025-11-21,promo,none,False
7176,1999,129,2026-04-13,ads,none,False
7177,152,118,2026-05-12,referral,none,False
7178,1182,26,2025-08-07,organic,none,False
7179,1956,29,2026-03-23,organic,none,False
7180,179,120,2025-12-21,ads,none,False
7181,711,71,2026-03-11,organic,none,False
7182,382,299,2026-04-11,ads,none,False
7183,1769,5,2025-06-09,organic,none,False
7184,433,132,2026-07-28,ads,none,False
7185,1881,216,2023-12-21,organic,none,False
7186,549,273,2025-04-10,promo,none,False
7187,1337,214,2024-10-16,ads,none,False
7188,1469,54,2025-05-21,ads,none,False
7189,273,90,2026-04-30,ads,none,False
7190,375,22,2025-08-30,promo,none,False
7191,48,239,2026-05-27,organic,none,False
7192,1899,295,2026-01-24,organic,none,False
7193,993,138,2025-08-09,promo,none,False
7194,370,141,2026-03-18,organic,none,False
7195,125,34,2026-06-23,promo,none,False
7196,20,69,2026-07-02,organic,none,False
7197,726,287,2024-03-17,ads,none,False
7198,451,186,2026-01-07,organic,none,False
7199,1979,287,2025-05-31,promo,none,False
7200,1346,153,2026-03-09,ads,none,False
7201,742,289,2024-03-30,promo,none,False
7202,898,110,2025-12-14,referral,none,False
7203,689,19,2025-11-28,referral,none,False
7204,1036,124,2025-05-23,referral,none,False
7205,778,123,2025-09-26,promo,none,False
7206,1947,32,2025-07-01,referral,none,False
7207,472,24,2025-06-04,ads,none,False
7208,269,196,2026-02-24,promo,none,False
7209,1883,192,2024-12-23,referral,none,False
7210,152,2,2025-12-20,referral,none,False
7211,145,209,2025-07-11,ads,none,False
7212,729,222,2026-03-23,organic,none,False
7213,649,173,2025-08-02,organic,none,False
7214,1668,192,2025-02-18,promo,none,False
7215,745,164,2025-01-27,organic,none,False
7216,513,178,2026-07-18,referral,none,False
7217,529,82,2025-10-14,promo,none,False
7218,1671,242,2026-07-02,referral,none,False
7219,764,209,2026-06-19,promo,none,False
7220,254,12,2025-07-29,referral,none,False
7221,954,46,2026-07-08,promo,none,False
7222,882,16,2026-04-13,ads,none,False
7223,1557,243,2026-07-18,organic,none,False
7224,404,55,2026-04-01,organic,none,False
7225,1282,148,2026-06-03,promo,enrollment_before_registration,False
7226,756,159,2026-04-19,promo,none,False
7227,354,22,2026-04-22,ads,none,False
7228,1524,156,2026-06-03,referral,none,False
7229,1571,243,2025-09-21,promo,none,False
7230,101,207,2025-02-03,organic,none,False
7231,359,190,2025-12-29,promo,none,False
7232,854,58,2026-04-18,referral,none,False
7233,1113,235,2026-07-29,ads,none,False
7234,1073,105,2025-03-26,ads,none,False
7235,1038,277,2026-06-28,organic,none,False
7236,145,48,2026-07-27,promo,none,False
7237,494,235,2026-07-09,ads,none,False
7238,700,77,2025-06-14,ads,none,False
7239,1219,233,2026-05-29,organic,none,False
7240,1211,76,2025-09-16,promo,none,False
7241,602,228,2024-05-01,referral,none,False
7242,2,218,2026-03-27,promo,none,False
7243,835,83,2026-02-15,ads,none,False
7244,43,261,2025-11-14,referral,none,False
7245,113,200,2026-06-28,promo,none,False
7246,201,57,2025-09-28,referral,none,False
7247,1572,221,2026-05-06,organic,none,False
7248,338,296,2024-10-07,referral,none,False
7249,290,192,2025-06-13,referral,none,False
7250,777,265,2026-02-22,promo,none,False
7251,1864,269,2025-10-10,ads,none,False
7252,620,90,2026-06-24,referral,none,False
7253,948,133,2026-06-15,organic,none,False
7254,179,247,2026-06-24,ads,none,False
7255,1929,159,2026-05-11,referral,none,False
7256,821,182,2026-07-11,referral,none,False
7257,1582,182,2025-10-24,organic,none,False
7258,419,268,2025-12-24,promo,none,False
7259,60,198,2026-01-30,ads,none,False
7260,894,149,2024-05-09,referral,none,False
7261,240,171,2025-01-02,promo,none,False
7262,579,108,2026-06-26,organic,none,False
7263,546,143,2026-07-18,referral,none,False
7264,1787,97,2026-04-27,ads,none,False
7265,15,165,2024-07-20,ads,none,False
7266,146,193,2026-01-13,promo,none,False
7267,1338,258,2026-03-06,referral,none,False
7268,462,135,2026-03-04,referral,none,False
7269,1660,175,2026-03-19,ads,none,False
7270,139,126,2026-03-02,ads,none,False
7271,1966,233,2026-06-05,promo,none,False
7272,1079,91,2025-10-03,promo,none,False
7273,1653,256,2026-04-15,promo,none,False
7274,1983,160,2026-06-20,promo,none,False
7275,1228,29,2024-08-23,ads,none,False
7276,1480,133,2026-04-29,organic,none,False
7277,1044,148,2023-12-08,ads,none,False
7278,1557,246,2025-07-22,ads,none,False
7279,316,142,2025-09-26,ads,none,False
7280,239,108,2025-10-09,ads,none,False
7281,841,158,2026-07-13,referral,none,False
7282,322,152,2026-06-20,organic,none,False
7283,1584,20,2025-08-22,promo,none,False
7284,1039,182,2025-06-25,referral,none,False
7285,204,75,2025-07-16,referral,none,False
7286,1189,159,2026-03-05,ads,none,False
7287,571,127,2025-04-29,promo,none,False
7288,576,3,2026-03-05,promo,none,False
7289,1821,206,2025-12-22,organic,none,False
7290,628,267,2026-07-13,referral,none,False
7291,1954,289,2025-09-08,promo,none,False
7292,922,52,2025-01-30,ads,none,False
7293,697,255,2025-07-02,promo,none,False
7294,1305,287,2026-02-26,promo,none,False
7295,40,9,2026-07-15,ads,none,False
7296,636,224,2025-10-17,promo,none,False
7297,1507,87,2025-10-29,organic,none,False
7298,368,232,2026-01-31,ads,none,False
7299,1892,47,2026-07-21,ads,none,False
7300,1821,285,2025-04-16,ads,none,False
7301,1722,87,2026-05-18,ads,none,False
7302,1921,294,2025-07-16,ads,none,False
7303,340,73,2025-09-25,promo,none,False
7304,404,262,2025-07-18,promo,none,False
7305,1220,272,2024-12-11,referral,none,False
7306,1123,44,2026-05-12,ads,none,False
7307,1645,238,2025-12-28,promo,none,False
7308,1173,147,2024-12-10,promo,none,False
7309,97,55,2026-07-14,promo,none,False
7310,107,226,2026-04-17,referral,none,False
7311,1182,73,2026-01-04,ads,none,False
7312,1730,222,2026-05-28,ads,none,False
7313,898,183,2024-08-18,ads,none,False
7314,983,149,2025-10-02,ads,none,False
7315,1137,229,2026-06-26,ads,none,False
7316,961,10,2025-09-27,promo,none,False
7317,1864,207,2025-01-14,referral,none,False
7318,420,25,2026-04-28,ads,none,False
7319,1344,13,2026-01-23,organic,none,False
7320,1781,56,2026-01-15,referral,none,False
7321,356,63,2025-08-16,organic,none,False
7322,1489,292,2025-09-29,promo,none,False
7323,1330,122,2026-04-05,referral,none,False
7324,566,37,2025-06-04,promo,none,False
7325,22,88,2026-07-17,organic,none,False
7326,1550,28,2026-03-20,referral,none,False
7327,870,94,2025-02-11,promo,none,False
7328,307,222,2026-03-29,organic,none,False
7329,194,161,2025-10-09,referral,none,False
7330,102,184,2026-03-22,promo,none,False
7331,173,18,2024-11-21,promo,none,False
7332,537,121,2025-09-09,organic,none,False
7333,1270,228,2026-05-01,promo,none,False
7334,1660,228,2025-09-05,promo,none,False
7335,1262,181,2025-06-16,ads,none,False
7336,338,92,2026-01-26,organic,none,False
7337,1179,275,2024-05-31,organic,none,False
7338,156,125,2026-01-21,organic,enrollment_before_registration;enrollment_before_publish,False
7339,1660,83,2026-02-12,organic,none,False
7340,843,125,2026-07-03,referral,none,False
7341,1763,195,2026-06-16,referral,none,False
7342,748,6,2026-02-25,organic,none,False
7343,1742,167,2025-08-21,ads,none,False
7344,1863,11,2026-05-02,ads,none,False
7345,737,42,2026-02-07,promo,none,False
7346,1461,191,2025-05-05,organic,none,False
7347,522,267,2026-07-26,referral,none,False
7348,1743,179,2026-05-21,promo,none,False
7349,1792,123,2026-03-19,organic,none,False
7350,1615,238,2025-04-19,referral,none,False
7351,1775,182,2026-03-03,organic,none,False
7352,1278,232,2026-03-15,promo,none,False
7353,110,278,2026-07-25,referral,none,False
7354,179,52,2025-03-13,organic,none,False
7355,1348,68,2026-02-19,organic,none,False
7356,1557,129,2026-07-15,promo,none,False
7357,868,25,2026-06-11,ads,none,False
7358,199,219,2025-08-07,referral,none,False
7359,36,198,2026-06-08,promo,none,False
7360,1941,192,2026-07-20,ads,none,False
7361,31,127,2025-08-20,promo,none,False
7362,1332,129,2026-03-22,organic,none,False
7363,1938,114,2025-08-11,ads,none,False
7364,764,163,2026-07-29,referral,none,False
7365,1833,111,2025-07-23,ads,none,False
7366,1214,56,2026-03-08,referral,none,False
7367,759,233,2026-04-28,promo,none,False
7368,1031,19,2025-10-08,promo,none,False
7369,270,92,2025-09-08,referral,none,False
7370,1996,188,2026-06-18,organic,none,False
7371,1268,289,2026-01-06,referral,none,False
7372,446,52,2025-12-27,promo,none,False
7373,943,281,2026-05-24,organic,none,False
7374,1573,210,2026-01-05,promo,enrollment_before_registration,False
7375,858,280,2025-08-16,promo,none,False
7376,1481,243,2024-12-08,referral,none,False
7377,172,270,2024-12-20,promo,none,False
7378,554,64,2026-01-25,organic,none,False
7379,1396,85,2025-10-05,ads,none,False
7380,982,48,2026-06-17,ads,none,False
7381,1522,101,2025-11-14,ads,none,False
7382,169,144,2026-02-14,organic,none,False
7383,384,130,2026-04-28,referral,none,False
7384,134,268,2024-07-23,ads,none,False
7385,548,297,2026-05-05,promo,none,False
7386,284,138,2024-05-15,organic,none,False
7387,1874,264,2025-01-26,referral,none,False
7388,216,295,2025-06-30,ads,none,False
7389,1016,154,2026-03-22,promo,none,False
7390,285,1,2025-04-04,organic,none,False
7391,72,28,2026-04-07,organic,none,False
7392,1221,184,2026-02-18,ads,none,False
7393,1034,277,2026-06-27,referral,none,False
7394,128,25,2025-05-06,promo,none,False
7395,229,244,2024-07-10,organic,none,False
7396,28,130,2026-01-20,ads,none,False
7397,760,220,2026-06-16,ads,none,False
7398,984,171,2025-09-10,ads,none,False
7399,941,25,2026-07-05,organic,none,False
7400,919,176,2026-07-17,ads,none,False
7401,876,51,2026-02-02,referral,none,False
7402,953,227,2025-12-13,ads,none,False
7403,732,98,2026-01-16,promo,none,False
7404,59,129,2026-05-22,referral,none,False
7405,473,216,2025-11-20,organic,none,False
7406,1429,287,2026-07-08,referral,none,False
7407,1049,75,2025-12-15,promo,none,False
7408,274,174,2026-06-02,referral,none,False
7409,405,183,2026-02-27,ads,none,False
7410,90,189,2026-04-21,referral,none,False
7411,1366,179,2026-05-11,organic,none,False
7412,1129,120,2026-06-28,promo,none,False
7413,1256,147,2026-05-28,referral,none,False
7414,878,253,2025-12-06,promo,none,False
7415,71,79,2026-01-25,organic,none,False
7416,1977,143,2025-07-09,promo,none,False
7417,1328,269,2026-07-02,ads,none,False
7418,1536,284,2026-07-23,referral,none,False
7419,1500,46,2026-07-18,ads,none,False
7420,736,278,2026-04-08,organic,enrollment_before_registration,False
7421,1719,75,2026-05-23,organic,none,False
7422,1226,133,2026-04-23,organic,none,False
7423,1796,210,2026-05-19,ads,none,False
7424,749,41,2025-06-28,ads,none,False
7425,1178,286,2026-04-04,ads,none,False
7426,1093,111,2026-03-10,promo,none,False
7427,1119,154,2025-09-21,promo,none,False
7428,1789,121,2025-08-18,organic,none,False
7429,553,89,2026-04-18,ads,none,False
7430,1118,94,2026-07-03,referral,none,False
7431,2000,220,2025-04-21,organic,none,False
7432,1567,241,2026-05-09,promo,none,False
7433,540,244,2026-06-26,ads,none,False
7434,1488,193,2026-07-26,organic,none,False
7435,1119,151,2026-05-16,promo,none,False
7436,1281,185,2024-12-25,organic,none,False
7437,34,53,2026-03-02,promo,none,False
7438,1632,218,2026-01-01,referral,none,False
7439,233,92,2026-03-31,organic,none,False
7440,694,103,2026-02-03,promo,none,False
7441,852,4,2025-12-08,ads,none,False
7442,966,228,2026-07-09,promo,none,False
7443,1736,154,2026-05-29,promo,none,False
7444,1186,7,2026-04-28,ads,none,False
7445,1273,156,2025-08-24,referral,none,False
7446,693,283,2025-08-12,promo,none,False
7447,47,78,2026-07-05,referral,none,False
7448,1907,298,2026-05-18,referral,none,False
7449,1257,300,2025-09-20,referral,none,False
7450,761,45,2026-01-25,ads,none,False
7451,977,284,2025-10-11,referral,none,False
7452,1104,247,2026-05-22,organic,none,False
7453,1198,242,2026-02-18,referral,none,False
7454,1702,14,2026-05-23,ads,none,False
7455,240,53,2026-02-25,ads,none,False
7456,411,97,2024-04-20,organic,none,False
7457,1384,299,2025-09-24,ads,none,False
7458,1839,113,2026-04-24,ads,none,False
7459,151,45,2026-04-18,promo,none,False
7460,805,156,2026-05-05,promo,none,False
7461,873,2,2026-04-09,referral,none,False
7462,1066,267,2026-07-25,organic,none,False
7463,1781,293,2026-04-11,organic,none,False
7464,584,290,2026-06-01,ads,none,False
7465,197,206,2026-01-05,ads,none,False
7466,147,56,2026-01-15,referral,none,False
7467,725,229,2025-03-11,organic,none,False
7468,1355,37,2025-01-19,organic,none,False
7469,1249,190,2024-12-15,ads,none,False
7470,1741,235,2026-07-28,organic,none,False
7471,1758,185,2025-04-11,referral,none,False
7472,305,198,2025-11-20,organic,none,False
7473,484,112,2026-03-17,ads,none,False
7474,88,276,2026-04-21,promo,none,False
7475,722,293,2026-03-27,promo,none,False
7476,1951,134,2026-05-02,referral,enrollment_before_registration,False
7477,534,19,2026-06-09,organic,none,False
7478,1364,242,2026-02-20,referral,none,False
7479,1151,98,2025-07-02,referral,none,False
7480,157,116,2026-07-23,ads,none,False
7481,1015,28,2025-12-30,promo,none,False
7482,1730,186,2026-03-09,referral,none,False
7483,1926,43,2026-02-09,organic,none,False
7484,1640,42,2026-05-03,organic,none,False
7485,1870,218,2026-06-08,referral,none,False
7486,708,152,2025-01-25,organic,none,False
7487,1266,133,2026-06-28,referral,none,False
7488,1314,287,2025-09-04,referral,none,False
7489,1597,196,2024-05-16,organic,none,False
7490,1301,133,2026-07-14,organic,none,False
7491,1470,82,2026-07-06,referral,none,False
7492,61,57,2026-04-25,ads,none,False
7493,1510,103,2026-05-17,referral,none,False
7494,622,190,2025-08-22,referral,none,False
7495,1674,201,2026-07-24,ads,none,False
7496,103,164,2026-07-13,referral,none,False
7497,1214,157,2026-01-26,promo,none,False
7498,326,65,2026-01-18,organic,none,False
7499,607,130,2025-08-04,ads,none,False
7500,1250,146,2026-07-20,organic,none,False
7501,647,167,2024-11-09,ads,none,False
7502,1402,253,2026-04-30,ads,none,False
7503,1521,292,2026-03-05,organic,none,False
7504,775,57,2024-08-22,organic,none,False
7505,1261,211,2026-04-29,referral,enrollment_before_registration,False
7506,1528,267,2026-07-01,organic,none,False
7507,227,259,2025-12-16,promo,none,False
7508,1251,27,2025-11-30,organic,none,False
7509,1855,48,2026-07-19,referral,none,False
7510,374,222,2023-12-21,referral,none,False
7511,1837,29,2025-09-24,referral,none,False
7512,455,47,2025-07-24,organic,none,False
7513,194,117,2025-12-18,referral,none,False
7514,1064,32,2026-04-18,organic,none,False
7515,772,261,2026-03-02,promo,none,False
7516,999,93,2026-01-05,promo,none,False
7517,1752,174,2026-06-11,promo,none,False
7518,466,63,2026-02-17,organic,none,False
7519,1301,110,2026-01-22,organic,none,False
7520,1817,230,2026-06-15,promo,none,False
7521,1604,171,2026-06-15,ads,none,False
7522,329,26,2025-11-07,ads,none,False
7523,941,236,2026-04-18,promo,enrollment_before_registration,False
7524,1972,68,2026-04-15,organic,none,False
7525,775,159,2026-05-25,promo,none,False
7526,925,108,2025-07-05,referral,none,False
7527,720,229,2026-01-02,ads,none,False
7528,1681,40,2025-03-06,referral,none,False
7529,1604,6,2026-06-19,organic,none,False
7530,1184,203,2025-02-15,ads,none,False
7531,1881,128,2025-09-14,organic,none,False
7532,1768,112,2025-04-12,promo,none,False
7533,1493,262,2026-07-03,ads,none,False
7534,1426,53,2026-02-02,referral,none,False
7535,1933,247,2026-06-08,organic,none,False
7536,1425,232,2026-03-03,ads,none,False
7537,186,291,2025-11-06,referral,none,False
7538,1729,9,2026-05-14,ads,enrollment_before_registration,False
7539,1215,235,2026-06-05,promo,none,False
7540,324,132,2026-02-10,promo,none,False
7541,1791,231,2024-06-21,promo,none,False
7542,849,74,2024-11-22,referral,none,False
7543,232,139,2025-09-22,ads,none,False
7544,1970,74,2025-08-31,promo,none,False
7545,1271,154,2026-05-24,promo,none,False
7546,1727,93,2026-06-09,organic,none,False
7547,327,264,2024-10-18,promo,none,False
7548,1110,72,2026-06-24,ads,none,False
7549,734,219,2026-01-26,referral,none,False
7550,195,42,2026-02-13,referral,none,False
7551,294,92,2025-10-23,organic,none,False
7552,1440,209,2025-06-06,organic,none,False
7553,1922,248,2026-07-03,ads,none,False
7554,129,225,2024-12-30,ads,none,False
7555,660,139,2025-08-27,organic,none,False
7556,1195,211,2026-04-28,ads,none,False
7557,1195,229,2026-07-23,organic,none,False
7558,1174,133,2024-05-31,promo,none,False
7559,1423,247,2026-06-09,organic,none,False
7560,1245,131,2026-07-09,organic,none,False
7561,859,24,2026-06-16,organic,none,False
7562,1307,195,2026-03-08,referral,none,False
7563,1237,288,2025-07-18,promo,none,False
7564,514,85,2026-04-30,organic,none,False
7565,434,149,2026-05-16,organic,none,False
7566,1672,211,2025-04-05,promo,none,False
7567,1980,13,2026-06-01,promo,none,False
7568,423,85,2025-08-02,ads,none,False
7569,1231,18,2024-09-19,ads,none,False
7570,271,129,2025-11-18,organic,none,False
7571,1048,98,2025-10-30,organic,none,False
7572,1989,40,2026-07-11,referral,none,False
7573,1420,171,2025-04-20,referral,none,False
7574,949,229,2025-06-26,referral,none,False
7575,884,90,2026-06-22,organic,none,False
7576,1604,175,2026-07-06,referral,none,False
7577,538,34,2026-06-24,promo,enrollment_before_registration,False
7578,743,160,2026-02-08,ads,none,False
7579,281,244,2025-02-15,promo,none,False
7580,943,185,2025-10-20,promo,none,False
7581,1572,130,2026-01-30,organic,none,False
7582,359,255,2025-09-08,organic,none,False
7583,779,250,2025-06-23,ads,none,False
7584,1793,7,2026-01-19,organic,none,False
7585,592,104,2026-05-06,referral,none,False
7586,582,94,2026-02-13,ads,none,False
7587,1979,164,2026-04-23,promo,none,False
7588,186,50,2025-12-23,promo,none,False
7589,526,130,2026-07-24,organic,none,False
7590,1013,177,2026-02-28,referral,none,False
7591,365,103,2026-03-27,promo,none,False
7592,958,24,2026-03-17,ads,enrollment_before_registration,False
7593,482,48,2026-06-14,organic,none,False
7594,1259,111,2026-02-05,ads,none,False
7595,551,123,2026-06-22,ads,none,False
7596,954,246,2025-07-22,referral,none,False
7597,237,295,2025-07-10,referral,none,False
7598,206,299,2026-01-02,referral,none,False
7599,1726,86,2024-12-14,referral,none,False
7600,946,131,2026-05-15,ads,none,False
7601,327,148,2025-03-22,organic,none,False
7602,1856,140,2026-03-28,promo,none,False
7603,1834,42,2026-06-04,promo,none,False
7604,547,149,2026-06-29,organic,none,False
7605,1803,121,2025-04-25,ads,none,False
7606,917,70,2025-03-05,organic,none,False
7607,1080,3,2026-05-22,referral,none,False
7608,306,281,2025-08-02,ads,none,False
7609,515,98,2026-04-22,organic,none,False
7610,1818,140,2026-04-13,referral,none,False
7611,1807,295,2025-10-02,promo,none,False
7612,548,115,2024-06-02,referral,none,False
7613,1986,159,2026-06-04,ads,none,False
7614,222,115,2025-10-11,ads,none,False
7615,862,13,2026-05-14,ads,none,False
7616,2,208,2026-04-13,ads,none,False
7617,1629,264,2026-02-19,promo,none,False
7618,594,84,2026-03-09,ads,none,False
7619,386,65,2024-06-28,promo,none,False
7620,19,144,2026-05-22,promo,none,False
7621,698,290,2026-05-27,referral,none,False
7622,726,199,2024-03-16,ads,none,False
7623,1237,216,2026-01-09,organic,none,False
7624,30,232,2025-04-29,referral,none,False
7625,1842,8,2026-03-09,promo,none,False
7626,694,204,2026-07-13,organic,none,False
7627,164,44,2025-11-16,promo,none,False
7628,803,241,2025-12-28,ads,none,False
7629,504,239,2024-12-10,organic,none,False
7630,171,54,2025-12-30,referral,none,False
7631,1236,109,2025-10-27,organic,none,False
7632,1677,73,2026-04-08,promo,none,False
7633,1094,177,2025-07-15,referral,none,False
7634,1578,238,2025-04-10,ads,none,False
7635,940,253,2026-07-09,ads,none,False
7636,190,67,2026-01-29,organic,none,False
7637,672,154,2025-06-23,promo,none,False
7638,1617,128,2026-07-08,ads,none,False
7639,1099,14,2026-01-26,ads,none,False
7640,1537,14,2026-03-20,organic,none,False
7641,1959,17,2025-05-13,referral,none,False
7642,943,166,2024-08-22,organic,none,False
7643,1791,41,2026-01-19,ads,none,False
7644,183,251,2026-04-09,promo,none,False
7645,814,87,2024-06-17,organic,none,False
7646,304,91,2026-05-19,ads,none,False
7647,1,145,2026-03-19,ads,none,False
7648,33,175,2026-04-29,promo,none,False
7649,1976,213,2026-03-06,ads,none,False
7650,978,177,2026-06-14,organic,none,False
7651,771,92,2026-06-11,referral,none,False
7652,1524,280,2025-12-31,organic,none,False
7653,586,200,2026-06-14,promo,none,False
7654,723,90,2026-05-18,organic,none,False
7655,733,117,2026-06-11,ads,none,False
7656,1704,134,2026-06-25,referral,none,False
7657,884,113,2026-07-28,organic,none,False
7658,690,11,2026-03-21,organic,none,False
7659,712,84,2026-01-18,organic,none,False
7660,1576,18,2026-07-14,promo,enrollment_before_registration,False
7661,1080,164,2026-07-20,organic,none,False
7662,854,206,2025-08-29,organic,none,False
7663,1912,86,2026-03-26,promo,none,False
7664,395,292,2026-01-10,organic,none,False
7665,1103,227,2025-11-02,promo,none,False
7666,315,55,2026-04-08,organic,none,False
7667,1891,22,2026-01-25,promo,none,False
7668,1853,261,2025-09-03,referral,none,False
7669,513,281,2026-06-29,promo,none,False
7670,1939,4,2026-03-06,organic,none,False
7671,1225,228,2026-01-25,referral,none,False
7672,1943,261,2025-08-02,referral,none,False
7673,12,154,2024-12-06,promo,none,False
7674,717,92,2025-11-09,promo,none,False
7675,132,45,2026-04-21,ads,none,False
7676,113,178,2026-07-17,referral,none,False
7677,906,225,2025-10-24,ads,none,False
7678,348,136,2025-08-03,referral,none,False
7679,268,11,2026-05-24,organic,none,False
7680,49,23,2026-05-19,promo,none,False
7681,968,18,2026-02-16,ads,none,False
7682,780,89,2026-07-04,organic,none,False
7683,754,115,2026-06-26,organic,none,False
7684,666,208,2025-11-29,ads,none,False
7685,1311,145,2026-04-24,organic,none,False
7686,1429,280,2026-06-26,promo,none,False
7687,987,80,2026-06-10,ads,none,False
7688,209,180,2026-04-05,referral,enrollment_before_registration,False
7689,995,181,2025-11-28,ads,none,False
7690,1954,133,2026-01-21,referral,none,False
7691,739,210,2026-05-03,referral,none,False
7692,631,217,2026-03-17,referral,none,False
7693,458,149,2026-05-06,referral,none,False
7694,449,119,2026-07-05,promo,none,False
7695,1321,211,2025-12-12,organic,none,False
7696,363,80,2026-05-23,referral,none,False
7697,629,130,2026-01-12,referral,none,False
7698,702,52,2025-05-15,referral,none,False
7699,975,70,2025-09-17,referral,none,False
7700,1715,281,2025-12-16,referral,none,False
7701,1876,53,2026-05-30,promo,none,False
7702,1604,223,2026-06-26,organic,none,False
7703,664,146,2026-06-17,organic,none,False
7704,489,86,2026-04-18,organic,none,False
7705,319,41,2025-12-31,organic,none,False
7706,1889,160,2026-04-13,ads,none,False
7707,1859,129,2025-11-28,referral,none,False
7708,127,282,2026-07-16,referral,none,False
7709,205,200,2026-02-19,promo,none,False
7710,138,70,2026-06-14,referral,enrollment_before_registration,False
7711,20,181,2026-02-23,referral,none,False
7712,1259,210,2026-02-16,referral,none,False
7713,837,228,2025-05-20,ads,none,False
7714,856,237,2024-02-28,ads,none,False
7715,802,297,2026-05-08,promo,none,False
7716,1753,148,2025-12-13,promo,none,False
7717,1960,57,2025-10-05,referral,none,False
7718,799,85,2026-04-06,promo,none,False
7719,1860,204,2026-06-28,organic,none,False
7720,1830,250,2025-11-03,ads,none,False
7721,1427,229,2026-05-16,ads,none,False
7722,1828,35,2025-08-17,organic,none,False
7723,974,175,2026-07-11,referral,none,False
7724,172,67,2025-03-26,ads,none,False
7725,711,192,2026-06-22,ads,none,False
7726,864,239,2026-05-06,organic,none,False
7727,1190,65,2026-01-25,promo,none,False
7728,1403,233,2025-12-16,ads,none,False
7729,1387,157,2026-01-18,organic,none,False
7730,1511,159,2025-12-03,ads,none,False
7731,752,229,2025-05-13,promo,none,False
7732,1265,1,2026-06-03,referral,none,False
7733,1492,117,2026-01-23,ads,none,False
7734,1364,237,2024-12-30,organic,none,False
7735,865,177,2025-07-07,ads,none,False
7736,34,293,2025-09-17,organic,none,False
7737,1717,110,2025-10-30,referral,none,False
7738,144,46,2026-07-14,ads,none,False
7739,1050,267,2026-06-28,promo,none,False
7740,576,187,2026-07-14,ads,none,False
7741,1169,295,2025-09-29,ads,none,False
7742,1889,134,2026-04-22,organic,none,False
7743,148,236,2024-10-29,promo,none,False
7744,887,222,2024-09-29,promo,none,False
7745,968,193,2026-04-28,referral,none,False
7746,1282,92,2026-07-11,organic,enrollment_before_registration,False
7747,1415,40,2026-06-02,referral,none,False
7748,1862,40,2025-08-25,referral,none,False
7749,417,47,2025-01-01,organic,none,False
7750,1114,16,2025-12-13,organic,none,False
7751,1367,56,2026-02-07,referral,none,False
7752,283,89,2026-05-25,promo,none,False
7753,1746,106,2025-09-09,organic,none,False
7754,1186,277,2026-07-24,organic,none,False
7755,1045,285,2026-07-20,ads,none,False
7756,907,241,2025-09-04,promo,none,False
7757,1523,263,2026-05-26,organic,none,False
7758,1682,287,2026-07-21,ads,none,False
7759,1377,152,2024-08-20,ads,none,False
7760,1797,161,2025-05-01,organic,none,False
7761,578,130,2026-01-24,referral,none,False
7762,966,94,2026-07-09,ads,none,False
7763,169,276,2026-03-06,organic,none,False
7764,442,106,2026-06-05,referral,none,False
7765,1686,98,2025-10-08,ads,none,False
7766,861,174,2025-11-29,organic,none,False
7767,337,21,2026-05-01,referral,enrollment_before_registration,False
7768,720,202,2026-03-04,promo,none,False
7769,287,136,2026-01-25,promo,none,False
7770,500,219,2026-03-19,referral,none,False
7771,1902,163,2025-11-16,referral,none,False
7772,680,62,2026-05-18,organic,none,False
7773,816,133,2025-05-27,promo,none,False
7774,895,87,2026-05-15,promo,none,False
7775,1853,142,2025-12-26,referral,none,False
7776,1985,37,2026-03-30,referral,none,False
7777,1004,115,2026-02-12,ads,none,False
7778,967,63,2025-05-29,referral,none,False
7779,984,68,2025-07-28,organic,none,False
7780,216,185,2026-05-11,ads,none,False
7781,228,99,2024-11-10,referral,none,False
7782,1587,230,2026-07-29,referral,none,False
7783,1263,269,2026-03-25,promo,none,False
7784,626,245,2026-06-05,organic,none,False
7785,1996,57,2026-05-13,referral,none,False
7786,316,137,2025-07-19,ads,none,False
7787,889,278,2026-05-19,organic,none,False
7788,698,123,2026-03-13,referral,none,False
7789,655,278,2025-06-01,ads,none,False
7790,862,60,2026-06-12,organic,none,False
7791,1311,299,2025-11-28,organic,none,False
7792,1472,161,2026-04-26,ads,none,False
7793,69,157,2026-06-01,ads,none,False
7794,56,157,2026-07-28,referral,none,False
7795,1767,72,2026-05-11,ads,none,False
7796,1886,281,2025-08-16,promo,none,False
7797,1421,81,2025-04-18,ads,none,False
7798,1166,176,2026-02-22,referral,none,False
7799,1791,238,2025-09-28,ads,none,False
7800,1913,83,2026-05-30,organic,none,False
7801,570,40,2026-01-27,promo,none,False
7802,1493,141,2025-11-22,promo,none,False
7803,1745,16,2025-12-09,referral,none,False
7804,1832,61,2025-08-20,ads,none,False
7805,1851,171,2024-08-18,referral,none,False
7806,501,13,2026-04-03,ads,none,False
7807,1270,238,2026-02-18,ads,none,False
7808,967,5,2025-05-24,organic,none,False
7809,1656,137,2025-11-05,referral,none,False
7810,802,240,2025-06-24,ads,none,False
7811,38,226,2026-04-02,organic,none,False
7812,841,259,2026-01-24,promo,none,False
7813,1839,223,2026-04-25,promo,none,False
7814,119,154,2026-03-26,ads,none,False
7815,1483,47,2026-04-14,ads,none,False
7816,683,213,2025-11-18,organic,none,False
7817,675,134,2025-12-03,referral,none,False
7818,574,246,2026-05-11,promo,none,False
7819,293,14,2026-01-05,organic,none,False
7820,1122,179,2026-03-03,organic,none,False
7821,1727,188,2026-04-16,promo,none,False
7822,1071,101,2026-05-13,promo,none,False
7823,533,188,2026-04-12,organic,none,False
7824,1683,296,2026-07-12,referral,none,False
7825,882,146,2026-06-12,ads,none,False
7826,33,108,2026-05-31,ads,none,False
7827,1012,279,2026-06-12,promo,none,False
7828,891,75,2025-07-07,promo,none,False
7829,1180,266,2026-03-26,promo,none,False
7830,1013,139,2026-07-13,promo,none,False
7831,1923,227,2024-11-13,ads,none,False
7832,139,298,2026-03-21,promo,none,False
7833,763,100,2025-09-11,promo,none,False
7834,1649,227,2026-06-25,promo,none,False
7835,1181,46,2026-07-12,ads,none,False
7836,191,228,2025-04-19,referral,none,False
7837,379,70,2026-04-30,referral,none,False
7838,1526,186,2026-04-07,organic,none,False
7839,900,287,2025-01-15,promo,none,False
7840,631,132,2026-06-13,promo,none,False
7841,195,168,2026-06-15,referral,none,False
7842,1343,3,2025-11-28,promo,none,False
7843,930,233,2026-01-26,promo,none,False
7844,1616,178,2026-06-24,ads,none,False
7845,1606,65,2026-07-27,ads,none,False
7846,827,227,2024-12-30,ads,none,False
7847,1040,228,2025-10-12,promo,none,False
7848,1707,263,2025-12-26,referral,none,False
7849,1975,19,2025-08-31,promo,none,False
7850,1798,255,2026-06-11,ads,none,False
7851,1716,159,2026-04-24,ads,none,False
7852,1649,60,2026-02-17,promo,none,False
7853,1868,50,2026-05-20,promo,none,False
7854,1666,71,2026-04-17,promo,none,False
7855,305,290,2025-07-13,referral,none,False
7856,1331,18,2026-05-24,promo,none,False
7857,1871,8,2026-06-11,organic,none,False
7858,129,252,2025-12-09,promo,none,False
7859,1689,235,2026-06-24,promo,none,False
7860,1493,91,2025-12-09,promo,none,False
7861,196,290,2026-03-13,organic,none,False
7862,833,35,2024-11-16,organic,none,False
7863,997,8,2026-05-12,referral,none,False
7864,1415,167,2026-06-25,organic,none,False
7865,472,191,2025-07-08,organic,none,False
7866,734,113,2026-05-19,ads,none,False
7867,102,2,2025-02-05,promo,none,False
7868,495,46,2026-06-21,promo,none,False
7869,676,130,2026-03-14,promo,none,False
7870,1197,281,2026-01-19,referral,none,False
7871,1670,175,2025-10-12,referral,none,False
7872,1254,79,2026-07-23,promo,none,False
7873,573,273,2026-05-20,promo,none,False
7874,1458,14,2025-01-04,referral,none,False
7875,955,227,2025-09-11,ads,none,False
7876,1280,237,2026-06-02,organic,none,False
7877,526,220,2025-11-25,promo,none,False
7878,1887,224,2026-05-08,organic,none,False
7879,1157,252,2024-11-02,ads,none,False
7880,1317,178,2026-06-10,referral,none,False
7881,1874,108,2026-01-28,referral,none,False
7882,46,129,2025-03-30,organic,none,False
7883,786,251,2026-06-24,referral,none,False
7884,325,69,2026-07-30,referral,none,False
7885,676,44,2025-10-03,referral,none,False
7886,397,298,2026-05-02,promo,none,False
7887,544,128,2026-02-27,ads,none,False
7888,1730,238,2025-02-04,organic,none,False
7889,527,149,2026-01-22,ads,none,False
7890,864,216,2026-02-27,referral,none,False
7891,378,12,2026-06-25,ads,none,False
7892,1356,203,2024-12-20,organic,none,False
7893,1297,276,2026-07-15,promo,none,False
7894,1901,149,2026-06-02,promo,none,False
7895,455,141,2025-12-31,organic,none,False
7896,1291,142,2025-06-07,organic,none,False
7897,1513,151,2026-05-16,organic,none,False
7898,1307,232,2025-04-15,ads,none,False
7899,1347,259,2026-07-27,referral,none,False
7900,1700,90,2026-07-06,promo,none,False
7901,135,247,2025-06-29,promo,none,False
7902,1538,198,2026-01-28,promo,none,False
7903,146,182,2024-12-19,promo,none,False
7904,1410,183,2026-07-29,ads,none,False
7905,983,99,2026-04-15,promo,none,False
7906,1620,176,2025-02-07,promo,none,False
7907,175,254,2025-09-12,ads,none,False
7908,861,62,2026-05-01,ads,none,False
7909,39,24,2025-03-21,ads,none,False
7910,7,211,2025-07-14,ads,none,False
7911,117,199,2025-06-07,promo,none,False
7912,1000,287,2026-06-10,promo,none,False
7913,212,122,2026-03-09,organic,none,False
7914,990,97,2026-02-14,ads,none,False
7915,683,26,2026-05-19,organic,none,False
7916,1730,11,2024-12-07,ads,none,False
7917,1532,156,2025-12-03,ads,none,False
7918,1290,210,2026-04-27,referral,none,False
7919,946,41,2026-01-31,ads,none,False
7920,1483,291,2026-07-17,organic,none,False
7921,959,256,2025-08-15,ads,none,False
7922,796,154,2025-07-15,organic,none,False
7923,1221,61,2026-03-31,promo,none,False
7924,289,66,2026-06-05,referral,none,False
7925,624,193,2025-07-17,organic,none,False
7926,627,138,2026-05-09,promo,none,False
7927,837,122,2026-05-08,ads,none,False
7928,1370,142,2026-03-24,organic,none,False
7929,727,97,2026-06-19,referral,none,False
7930,1557,219,2026-06-29,referral,none,False
7931,273,286,2026-02-08,promo,none,False
7932,167,260,2025-07-27,referral,none,False
7933,1638,11,2025-12-15,promo,none,False
7934,297,75,2026-05-21,referral,none,False
7935,1712,159,2026-04-04,organic,none,False
7936,128,209,2026-03-07,organic,none,False
7937,1496,126,2026-05-08,ads,none,False
7938,1340,131,2026-06-30,referral,none,False
7939,1013,189,2026-02-25,organic,none,False
7940,1935,90,2026-06-27,promo,none,False
7941,800,283,2024-05-10,ads,none,False
7942,1076,42,2026-03-12,referral,none,False
7943,505,276,2026-06-19,ads,none,True
7944,261,19,2024-07-15,ads,none,False
7945,152,24,2025-07-20,referral,none,False
7946,983,83,2026-05-08,promo,none,False
7947,548,251,2026-05-23,ads,none,False
