user_id,full_name,email,gender,birth_date,city,registration_date,account_status
1,Marsudi Maryadi,solehlatupono@example.net,Male,2006-01-06,Bandung,2025-07-27,active
2,Ir. Irma Farida,halimgamblang@example.com,Female,1975-06-09,Medan,2026-01-24,active
3,Maida Hutapea,gsaputra@example.net,Male,1993-11-29,Medan,2025-08-26,inactive
4,Yono Wulandari,nova40@example.org,Female,2003-03-11,Malang,2026-04-03,active
5,Prabowo Natsir,wulandarikawaya@example.net,Female,1988-12-08,Makassar,2025-04-24,active
6,"Dr. Cornelia Halimah, S.I.Kom",gilang96@example.net,Female,1986-07-06,Pekanbaru,2025-07-17,active
7,"Nilam Suwarno, S.Sos",marpaungmaryanto@example.com,Female,2002-04-26,Surabaya,2024-07-19,active
8,Calista Waskita,uirawan@example.com,Male,2004-04-26,Denpasar,2025-03-27,inactive
9,Anastasia Nainggolan,wahyunihalima@example.com,Male,1990-10-22,Surabaya,2026-01-23,active
10,Emas Pudjiastuti,cutami@example.org,Male,1975-09-12,Palembang,2025-06-15,active
11,R.A. Titin Manullang,bmaheswara@example.net,Female,1982-09-15,Malang,2024-06-13,active
12,Devi Yuliarti,oiswahyudi@example.org,Female,2003-01-15,Pekanbaru,2023-08-17,active
13,Hesti Hasanah,cici46@example.com,Female,1992-02-01,Yogyakarta,2025-01-30,active
14,Winda Mayasari,cahyonosaefullah@example.com,Male,1981-01-02,Jakarta,2024-09-26,inactive
15,Paulin Laksmiwati,lili97@example.org,Male,1984-01-18,Palembang,2023-08-05,active
16,"Halima Pertiwi, S.Sos",uhasanah@example.org,Female,1979-09-12,Pekanbaru,2025-03-29,active
17,"dr. Harsana Wijayanti, S.E.I",simanjuntakwarsita@example.net,Female,1989-11-26,Bandung,2025-11-29,active
18,Amalia Megantara,daliono71@example.net,Female,1986-07-30,Pekanbaru,2023-09-12,active
19,Sarah Widodo,cakrawalahalimah@example.com,Female,1995-12-06,Denpasar,2025-07-20,active
20,"drg. Teddy Namaga, S.Gz",osimanjuntak@example.net,Female,1994-09-01,Pekanbaru,2026-02-21,active
21,"Ir. Niyaga Januar, M.M.",jaeman16@example.org,Male,1977-01-27,Palembang,2024-04-16,active
22,Kani Wahyudin,gunawanmartaka@example.org,Female,1987-05-21,Malang,2024-06-26,active
23,Cayadi Hutapea,rpratiwi@example.org,Female,1994-05-11,Makassar,2024-04-26,active
24,Jail Uyainah,almirapadmasari@example.org,Male,1980-06-28,Makassar,2024-09-25,active
25,R.M. Bagya Handayani,hastutikamal@example.net,Male,2007-06-14,Denpasar,2024-05-08,active
26,"Tgk. Faizah Winarno, M.Kom.",sari64@example.com,Female,1974-09-30,Makassar,2026-07-20,active
27,"Hj. Lala Saefullah, S.Ked",kartika44@example.org,Male,1992-08-28,Medan,2024-09-23,active
28,"KH. Dartono Sudiati, S.I.Kom",sudiatiamelia@example.com,Male,1979-02-16,Surabaya,2025-08-23,inactive
29,"Arta Saragih, M.M.",violet21@example.net,Male,1971-11-21,Jakarta,2024-02-27,active
30,"Lidya Natsir, S.Kom",cemetisihombing@example.com,Female,1975-09-28,Malang,2024-09-05,active
31,Yunita Laksmiwati,febi84@example.org,Male,2008-04-25,Pekanbaru,2025-03-16,active
32,"Sutan Satya Wastuti, S.Sos",dartono71@example.org,Female,2008-04-23,Malang,2024-06-21,active
33,R. Jaeman Uwais,cemeti60@example.com,Female,1996-10-29,Surabaya,2025-12-31,active
34,"Daruna Halimah, S.Ked",xuyainah@example.org,Female,1994-10-01,Yogyakarta,2025-08-08,inactive
35,"Dr. Tira Sihombing, S.Farm",oni31@example.net,Male,1975-02-20,Malang,2026-06-01,active
36,Daryani Nasyiah,sihombingazalea@example.org,Male,1975-11-17,Pekanbaru,2023-09-21,active
37,Timbul Agustina,vrahmawati@example.net,Male,1996-02-17,Yogyakarta,2024-12-12,active
38,Gasti Handayani,csetiawan@example.net,Female,1987-12-06,Malang,2026-02-01,active
39,Almira Widodo,dalimin58@example.net,Male,1981-05-06,Malang,2024-04-17,active
40,"Manah Riyanti, S.Ked",qiswahyudi@example.org,Male,1972-07-23,Malang,2026-06-29,inactive
41,"Drs. Fathonah Rahmawati, S.Kom",juliaputra@example.org,Male,2002-04-18,Makassar,2024-08-02,active
42,"R. Diah Namaga, S.T.",mutiaadriansyah@example.com,Female,2001-09-23,Yogyakarta,2024-04-14,inactive
43,"KH. Dasa Rahmawati, S.Psi",mustofaamong@example.com,Female,1971-03-15,Medan,2023-12-01,active
44,"Bella Kusmawati, M.M.",saifulnovitasari@example.org,Female,2000-12-05,Denpasar,2024-05-19,active
45,Cut Titi Wahyuni,hartatichelsea@example.org,Male,1990-12-04,Denpasar,2025-02-15,active
46,Silvia Kurniawan,halimyusuf@example.com,Female,1989-09-15,Medan,2024-12-17,active
47,Atmaja Mahendra,hutapeamargana@example.net,Female,1981-04-24,Semarang,2026-04-26,inactive
48,Ophelia Suartini,prabowo98@example.com,Female,1987-05-14,Malang,2025-06-26,active
49,"Zelaya Pratama, S.Farm",yolandasamiah@example.net,Male,1988-03-13,Makassar,2025-12-19,active
50,Galar Aryani,umaya66@example.net,Female,1982-10-10,Palembang,2024-04-09,active
51,Radika Hutasoit,yulianakusmawati@example.org,Male,1974-03-23,Denpasar,2024-05-08,active
52,Dr. Gambira Winarsih,elon80@example.net,Female,1975-05-10,Denpasar,2023-11-16,active
53,Kamila Jailani,shabibi@example.net,Male,1993-02-15,Palembang,2024-08-24,active
54,"Drs. Kartika Latupono, S.T.",gprasetyo@example.com,Male,1992-12-23,Medan,2024-03-23,active
55,Ana Najmudin,sudiatitira@example.net,Female,1981-03-30,Yogyakarta,2026-01-03,inactive
56,Hj. Lalita Hidayat,nardi02@example.org,Male,1976-02-14,Medan,2025-11-15,active
57,Lili Hasanah,iswahyudifebi@example.org,Female,1983-11-19,Semarang,2025-06-26,active
58,Candrakanta Safitri,jasmin91@example.org,Male,1972-07-11,Pekanbaru,2024-09-11,active
59,Dr. Lidya Saputra,bwijayanti@example.com,Male,1978-12-29,Makassar,2023-10-31,active
60,"Lega Laksita, M.TI.",satya14@example.net,Female,1996-08-09,Makassar,2025-02-14,active
61,Gada Prabowo,drahimah@example.org,Female,2000-07-06,Bandung,2023-09-21,active
62,"Mala Natsir, S.E.I",marwata10@example.com,Male,1985-06-01,Yogyakarta,2025-11-17,active
63,Jagaraga Hutagalung,cakrabirawa60@example.com,Female,2004-03-17,Pekanbaru,2025-09-12,inactive
64,Halim Damanik,auyainah@example.com,Male,2008-04-08,Makassar,2025-04-25,active
65,"Puti Hesti Fujiati, M.Farm",ftarihoran@example.com,Female,1986-03-16,Medan,2024-02-07,inactive
66,Kajen Usada,mustika35@example.org,Male,1975-01-13,Bandung,2023-10-28,active
67,Edi Napitupulu,nardi23@example.org,Female,1977-05-09,Semarang,2025-02-11,inactive
68,Usyi Pratiwi,nugrohorestu@example.com,Female,2000-03-22,Surabaya,2024-01-17,active
69,Jarwadi Handayani,ratna52@example.com,Male,1995-03-19,Semarang,2024-12-07,inactive
70,Malika Hartati,thamrincinthia@example.org,Female,1972-01-20,Pekanbaru,2025-12-22,active
71,dr. Jail Prastuti,candra19@example.net,Male,1992-03-16,Denpasar,2024-09-10,inactive
72,Galur Suartini,hartatikani@example.net,Male,1989-02-19,Denpasar,2025-12-17,active
73,"Chelsea Mayasari, S.E.",hartatidanang@example.com,Female,1972-02-11,Denpasar,2024-01-15,inactive
74,Galih Wahyudin,hnovitasari@example.net,Male,2006-05-22,Yogyakarta,2025-09-16,inactive
75,"Gandewa Haryanto, S.Psi",winda90@example.net,Female,1974-04-10,Jakarta,2024-09-30,inactive
76,Lamar Wijayanti,johan92@example.com,Female,1976-02-07,Semarang,2025-08-15,active
77,Galak Purwanti,mmustofa@example.net,Male,1985-04-11,Semarang,2024-08-20,active
78,"Mumpuni Anggraini, M.TI.",uminovitasari@example.org,Female,1984-09-12,Denpasar,2025-12-17,active
79,Darmanto Mandala,ikhsansiregar@example.com,Female,1976-08-18,Jakarta,2024-09-03,active
80,Dt. Mitra Sirait,mayasarighaliyati@example.net,Female,2004-10-07,Pekanbaru,2024-06-22,active
81,"Ir. Yessi Marbun, M.M.",kmangunsong@example.org,Female,1972-04-16,Palembang,2025-06-10,inactive
82,"H. Purwanto Hassanah, S.H.",tirtasuryatmi@example.com,Male,1991-05-31,Semarang,2024-09-05,active
83,Dr. Malika Suryono,xnababan@example.net,Female,2000-12-07,Pekanbaru,2024-07-07,active
84,Teddy Ramadan,mmarpaung@example.net,Male,1972-08-15,Denpasar,2025-02-04,active
85,Chelsea Marpaung,irma18@example.org,Male,1981-03-23,Palembang,2025-01-10,active
86,"Dr. Kamaria Dongoran, S.Farm",taufaniswahyudi@example.org,Male,1972-08-30,Surabaya,2026-04-21,active
87,Alambana Simanjuntak,prasetyohutapea@example.com,Male,2006-11-21,Malang,2025-02-03,active
88,"Dr. Tami Mandala, M.Kom.",erik20@example.com,Female,1988-01-31,Pekanbaru,2026-02-07,active
89,"R. Pia Sudiati, M.TI.",budiyantokambali@example.org,Female,1987-02-04,Bandung,2023-08-08,active
90,Hari Uyainah,luhungmaheswara@example.org,Female,2001-07-20,Medan,2025-11-30,active
91,Laswi Mulyani,mandasarimichelle@example.net,Female,1993-01-05,Palembang,2024-12-15,inactive
92,Kenzie Agustina,sidiq09@example.com,Male,1977-11-22,Jakarta,2025-09-28,inactive
93,"Dr. Kadir Damanik, S.Sos",cahya88@example.net,Male,2004-08-24,Surabaya,2025-08-04,inactive
94,Garda Hidayat,qwahyudin@example.net,Male,1984-01-13,Jakarta,2023-09-19,active
95,Garan Palastri,prastutimulya@example.org,Female,1983-10-16,Bandung,2025-10-14,active
96,"R.M. Atma Haryanti, S.Gz",okuswandari@example.org,Male,1982-01-12,Jakarta,2025-07-07,active
97,dr. Rahman Palastri,bakdasihotang@example.com,Female,1989-01-18,Denpasar,2023-09-20,active
98,"Hj. Julia Saputra, S.IP",kenzietamba@example.org,Male,2001-10-05,Medan,2023-09-12,inactive
99,Jamal Mandasari,yfarida@example.com,Female,1984-11-29,Semarang,2024-11-23,active
100,R. Puji Sihombing,catur61@example.com,Female,1983-02-11,Medan,2025-12-23,active
101,Eli Handayani,luwar79@example.net,Female,1984-04-18,Denpasar,2023-10-29,active
102,"Dt. Bahuraksa Winarsih, S.Sos",paris64@example.net,Male,1984-10-03,Jakarta,2023-09-18,active
103,"Purwa Farida, S.Gz",aswanimegantara@example.net,Female,1975-07-06,Medan,2025-12-28,active
104,R. Shania Hartati,nyoman69@example.org,Female,2007-08-04,Surabaya,2024-04-17,active
105,Lala Sihotang,pertiwiendra@example.net,Female,1995-12-02,Palembang,2024-09-13,active
106,dr. Vino Purwanti,dongoranhardana@example.com,Female,1975-03-07,Malang,2024-05-02,active
107,"Nurul Pangestu, S.IP",nprabowo@example.com,Male,1975-11-18,Jakarta,2025-11-29,active
108,"dr. Salwa Situmorang, S.Pt",tirtayasairawan@example.net,Female,1992-01-14,Malang,2023-10-23,inactive
109,Banawi Pangestu,galih25@example.net,Male,2001-06-23,Jakarta,2024-06-16,active
110,dr. Nadia Puspasari,xdongoran@example.net,Female,1975-08-25,Palembang,2024-04-18,active
111,"Natalia Novitasari, S.Farm",saragihraden@example.net,Male,2000-08-01,Malang,2026-03-29,active
112,Ihsan Hastuti,mahendramahesa@example.net,Female,1997-02-10,Makassar,2026-01-21,inactive
113,"Cut Yance Maheswara, M.TI.",ekaastuti@example.net,Female,1976-07-21,Yogyakarta,2024-08-14,active
114,"Puti Hafshah Napitupulu, M.Pd",ihsan58@example.com,Female,1981-04-16,Jakarta,2024-01-30,inactive
115,Ir. Eva Narpati,mardhiyahsiska@example.org,Female,1996-04-11,Makassar,2025-06-18,inactive
116,Warta Yuniar,jane00@example.org,Female,2000-08-28,Malang,2025-09-30,inactive
117,"Among Mandasari, M.Pd",kaniagustina@example.net,Female,1981-11-19,Palembang,2024-05-19,inactive
118,Ifa Hasanah,zprasasta@example.net,Female,1973-06-07,Bandung,2026-06-16,active
119,Ganep Sudiati,eagustina@example.com,Female,1976-03-10,Jakarta,2023-10-07,active
120,Dr. Balamantri Simanjuntak,muhammad62@example.com,Male,1980-01-06,Jakarta,2026-03-04,active
121,Elvin Winarno,jprayoga@example.org,Female,2004-04-16,Palembang,2023-12-15,active
122,Fitriani Manullang,marwatapermata@example.net,Female,1990-01-07,Jakarta,2024-11-03,active
123,Warsa Wijaya,fsamosir@example.org,Female,1990-04-20,Pekanbaru,2025-02-17,active
124,Eko Lailasari,latikathamrin@example.org,Male,1993-11-21,Surabaya,2026-06-27,active
125,"Puti Mala Mansur, S.T.",isuwarno@example.org,Female,1998-12-17,Bandung,2026-02-11,inactive
126,Sutan Gilang Puspasari,bakijan60@example.net,Female,1981-11-04,Malang,2025-11-17,inactive
127,"Lurhur Lazuardi, S.E.I",rpudjiastuti@example.net,Male,2008-08-13,Yogyakarta,2024-09-29,active
128,Drs. Lalita Mardhiyah,ilsa52@example.org,Male,1972-02-27,Medan,2024-10-07,active
129,Drs. Dina Simbolon,warta87@example.org,Female,2006-11-29,Jakarta,2023-09-14,active
130,dr. Ophelia Melani,vsusanti@example.com,Male,1991-05-08,Palembang,2024-07-17,active
131,"Balapati Agustina, M.Farm",wasis05@example.com,Male,1982-08-02,Makassar,2025-09-17,active
132,"Purwa Prastuti, M.Farm",riyantiwarta@example.com,Female,1979-06-18,Pekanbaru,2026-04-14,active
133,"Raina Wibowo, S.E.I",hnarpati@example.net,Male,2002-08-19,Makassar,2023-09-28,inactive
134,Lili Maryadi,nainggolanaris@example.com,Female,1986-09-10,Makassar,2024-04-24,inactive
135,Sutan Kanda Simbolon,thalim@example.org,Male,2009-07-07,Medan,2024-03-13,inactive
136,Tgk. Kenes Thamrin,lsihotang@example.com,Female,1996-12-11,Makassar,2025-01-08,active
137,Puti Salahudin,oni73@example.org,Female,1979-05-11,Surabaya,2026-03-10,active
138,Kamaria Purwanti,koko37@example.com,Female,2007-01-01,Surabaya,2026-07-04,active
139,dr. Umar Widodo,kamal19@example.net,Female,2002-07-03,Palembang,2025-12-21,active
140,"Cindy Situmorang, M.M.",laksanagunarto@example.com,Male,1996-03-03,Surabaya,2026-06-14,active
141,H. Empluk Mandala,hadinasyiah@example.com,Female,1974-11-05,Denpasar,2025-10-30,active
142,Sutan Makuta Pradipta,jayenghardiansyah@example.net,Male,1972-08-19,Makassar,2025-10-23,active
143,Yoga Pudjiastuti,rjanuar@example.org,Female,2008-09-22,Pekanbaru,2024-10-28,active
144,"T. Galur Suwarno, S.Gz",pkuswandari@example.org,Male,2005-12-30,Palembang,2024-01-23,inactive
145,Zalindra Nugroho,fathonahfirgantoro@example.org,Female,2007-01-04,Denpasar,2023-11-09,active
146,"Tgk. Ani Anggriawan, S.Pd",llailasari@example.net,Female,1992-09-26,Pekanbaru,2023-09-11,active
147,Diana Mayasari,kairav78@example.net,Male,1988-11-02,Pekanbaru,2023-11-28,active
148,Septi Rajasa,sitompulgamani@example.net,Male,1998-08-12,Semarang,2024-03-01,active
149,Hj. Latika Aryani,lantar93@example.org,Female,1990-09-07,Semarang,2023-08-18,active
150,Hilda Ardianto,nashiruddinestiono@example.com,Female,1980-10-03,Medan,2023-11-06,active
151,Cut Hana Yolanda,maryanto49@example.net,Male,1984-08-10,Yogyakarta,2024-04-17,active
152,Silvia Mardhiyah,hastutiluwes@example.org,Male,2006-08-03,Yogyakarta,2024-04-17,active
153,R.A. Gawati Mansur,yance14@example.com,Female,1989-03-27,Makassar,2026-04-02,active
154,"Ir. Rudi Pratama, S.H.",radika87@example.net,Male,1997-02-13,Surabaya,2024-12-13,active
155,"Karen Hutagalung, M.Farm",novitasaritugiman@example.net,Male,1974-12-18,Palembang,2025-05-17,active
156,Gamanto Nurdiyanti,karennasyiah@example.org,Female,1987-10-27,Makassar,2026-01-27,active
157,"Dt. Jaeman Mustofa, M.TI.",giswahyudi@example.com,Female,1986-10-15,Malang,2025-08-17,inactive
158,"Ayu Widodo, S.T.",zwulandari@example.com,Male,2002-06-06,Medan,2025-04-12,active
159,"Bella Namaga, S.Gz",gunawanslamet@example.com,Female,2007-01-14,Denpasar,2025-10-28,active
160,Pranawa Mansur,sfirmansyah@example.com,Male,2000-06-15,Palembang,2023-10-17,active
161,"drg. Keisha Hutapea, M.Pd",ywahyudin@example.com,Female,1975-10-10,Pekanbaru,2026-07-10,active
162,R.M. Ozy Prasetyo,nugrohogawati@example.com,Female,2003-02-23,Semarang,2026-03-02,active
163,Yuni Pradana,wira86@example.net,Female,1980-03-28,Denpasar,2025-11-08,inactive
164,Raisa Budiyanto,harja10@example.net,Female,1979-12-22,Surabaya,2024-08-16,active
165,"Alika Prasasta, S.Gz",hassanahmalika@example.net,Male,1986-04-11,Jakarta,2023-10-15,active
166,Gina Permata,balidinmandala@example.net,Male,1983-01-09,Medan,2024-04-15,active
167,Sutan Hendri Salahudin,jasmani42@example.net,Male,1981-04-26,Palembang,2025-05-19,inactive
168,drg. Asirwada Situmorang,ratihwastuti@example.com,Male,2007-04-23,Surabaya,2025-04-04,active
169,Keisha Nashiruddin,zamira66@example.org,Female,2000-01-04,Palembang,2025-08-07,active
170,Kanda Zulkarnain,limarmegantara@example.com,Male,2008-05-01,Pekanbaru,2025-01-02,inactive
171,Gamblang Yuliarti,prayogaprasasta@example.com,Female,1973-09-02,Malang,2025-04-04,active
172,Keisha Wulandari,cengkal83@example.org,Female,1994-03-07,Jakarta,2024-12-07,active
173,"Kurnia Pratama, M.Kom.",nainggolanlili@example.net,Female,1978-09-25,Palembang,2023-09-15,inactive
174,Pangeran Kuswandari,among33@example.net,Female,2006-04-02,Jakarta,2026-04-23,active
175,Vicky Suryono,putupermadi@example.net,Female,1985-06-07,Medan,2025-09-03,active
176,Nadia Januar,latif45@example.net,Female,2001-11-24,Malang,2025-03-09,active
177,Kardi Prasetya,hasim55@example.com,Female,1999-07-01,Pekanbaru,2025-10-02,active
178,Ghaliyati Wibowo,jsihombing@example.org,Female,1992-10-22,Pekanbaru,2023-08-20,active
179,Oskar Thamrin,kamidin77@example.com,Female,1977-03-10,Medan,2024-04-28,active
180,Karna Firmansyah,inashiruddin@example.net,Male,2003-04-24,Malang,2025-09-30,inactive
181,"Hj. Gina Hidayat, S.E.I",ardiantorudi@example.org,Female,1970-12-11,Bandung,2023-10-23,inactive
182,"Jinawi Budiyanto, S.Ked",banawa99@example.com,Female,1991-05-06,Palembang,2025-02-07,inactive
183,Anita Mardhiyah,nurainikunthara@example.net,Female,2002-04-20,Pekanbaru,2024-10-26,active
184,Dimas Nababan,dariatikuswoyo@example.net,Male,1994-10-04,Semarang,2025-08-10,active
185,Michelle Pratiwi,kasusra61@example.com,Female,1980-01-27,Bandung,2024-05-05,active
186,Kezia Waluyo,yani10@example.org,Female,1992-02-22,Surabaya,2025-09-05,active
187,"drg. Septi Sitompul, M.Farm",narpaticatur@example.com,Female,2008-09-14,Semarang,2023-10-03,active
188,Dr. Humaira Gunawan,pradanaindra@example.net,Male,2006-08-18,Makassar,2026-07-05,inactive
189,"dr. Anita Pranowo, M.Farm",hesti90@example.org,Male,1976-03-18,Bandung,2025-08-22,inactive
190,R.A. Qori Wibisono,thutagalung@example.org,Male,1996-12-28,Surabaya,2026-01-18,active
191,"Cindy Mardhiyah, S.I.Kom",ymandala@example.net,Male,1972-09-05,Surabaya,2025-03-17,active
192,drg. Vicky Simbolon,siregarnurul@example.net,Female,1971-09-29,Makassar,2024-11-24,active
193,dr. Ian Nashiruddin,olestari@example.com,Female,1997-02-04,Bandung,2024-05-28,inactive
194,"Belinda Hutasoit, S.T.",safitrilantar@example.org,Male,1976-08-07,Jakarta,2025-07-27,inactive
195,Bakijan Ardianto,prayogosimanjuntak@example.com,Female,2007-05-13,Surabaya,2025-09-20,inactive
196,Melinda Puspita,damu21@example.org,Male,1992-03-22,Yogyakarta,2024-12-02,active
197,Lembah Rahimah,irawannugraha@example.net,Male,2001-03-07,Medan,2024-10-23,inactive
198,"R. Olga Purwanti, S.H.",siregarraden@example.com,Female,1992-11-22,Pekanbaru,2026-03-06,active
199,Hasna Lailasari,inarpati@example.com,Male,1976-04-11,Bandung,2024-02-04,active
200,Hafshah Prayoga,saiful47@example.org,Male,1998-09-14,Surabaya,2024-02-02,inactive
201,Agnes Widodo,vinsenkurniawan@example.org,Female,1983-07-18,Jakarta,2025-01-27,active
202,R. Ifa Sinaga,tasnim56@example.net,Female,1994-02-10,Semarang,2025-06-12,active
203,Keisha Setiawan,lamar79@example.org,Female,2002-06-06,Palembang,2025-09-03,active
204,R.M. Mahmud Pudjiastuti,pratiwiheru@example.net,Male,1971-08-21,Yogyakarta,2024-10-06,active
205,Reza Wasita,taufiksiregar@example.net,Female,1996-10-31,Palembang,2025-10-08,inactive
206,Widya Waluyo,jayadi42@example.net,Female,1973-06-21,Jakarta,2024-01-02,active
207,H. Hari Palastri,zpadmasari@example.net,Male,1972-01-08,Surabaya,2026-07-23,active
208,"Garang Marbun, M.Ak",kurniawanjamal@example.net,Male,1972-04-25,Palembang,2026-06-29,active
209,Adikara Januar,ysitompul@example.com,Male,1980-09-04,Malang,2026-07-16,active
210,Vera Wastuti,triwahyudin@example.com,Female,1993-07-17,Palembang,2025-02-12,active
211,Chelsea Latupono,asirwanda71@example.com,Female,2003-01-04,Makassar,2025-02-01,inactive
212,Ira Siregar,,Female,1988-05-06,Yogyakarta,2025-10-11,active
213,Tantri Hartati,etampubolon@example.org,Female,1983-01-09,Pekanbaru,2024-03-16,active
214,Murti Marbun,damanikmahfud@example.net,Female,2006-11-08,Makassar,2024-06-27,inactive
215,dr. Yusuf Hariyah,indahmanullang@example.com,Female,1979-08-18,Medan,2025-10-22,inactive
216,Lala Dabukke,hardanauyainah@example.net,Female,1999-05-07,Palembang,2024-10-19,active
217,Niyaga Prabowo,brahayu@example.com,Male,1978-08-12,Yogyakarta,2026-03-27,inactive
218,Ghani Simbolon,permatadamu@example.net,Male,1978-04-10,Yogyakarta,2025-11-04,active
219,drg. Rahmi Wijaya,onuraini@example.com,Male,1993-06-24,Jakarta,2023-12-05,active
220,"Wirda Salahudin, M.Ak",lsafitri@example.net,Female,1993-08-08,Medan,2024-08-18,inactive
221,Hardi Megantara,daryani34@example.org,Female,1990-07-05,Yogyakarta,2025-08-08,active
222,Jinawi Usada,kartikawinarno@example.com,Female,1991-07-18,Semarang,2024-11-03,active
223,Dina Nashiruddin,ichamarbun@example.com,Male,1982-11-09,Denpasar,2026-05-06,inactive
224,Dagel Winarno,tambaajiman@example.com,Male,2008-03-05,Pekanbaru,2024-12-09,active
225,Titin Handayani,rwasita@example.com,Male,1989-08-24,Makassar,2025-02-06,active
226,Genta Nasyiah,prasetyalanang@example.org,Male,1981-11-05,Palembang,2023-11-01,active
227,Puti Hasna Palastri,gpudjiastuti@example.org,Female,2002-09-11,Yogyakarta,2025-12-05,active
228,Ciaobella Yolanda,faridahamima@example.org,Female,1999-11-21,Pekanbaru,2024-09-08,active
229,"Puti Maida Lazuardi, S.H.",hartatikarsa@example.com,Female,1978-10-09,Surabaya,2024-06-24,active
230,Purwanto Putra,oni62@example.net,Male,2002-04-25,Pekanbaru,2025-10-19,active
231,Gaman Siregar,farah49@example.net,Female,1981-11-14,Malang,2026-01-01,active
232,Zelaya Yolanda,mansurridwan@example.org,Female,1975-07-15,Malang,2024-05-22,active
233,"Ir. Hartana Lestari, S.E.I",eriksinaga@example.org,Female,1993-02-08,Pekanbaru,2026-03-09,active
234,"Putu Iswahyudi, S.Sos",cwaluyo@example.org,Male,1990-09-11,Bandung,2024-05-23,active
235,Taswir Iswahyudi,upik75@example.net,Female,1999-02-04,Bandung,2024-06-02,inactive
236,Yunita Prabowo,budi86@example.org,Male,1989-11-18,Medan,2024-12-17,active
237,Dr. Winda Siregar,mursita89@example.org,Male,2005-06-17,Yogyakarta,2024-07-21,active
238,Bancar Manullang,januarratih@example.com,Female,1987-10-19,Surabaya,2025-11-15,active
239,"Gada Manullang, S.T.",spangestu@example.org,Male,1974-03-24,Yogyakarta,2023-08-03,active
240,Aslijan Widodo,wahyudintiti@example.net,Female,1994-12-26,Semarang,2024-09-01,active
241,"Cinta Adriansyah, S.Kom",sidiqyolanda@example.org,Male,1989-03-08,Bandung,2025-10-06,active
242,Adika Siregar,dalimazulaika@example.com,Female,2002-06-15,Semarang,2023-12-26,active
243,Harjo Irawan,emustofa@example.org,Female,1999-02-01,Jakarta,2026-07-21,active
244,"KH. Taufan Mansur, S.E.I",oman42@example.com,Male,1973-04-03,Palembang,2023-11-23,active
245,Lutfan Maryadi,tasnimtampubolon@example.net,Female,2006-06-18,Makassar,2025-04-11,active
246,Parman Maheswara,fpratama@example.org,Male,1993-07-31,Bandung,2025-06-08,active
247,Enteng Yuliarti,ysihotang@example.org,Female,1973-11-15,Denpasar,2024-09-26,active
248,Drs. Kacung Nainggolan,zahra04@example.org,Female,1999-10-03,Surabaya,2025-03-31,active
249,Dimas Mandasari,permadialika@example.com,Female,1995-06-22,Palembang,2024-06-21,active
250,Zelda Purnawati,tarihoranmahesa@example.org,Male,1987-01-01,Denpasar,2023-10-19,inactive
251,Puti Amalia Saptono,wardayahidayanto@example.org,Male,1979-01-01,Bandung,2025-03-23,active
252,"Olivia Agustina, S.Farm",smayasari@example.net,Female,1997-12-16,Yogyakarta,2026-05-10,active
253,Kajen Putra,kalahutasoit@example.com,Male,2008-08-02,Medan,2023-11-01,inactive
254,"Maya Permadi, S.Gz",purwa91@example.com,Male,1980-02-14,Malang,2024-01-20,active
255,Galak Widiastuti,hasanahpadma@example.net,Male,1999-07-07,Surabaya,2026-05-12,active
256,Carub Mandasari,budimanendra@example.net,Male,2007-10-03,Semarang,2025-10-22,active
257,"T. Oskar Lazuardi, S.Ked",ganda52@example.net,Female,1983-08-27,Surabaya,2025-02-26,inactive
258,Jamal Hasanah,saptonokeisha@example.net,Female,1990-07-05,Malang,2024-11-15,active
259,"R. Tugiman Pertiwi, S.IP",omanmanullang@example.com,Male,1979-06-30,Makassar,2023-10-02,active
260,Karimah Winarno,budimanjindra@example.org,Female,2006-06-23,Palembang,2025-02-10,active
261,Galur Prayoga,puspasaritalia@example.com,Male,1986-10-27,Yogyakarta,2024-02-15,active
262,Ir. Umay Habibi,chandra95@example.org,Female,1977-07-31,Surabaya,2025-09-30,active
263,"Tgk. Vicky Saragih, S.Psi",wacanacahyo@example.com,Male,1973-12-15,Jakarta,2025-12-31,active
264,"Sarah Prasasta, M.M.",himawan49@example.com,Male,1984-12-13,Jakarta,2024-12-15,active
265,Wardi Wasita,hamimaprasasta@example.org,Male,1971-07-09,Palembang,2026-07-03,inactive
266,Zizi Samosir,sitorusade@example.net,Male,1974-08-22,Jakarta,2025-03-18,active
267,Narji Setiawan,salmanlestari@example.org,Male,1974-03-20,Pekanbaru,2025-03-05,active
268,Laksana Kuswoyo,dwahyudin@example.net,Male,1990-04-19,Semarang,2026-05-08,active
269,Ibrahim Wijayanti,lhutagalung@example.net,Female,2008-03-11,Surabaya,2025-07-01,active
270,Humaira Pradipta,lasmono65@example.com,Male,1973-07-01,Jakarta,2024-04-18,active
271,Nadia Sihotang,mangunsongdanuja@example.org,Male,1986-06-10,Medan,2024-03-12,active
272,Zulaikha Lazuardi,unggulsamosir@example.com,Male,1974-02-11,Semarang,2025-03-12,active
273,"dr. Dalima Iswahyudi, S.H.",zamira90@example.org,Male,2008-05-09,Bandung,2026-01-04,active
274,"R. Ana Waskita, M.M.",wastutiliman@example.com,Male,1992-04-08,Yogyakarta,2024-10-10,inactive
275,Adinata Halim,hariyahdamu@example.org,Female,2002-12-21,Jakarta,2025-03-27,active
276,"Lasmono Yuliarti, S.Pt",hartowacana@example.com,Female,1993-04-19,Denpasar,2026-07-14,inactive
277,"Puti Ayu Haryanto, S.Kom",,Female,2005-10-14,Semarang,2024-05-12,active
278,Wardaya Hariyah,cengkalsitompul@example.org,Female,1972-07-24,Makassar,2024-12-01,inactive
279,Sabrina Aryani,fwidodo@example.org,Female,1977-04-29,Jakarta,2026-05-11,active
280,Anom Susanti,kuntharasetiawan@example.com,Male,1994-09-26,Semarang,2024-03-25,active
281,Bakianto Setiawan,bella68@example.com,Male,1985-07-11,Yogyakarta,2024-04-28,inactive
282,Violet Tamba,rikapalastri@example.org,Male,1989-04-18,Malang,2024-11-04,active
283,Elvina Dongoran,juli85@example.com,Female,1983-01-09,Denpasar,2025-12-06,active
284,"Drs. Daruna Manullang, S.IP",bambang78@example.com,Female,1980-04-02,Semarang,2024-03-30,active
285,Zalindra Natsir,prasetyakasiyah@example.com,Female,1977-06-15,Medan,2024-04-23,active
286,R. Padmi Nainggolan,maya05@example.net,Male,2003-03-21,Bandung,2025-05-13,active
287,Puput Saragih,,Female,1977-06-07,Jakarta,2026-01-07,inactive
288,Karsa Kuswandari,pradiptanatalia@example.org,Female,1970-08-12,Yogyakarta,2023-09-13,inactive
289,Vega Sinaga,elonsiregar@example.net,Female,1972-11-28,Yogyakarta,2026-05-05,active
290,Hardi Wijayanti,darmannovitasari@example.com,Male,1986-01-06,Yogyakarta,2024-01-11,active
291,Widya Uyainah,mariadi22@example.net,Female,2008-01-20,Denpasar,2023-11-21,active
292,Mulya Rahmawati,jamaliasusanti@example.com,Female,2002-05-08,Malang,2025-07-14,active
293,drg. Zizi Purnawati,dodo20@example.net,Male,1971-11-07,Surabaya,2024-09-20,active
294,Dinda Sitompul,saripratiwi@example.org,Female,1999-08-28,Jakarta,2025-05-24,active
295,Eman Pranowo,gandewa15@example.com,Female,1980-04-26,Denpasar,2024-04-19,inactive
296,Uchita Andriani,darijan00@example.com,Male,2008-05-19,Malang,2023-10-16,active
297,Cinthia Kuswandari,wwaluyo@example.net,Male,2001-05-07,Medan,2026-03-29,inactive
298,"Dt. Emil Damanik, S.Psi",gamanihartati@example.org,Male,1980-10-08,Semarang,2025-04-27,active
299,Kuncara Iswahyudi,ganep62@example.net,Male,1983-10-08,Jakarta,2023-11-25,active
300,Luluh Fujiati,bdabukke@example.net,Female,1976-09-17,Surabaya,2026-07-17,inactive
301,H. Wahyu Namaga,harjasawasita@example.net,Female,1980-12-06,Bandung,2023-11-21,active
302,Drs. Zaenab Lestari,dadihardiansyah@example.com,Male,1976-07-29,Surabaya,2024-06-06,active
303,"Limar Kuswandari, S.Kom",sirawan@example.net,Male,1974-05-15,Semarang,2024-09-01,inactive
304,"dr. Jarwi Lestari, S.T.",carub71@example.com,Female,1974-02-21,Medan,2024-03-16,inactive
305,Ivan Gunawan,opungwibowo@example.com,Female,1980-11-08,Denpasar,2025-03-21,active
306,Parman Widiastuti,kawayapratiwi@example.org,Female,1974-05-11,Denpasar,2024-12-24,active
307,Saadat Wibisono,orahmawati@example.net,Female,2002-07-04,Palembang,2025-08-04,inactive
308,Cindy Widodo,ppertiwi@example.com,Male,2005-10-18,Denpasar,2024-11-03,active
309,Danuja Nababan,dimashassanah@example.org,Male,1975-07-05,Medan,2025-09-23,active
310,"Ir. Hana Simanjuntak, S.Pt",opangestu@example.org,Female,1973-12-24,Makassar,2024-11-09,active
311,"H. Leo Rahmawati, M.TI.",kusuma87@example.org,Male,2001-01-27,Malang,2025-04-03,inactive
312,Puti Cici Pratiwi,egapurnawati@example.net,Male,2000-12-27,Palembang,2023-12-04,inactive
313,Queen Sudiati,rizki46@example.net,Male,1989-01-13,Bandung,2025-12-11,active
314,"Marsito Wacana, S.Gz",nmegantara@example.net,Male,1986-01-09,Jakarta,2024-02-07,active
315,Ayu Sirait,baktiadikusmawati@example.com,Female,2002-06-19,Semarang,2026-03-23,active
316,Uli Handayani,ani13@example.org,Female,2000-10-10,Jakarta,2024-06-30,inactive
317,Ilyas Prabowo,psuartini@example.org,Male,2006-03-18,Surabaya,2024-07-19,active
318,KH. Capa Haryanto,xmaryati@example.org,Male,1982-09-20,Denpasar,2024-10-22,active
319,Dadi Pangestu,elipurnawati@example.org,Male,2003-03-25,Jakarta,2025-02-08,active
320,Endra Uwais,xhardiansyah@example.net,Male,2002-09-14,Bandung,2024-05-02,active
321,Nurul Riyanti,zulaikaaswani@example.org,Male,1987-12-26,Semarang,2025-02-06,active
322,Elisa Rajata,jrahmawati@example.com,Male,1999-10-18,Denpasar,2026-06-20,active
323,"Ir. Victoria Prabowo, S.H.",asman60@example.org,Female,1995-11-01,Palembang,2025-08-26,active
324,"Hj. Ajeng Kusmawati, S.E.I",shania68@example.org,Male,1995-11-01,Malang,2025-08-14,active
325,"T. Narji Yuniar, S.T.",prasetyojohan@example.net,Female,1987-02-12,Palembang,2025-05-22,active
326,Shania Nurdiyanti,vega43@example.com,Male,2002-09-26,Makassar,2024-09-18,active
327,"dr. Putri Yuliarti, M.Ak",ardiantocalista@example.net,Male,1994-05-04,Pekanbaru,2024-10-11,active
328,Suci Simbolon,laksmiwaticagak@example.com,Male,2004-03-08,Surabaya,2024-06-25,active
329,Reksa Rahimah,harimurti28@example.org,Male,1986-05-07,Malang,2024-05-15,active
330,Hana Andriani,aslijanyolanda@example.com,Female,1986-05-14,Palembang,2024-07-18,active
331,Ir. Purwanto Kusmawati,mahfudprasetya@example.net,Male,2005-12-10,Medan,2025-10-18,active
332,Jarwi Mahendra,ganep82@example.com,Male,1999-06-26,Semarang,2025-08-08,active
333,Darman Thamrin,widyasitorus@example.net,Female,1979-04-19,Semarang,2025-10-05,active
334,Tgk. Malika Lazuardi,xsitompul@example.com,Male,1988-12-08,Bandung,2026-03-15,active
335,Taswir Zulaika,halimahharsaya@example.net,Female,1985-06-21,Makassar,2026-03-09,inactive
336,Laila Purnawati,maryadiendra@example.org,Male,2005-05-29,Jakarta,2024-06-24,active
337,Juli Usamah,laswinajmudin@example.org,Male,2009-01-24,Palembang,2026-07-19,active
338,Prabawa Narpati,ardiantounggul@example.com,Male,1993-01-23,Surabaya,2024-07-11,active
339,"Ikhsan Waskita, S.Farm",mustofaparis@example.com,Female,2008-03-27,Malang,2024-01-23,active
340,Amalia Sinaga,nasyidahheru@example.net,Female,2000-02-08,Malang,2024-09-26,active
341,"Hilda Prasetyo, S.I.Kom",wastutiadika@example.net,Male,1982-10-04,Pekanbaru,2025-03-07,inactive
342,Mutia Nurdiyanti,gandewa10@example.com,Female,1993-11-05,Medan,2023-11-23,inactive
343,"Sutan Catur Waskita, S.Ked",mahdilestari@example.com,Male,1979-06-30,Pekanbaru,2024-08-07,active
344,R.M. Bancar Utama,indradamanik@example.net,Female,1998-04-27,Palembang,2025-10-07,active
345,Cut Rina Hardiansyah,quyainah@example.net,Male,1996-05-27,Makassar,2025-12-18,active
346,Maimunah Wibowo,hardiansyahyance@example.org,Male,1975-05-29,Bandung,2025-07-19,active
347,Lili Wijayanti,hendrausamah@example.org,Female,1974-07-11,Jakarta,2024-05-06,inactive
348,"Raina Lazuardi, S.Pd",raihanjailani@example.net,Female,1975-01-13,Bandung,2025-02-23,active
349,"Drs. Farah Tamba, S.Farm",opheliapangestu@example.com,Male,1982-02-08,Makassar,2023-11-27,inactive
350,Gilda Adriansyah,spranowo@example.com,Male,1971-01-31,Jakarta,2023-09-15,active
351,Wasis Iswahyudi,pertiwiulva@example.com,Male,2000-12-27,Jakarta,2023-11-08,inactive
352,Ida Saptono,rajasasepti@example.org,Male,1988-09-10,Makassar,2023-10-24,inactive
353,"Ir. Galar Aryani, S.IP",bahuwiryasiregar@example.com,Male,1974-04-17,Makassar,2023-11-20,inactive
354,"Cawisono Sitompul, S.I.Kom",anggriawanenteng@example.net,Female,2005-06-22,Surabaya,2025-11-10,active
355,Himawan Wacana,cengkir55@example.org,Male,2008-02-13,Medan,2026-06-14,active
356,"Timbul Marbun, S.IP",zkuswandari@example.com,Female,1975-10-03,Makassar,2024-05-26,active
357,Wani Purnawati,daniswaraagustina@example.net,Male,1997-01-16,Jakarta,2025-10-07,active
358,"Hj. Zalindra Mustofa, M.Kom.",ntamba@example.org,Female,2006-06-26,Bandung,2024-02-17,active
359,Safina Sihotang,cfarida@example.org,Female,1971-01-26,Bandung,2023-12-04,inactive
360,H. Naradi Safitri,ulvasirait@example.net,Female,1974-04-20,Medan,2026-03-11,active
361,"Maras Winarno, S.E.I",yogasitumorang@example.net,Male,2003-04-24,Bandung,2025-07-28,active
362,drg. Simon Lailasari,anggriawansyahrini@example.org,Female,2004-06-29,Pekanbaru,2025-04-05,active
363,Alika Mayasari,psinaga@example.com,Female,1979-04-10,Yogyakarta,2023-10-24,active
364,Wani Pertiwi,fprakasa@example.com,Female,1988-01-24,Pekanbaru,2025-07-08,active
365,"Safina Budiyanto, S.IP",hsihotang@example.com,Male,1986-04-27,Medan,2026-02-26,active
366,"Gadang Melani, M.Pd",iswahyudinova@example.net,Male,1978-08-27,Palembang,2023-09-11,active
367,Putri Safitri,ozy03@example.com,Female,1993-12-26,Malang,2025-08-07,active
368,Ade Siregar,utama11@example.net,Female,1984-06-08,Yogyakarta,2025-09-26,active
369,Arsipatra Marbun,hana85@example.net,Female,1989-10-16,Pekanbaru,2025-06-27,active
370,Dacin Lazuardi,qkurniawan@example.net,Male,2006-11-12,Pekanbaru,2026-01-19,active
371,Praba Agustina,tnainggolan@example.com,Female,1972-05-26,Pekanbaru,2024-10-06,active
372,Drs. Diana Mandasari,hartativinsen@example.net,Female,1970-10-03,Makassar,2025-06-27,active
373,"R.M. Mustofa Prastuti, S.E.",epadmasari@example.net,Female,1999-01-28,Medan,2025-10-17,active
374,Ophelia Winarno,mwahyuni@example.net,Male,1986-11-30,Semarang,2023-12-21,inactive
375,Mila Mansur,kuncarawidodo@example.com,Male,1975-12-23,Semarang,2025-05-31,inactive
376,Daliono Pranowo,hana58@example.net,Male,1994-12-06,Makassar,2025-05-24,active
377,H. Makuta Sinaga,vanya22@example.net,Male,1998-04-16,Denpasar,2024-06-16,active
378,"Lidya Wulandari, M.Pd",kpadmasari@example.net,Female,1981-09-27,Medan,2025-11-13,active
379,Dalima Habibi,nurdiyantidariati@example.org,Female,1996-09-22,Jakarta,2026-02-16,active
380,Salman Halim,kemalzulaika@example.com,Female,1997-07-09,Palembang,2024-03-09,inactive
381,Hj. Ulya Purwanti,tambautama@example.org,Male,2004-04-25,Pekanbaru,2024-06-21,active
382,Talia Widiastuti,gprakasa@example.net,Male,1972-06-02,Palembang,2025-10-24,active
383,Paiman Ramadan,jsihotang@example.org,Male,1978-07-04,Pekanbaru,2024-09-24,active
384,"Septi Uwais, M.Farm",oprasetyo@example.net,Female,1991-11-27,Pekanbaru,2026-03-12,active
385,"Bahuraksa Nashiruddin, S.E.",lanjarhassanah@example.org,Male,1999-04-04,Palembang,2025-05-25,active
386,Diah Marpaung,aryanikalim@example.net,Male,1993-05-12,Pekanbaru,2023-12-11,active
387,Rina Habibi,wardi20@example.org,Female,2000-10-04,Bandung,2024-05-08,active
388,Purwanto Simanjuntak,ami98@example.com,Male,1991-01-29,Pekanbaru,2025-06-18,inactive
389,Dr. Hadi Iswahyudi,mayasarigaluh@example.com,Female,1984-03-19,Medan,2026-06-16,active
390,"Drs. Karta Kusmawati, M.Pd",mujur54@example.org,Female,2002-09-17,Yogyakarta,2026-03-28,active
391,Halima Yuniar,latuponouli@example.com,Male,1994-07-10,Bandung,2026-07-13,active
392,"R. Harsana Rajasa, M.Pd",zulaikamaras@example.com,Female,1998-10-28,Malang,2025-06-13,active
393,Ega Yulianti,dian87@example.com,Female,1978-02-04,Palembang,2023-08-30,active
394,Luis Haryanto,marbungawati@example.net,Female,1978-10-22,Medan,2025-02-16,active
395,Kawaya Fujiati,yessianggraini@example.org,Female,1995-10-21,Denpasar,2025-06-22,inactive
396,Ani Irawan,asirwadaharyanti@example.net,Male,1973-06-11,Denpasar,2026-05-28,active
397,Laila Wibisono,ilsa19@example.org,Female,1988-03-07,Jakarta,2024-02-14,active
398,Maras Safitri,anom61@example.net,Female,1973-01-19,Semarang,2024-10-19,active
399,Elvin Sihombing,hidayantonasrullah@example.net,Male,1994-03-30,Pekanbaru,2025-10-28,active
400,Jasmani Manullang,zwibowo@example.net,Male,1991-05-24,Makassar,2024-06-06,inactive
401,Emin Wastuti,spalastri@example.net,Male,2005-03-07,Surabaya,2023-12-30,active
402,Artanto Ardianto,ajimin88@example.org,Male,1992-12-03,Palembang,2026-06-26,inactive
403,"Tari Situmorang, S.Kom",samosirimam@example.net,Male,1986-09-06,Medan,2024-10-07,active
404,Tgk. Febi Latupono,galurnashiruddin@example.org,Female,1977-08-29,Bandung,2025-07-10,active
405,R. Elvin Winarsih,pudjiastutivirman@example.net,Male,1973-03-19,Yogyakarta,2025-12-26,active
406,"Marwata Prakasa, S.IP",wsitompul@example.org,Male,1981-09-15,Jakarta,2023-11-18,inactive
407,Raisa Wahyuni,makaralaksita@example.com,Female,1982-07-05,Malang,2023-10-18,inactive
408,Hilda Prasetya,laswi62@example.org,Female,1998-05-13,Pekanbaru,2025-05-04,active
409,Melinda Tamba,najib25@example.com,Male,2000-10-20,Semarang,2025-07-05,active
410,Saadat Setiawan,natsirsafina@example.net,Female,2004-01-29,Semarang,2025-01-17,active
411,"Citra Budiyanto, M.TI.",karsautami@example.org,Male,1995-03-22,Palembang,2024-01-03,active
412,T. Kenari Namaga,nrahayu@example.org,Female,1988-12-31,Pekanbaru,2026-01-09,active
413,"Tgk. Diana Hariyah, M.TI.",purwanto39@example.net,Male,1990-06-29,Palembang,2025-11-29,active
414,"Catur Mulyani, S.E.I",wijayantijati@example.net,Male,1987-12-28,Semarang,2024-10-10,inactive
415,Prabawa Laksita,agnestamba@example.org,Male,1979-08-17,Medan,2024-02-15,inactive
416,KH. Gatra Wibisono,bakiadiwinarsih@example.org,Male,1988-11-26,Makassar,2024-05-18,active
417,Niyaga Nurdiyanti,gunartosalwa@example.com,Female,1995-04-19,Palembang,2024-12-13,active
418,Safina Waluyo,kiandra89@example.org,Male,1984-10-31,Pekanbaru,2024-05-28,active
419,Kariman Waskita,maryatijefri@example.com,Female,1984-05-08,Palembang,2025-07-19,active
420,R.M. Irnanto Marbun,mlaksmiwati@example.org,Male,1979-07-23,Palembang,2026-03-11,active
421,Rahmi Lazuardi,indra22@example.org,Male,1996-05-15,Makassar,2025-02-16,active
422,Lantar Marpaung,darsirah77@example.com,Female,1995-10-31,Surabaya,2024-10-30,active
423,R. Diana Usamah,bakiantomahendra@example.net,Female,1990-07-31,Bandung,2024-10-26,active
424,Kariman Waskita,balidinmarbun@example.com,Male,1993-12-17,Bandung,2026-04-05,inactive
425,Ikin Sudiati,wijayantikasim@example.org,Male,2009-04-22,Semarang,2025-04-11,active
426,Putu Padmasari,ismailzulkarnain@example.net,Male,2002-08-02,Surabaya,2026-03-10,active
427,Puti Ghaliyati Waluyo,gandewa57@example.net,Female,1985-08-14,Bandung,2024-02-18,active
428,Yunita Maryadi,elisamayasari@example.net,Male,1994-03-15,Denpasar,2023-11-29,active
429,Jaya Wahyuni,nasyidahchelsea@example.org,Male,1975-09-02,Denpasar,2024-02-13,inactive
430,dr. Hairyanto Gunawan,wastutisalwa@example.com,Male,1997-10-17,Palembang,2025-05-25,active
431,"H. Umaya Permata, S.IP",wwibowo@example.net,Male,1987-03-08,Jakarta,2024-11-15,active
432,dr. Edi Nainggolan,caturanggasuryono@example.net,Male,1970-10-19,Makassar,2024-05-07,inactive
433,Dt. Harimurti Yolanda,permataelisa@example.org,Male,1978-08-07,Palembang,2025-10-26,active
434,Sadina Padmasari,gtarihoran@example.org,Male,1980-06-23,Denpasar,2025-12-31,active
435,Sabrina Widodo,xpratiwi@example.net,Male,2000-01-12,Denpasar,2026-02-25,active
436,drg. Dono Samosir,xnugroho@example.net,Female,1993-02-11,Yogyakarta,2024-10-28,active
437,"Ghaliyati Hassanah, S.E.",qmandala@example.org,Male,1974-07-01,Malang,2025-11-28,active
438,Siska Ardianto,humaira90@example.org,Female,2001-12-16,Surabaya,2025-02-10,active
439,Eluh Prasetya,brahimah@example.org,Female,1985-01-18,Bandung,2026-01-21,active
440,T. Narji Riyanti,nwacana@example.net,Male,1972-10-29,Palembang,2025-05-31,active
441,Damar Wahyuni,sitilailasari@example.com,Female,2006-11-20,Denpasar,2025-11-27,active
442,H. Daru Susanti,bagasrahimah@example.net,Male,1977-03-13,Palembang,2025-02-20,active
443,Enteng Wacana,shakilaadriansyah@example.org,Male,1984-05-11,Yogyakarta,2023-09-11,active
444,"Betania Iswahyudi, M.Pd",dindabudiman@example.net,Male,1981-09-06,Semarang,2024-10-09,inactive
445,Jaeman Waskita,marsito43@example.net,Female,1993-01-03,Denpasar,2026-01-28,inactive
446,Jefri Sihombing,gmayasari@example.net,Male,1983-11-05,Makassar,2024-05-15,active
447,Keisha Pratiwi,gawati94@example.net,Female,1989-06-13,Denpasar,2023-12-09,active
448,Calista Rajata,vero79@example.org,Female,1973-03-22,Palembang,2024-04-25,active
449,Kamila Maryati,victoriapradana@example.com,Male,1991-06-24,Medan,2025-06-27,active
450,"Pangestu Siregar, S.Pt",jamal41@example.com,Male,1992-03-19,Semarang,2025-09-09,active
451,Warsita Zulaika,nugraha39@example.com,Male,2006-11-13,Malang,2024-02-14,active
452,Dartono Pangestu,jarwadipermadi@example.com,Female,2003-02-24,Semarang,2024-02-27,active
453,"Yahya Wijayanti, M.Kom.",galang11@example.org,Male,1994-07-11,Medan,2026-02-04,inactive
454,Nilam Permata,laksmiwatipaiman@example.net,Female,2004-06-20,Makassar,2025-11-17,active
455,Karsa Anggraini,raden39@example.org,Male,1989-03-29,Yogyakarta,2025-01-21,active
456,"Padma Haryanti, S.Psi",pandu27@example.org,Female,1997-06-19,Jakarta,2025-03-17,active
457,Karen Suryatmi,prabuprastuti@example.org,Female,2004-03-13,Medan,2023-08-15,active
458,Karimah Nashiruddin,jasmani47@example.net,Male,1990-01-14,Denpasar,2024-02-24,active
459,Kenzie Mustofa,omar64@example.com,Female,2008-10-11,Yogyakarta,2024-03-20,active
460,Zamira Wibowo,saputrajarwi@example.net,Male,1978-03-26,Surabaya,2025-08-23,inactive
461,Najwa Mansur,warsitaanggriawan@example.org,Male,2009-05-31,Jakarta,2025-12-26,active
462,"Ir. Alika Widodo, S.IP",anita44@example.net,Male,1997-07-08,Bandung,2026-02-18,active
463,Hana Tarihoran,wawan17@example.net,Male,1984-08-21,Medan,2023-10-07,active
464,Shania Sudiati,malik06@example.org,Female,1978-05-07,Semarang,2025-04-05,active
465,"Kajen Laksita, M.M.",kairavthamrin@example.com,Female,2005-04-13,Bandung,2025-04-25,active
466,"Tgk. Imam Usamah, M.Ak",wira22@example.net,Female,1992-11-17,Denpasar,2024-09-23,active
467,Galar Simanjuntak,hutapeagaman@example.com,Female,1996-01-21,Surabaya,2026-02-18,inactive
468,"Rini Nurdiyanti, M.M.",csaputra@example.com,Female,1986-09-25,Bandung,2025-09-19,active
469,Uli Hutapea,mahendrajarwadi@example.net,Female,1978-10-19,Bandung,2024-02-20,inactive
470,Akarsana Widodo,haryantowarsita@example.net,Male,1991-01-09,Palembang,2024-10-11,active
471,Marwata Wibisono,saptonopuput@example.org,Female,1982-08-26,Malang,2026-07-29,active
472,"R. Ana Firmansyah, S.I.Kom",timbul22@example.net,Male,2004-02-21,Semarang,2024-04-30,active
473,drg. Cahya Namaga,ihastuti@example.com,Female,1977-06-28,Palembang,2024-07-24,active
474,T. Upik Situmorang,onovitasari@example.net,Female,1989-05-16,Bandung,2025-05-18,active
475,Hana Mangunsong,handayanilatif@example.com,Male,1982-06-05,Jakarta,2024-04-07,active
476,Dt. Malik Lestari,maliksuwarno@example.com,Female,2007-07-09,Pekanbaru,2023-08-03,active
477,Raden Ardianto,astutilanang@example.net,Female,1991-12-20,Makassar,2025-01-06,active
478,"Unjani Yuliarti, S.Sos",pwidodo@example.org,Male,2002-11-23,Palembang,2024-02-25,inactive
479,KH. Raharja Suryatmi,anggrainiqueen@example.org,Male,2002-01-30,Palembang,2024-03-31,inactive
480,Simon Hidayat,salwa84@example.com,Female,1977-09-13,Semarang,2025-08-22,active
481,"Sarah Lestari, S.Kom",csafitri@example.com,Female,1983-02-03,Yogyakarta,2024-06-15,active
482,Dian Farida,nashiruddindamu@example.com,Female,1998-12-11,Jakarta,2024-01-16,active
483,Lili Saragih,amonglailasari@example.org,Male,2001-03-25,Medan,2024-04-14,active
484,"R. Amelia Santoso, S.Sos",wira05@example.org,Female,1973-05-15,Denpasar,2025-01-30,active
485,Pranawa Prayoga,jaiswibowo@example.org,Male,1985-08-05,Semarang,2024-12-30,active
486,"Vera Kuswoyo, M.TI.",bagasnapitupulu@example.com,Male,1996-07-24,Semarang,2026-07-06,active
487,Lasmono Gunarto,tzulaika@example.com,Male,1999-08-19,Jakarta,2024-03-18,active
488,Faizah Tarihoran,ramadanyono@example.net,Female,2005-03-14,Palembang,2025-03-27,active
489,Jane Budiman,darmantoprakasa@example.net,Male,1977-02-11,Yogyakarta,2026-03-06,inactive
490,Laksana Kusmawati,widodojayeng@example.org,Male,1997-06-08,Palembang,2024-05-31,active
491,Mahfud Safitri,prayogagalih@example.com,Female,1983-10-14,Malang,2024-01-19,active
492,Nardi Nasyiah,halimnarji@example.net,Male,2001-06-15,Surabaya,2026-06-30,active
493,"Tgk. Reksa Farida, S.Kom",mahesapuspita@example.net,Female,1971-06-03,Bandung,2023-12-18,active
494,"Maida Purwanti, S.Pd",jaisgunarto@example.com,Female,1991-10-03,Semarang,2024-09-20,active
495,"Nadia Saefullah, M.Ak",hestitampubolon@example.com,Female,2006-04-02,Jakarta,2025-01-21,active
496,Yuliana Saptono,nurainigalak@example.com,Female,1991-09-17,Yogyakarta,2025-04-01,active
497,"dr. Vicky Safitri, S.H.",bnashiruddin@example.net,Female,1983-02-04,Bandung,2024-12-12,active
498,Vivi Puspasari,hnainggolan@example.net,Male,1976-08-06,Medan,2023-10-11,active
499,Karman Wahyuni,uyuniar@example.org,Male,1973-03-09,Pekanbaru,2024-06-08,active
500,Jayeng Nababan,gardafirmansyah@example.org,Male,1974-06-09,Jakarta,2026-02-03,active
501,Ir. Hamima Hardiansyah,fwahyuni@example.net,Male,1984-11-15,Semarang,2025-04-19,inactive
502,Zahra Hutapea,budimanhamzah@example.net,Female,1988-11-03,Denpasar,2025-05-28,inactive
503,Ridwan Susanti,ilsa65@example.net,Male,1980-12-14,Surabaya,2025-07-03,active
504,R. Baktianto Pradipta,sihombingchandra@example.org,Female,1991-04-28,Surabaya,2023-09-16,active
505,H. Kalim Agustina,kamariautami@example.org,Female,1999-09-08,Pekanbaru,2024-02-26,active
506,Prima Najmudin,vivi76@example.org,Male,1992-01-14,Semarang,2025-11-19,active
507,"Candrakanta Nasyidah, M.Ak",,Male,1987-11-12,Surabaya,2025-02-06,active
508,"Ir. Irfan Sinaga, M.Ak",humaira55@example.com,Female,1979-12-23,Malang,2024-08-23,active
509,Mila Hassanah,vpudjiastuti@example.com,Female,2008-01-08,Pekanbaru,2025-03-23,active
510,R.M. Tirtayasa Sihombing,suryonomutia@example.org,Female,1970-11-04,Makassar,2023-08-03,active
511,"Tgk. Puspa Melani, M.Pd",lasmonodamanik@example.net,Female,1992-11-04,Medan,2026-07-16,inactive
512,Cahyo Saptono,firgantoroviman@example.com,Female,1984-11-26,Malang,2025-04-20,active
513,drg. Qori Pratama,kambalisalahudin@example.org,Female,1999-03-23,Surabaya,2025-05-02,active
514,"Ratih Kuswoyo, M.Ak",fnatsir@example.net,Female,1995-08-20,Bandung,2025-10-04,active
515,"Tgk. Gantar Fujiati, S.Farm",xhutapea@example.org,Female,2006-11-13,Medan,2023-09-12,active
516,"Prayogo Usamah, S.Sos",sabrinasuartini@example.org,Female,1972-09-12,Yogyakarta,2023-12-13,active
517,H. Darman Mangunsong,ghaliyati92@example.com,Female,1972-07-22,Jakarta,2025-02-27,active
518,Drs. Cornelia Prasetya,whassanah@example.net,Female,1987-06-07,Denpasar,2025-10-12,active
519,Queen Hardiansyah,emansirait@example.org,Female,1991-12-19,Malang,2025-12-11,active
520,Prabowo Mansur,bmardhiyah@example.net,Female,1989-05-05,Denpasar,2024-05-16,inactive
521,Drs. Oman Novitasari,kyulianti@example.org,Female,1980-03-10,Semarang,2024-03-07,active
522,Balidin Winarsih,rsinaga@example.net,Male,1986-09-19,Bandung,2023-10-20,active
523,"Ajiono Samosir, S.E.",marassitumorang@example.net,Female,2009-02-08,Bandung,2024-09-06,inactive
524,Wahyu Pradipta,joktaviani@example.com,Female,1978-05-17,Denpasar,2025-06-08,active
525,R. Zahra Suwarno,kusumobalangga@example.org,Male,1971-02-14,Denpasar,2024-09-15,active
526,Gamblang Pranowo,samosiruda@example.com,Male,1999-06-13,Bandung,2025-09-01,inactive
527,Marsito Winarsih,hani79@example.net,Female,1971-04-21,Semarang,2024-03-22,active
528,Farah Safitri,rajasaganep@example.org,Female,1981-03-02,Denpasar,2025-05-02,active
529,Salimah Wahyuni,hidayatprayoga@example.net,Female,1984-08-20,Surabaya,2024-12-24,active
530,H. Baktiadi Sihotang,salwa63@example.com,Male,1989-06-28,Malang,2023-11-29,active
531,Putri Damanik,nashiruddinhasta@example.net,Female,1972-02-20,Palembang,2025-05-18,inactive
532,Ajiman Situmorang,mulyanto76@example.net,Female,1997-04-11,Denpasar,2026-05-09,active
533,"Edi Wibisono, S.Ked",jarwi84@example.org,Female,2007-05-30,Medan,2024-08-26,active
534,"Cahyo Irawan, S.Sos",gadangsiregar@example.com,Male,1990-11-23,Surabaya,2026-06-08,active
535,Irsad Saragih,rafidpermadi@example.net,Male,2006-01-25,Surabaya,2025-08-15,active
536,Drs. Silvia Pangestu,hendriyolanda@example.org,Female,2004-03-24,Palembang,2024-07-28,active
537,"Paramita Mansur, S.Farm",,Male,2009-06-02,Malang,2024-07-06,active
538,Betania Puspita,taliapratiwi@example.org,Female,1991-05-17,Makassar,2026-07-07,active
539,Prakosa Simanjuntak,makaramaulana@example.net,Male,2004-11-29,Yogyakarta,2025-09-29,active
540,"Hj. Ulya Saefullah, S.E.I",csihombing@example.net,Male,2000-12-21,Palembang,2024-10-29,active
541,Rachel Purnawati,aslijansuryatmi@example.net,Female,1994-06-21,Bandung,2023-11-28,inactive
542,Malik Kuswandari,yulianadongoran@example.com,Male,1975-10-26,Pekanbaru,2025-05-17,active
543,"drg. Nurul Kusmawati, S.E.I",xyulianti@example.org,Female,1976-12-22,Bandung,2026-02-15,active
544,Paiman Winarsih,rbudiman@example.com,Male,2009-02-16,Malang,2024-04-06,active
545,Shakila Simbolon,nugrohotomi@example.net,Male,2004-05-23,Semarang,2025-11-10,inactive
546,drg. Tantri Sihotang,xwaskita@example.org,Female,1985-12-16,Denpasar,2026-04-01,inactive
547,Yunita Gunarto,nurdiyantidarimin@example.com,Female,2004-10-26,Jakarta,2026-05-28,inactive
548,KH. Lasmono Hardiansyah,jgunarto@example.com,Male,1977-12-28,Medan,2024-04-28,active
549,Rahmi Habibi,kenzie72@example.com,Male,1997-06-30,Pekanbaru,2024-11-26,active
550,"Olivia Kusumo, S.E.",cyuliarti@example.org,Male,2000-12-16,Jakarta,2026-04-19,active
551,Aisyah Nugroho,panjizulkarnain@example.com,Female,1988-04-12,Makassar,2026-05-26,active
552,Talia Yulianti,upikiswahyudi@example.com,Female,2005-12-19,Semarang,2026-04-11,active
553,Siska Tarihoran,iswahyudidarsirah@example.net,Female,1973-11-30,Surabaya,2025-12-22,active
554,Pranawa Narpati,prabapudjiastuti@example.com,Male,2006-03-02,Semarang,2025-09-16,active
555,"H. Aslijan Andriani, S.Pd",gamanimaulana@example.org,Male,1982-08-29,Pekanbaru,2025-04-13,active
556,Uda Mustofa,osuwarno@example.org,Male,2008-01-17,Medan,2025-11-22,active
557,KH. Adhiarja Sudiati,ajiono77@example.com,Male,2005-01-05,Makassar,2023-08-06,active
558,Limar Rahimah,ahasanah@example.com,Male,1970-11-04,Palembang,2024-04-19,inactive
559,Cakrajiya Hakim,pia83@example.org,Male,1996-01-24,Jakarta,2026-03-26,active
560,Julia Irawan,widiastutikezia@example.net,Male,1972-07-01,Jakarta,2023-09-12,active
561,Hj. Talia Riyanti,gamanwulandari@example.com,Female,1992-11-27,Malang,2024-11-01,active
562,Pranawa Salahudin,xprastuti@example.org,Female,1983-03-06,Medan,2025-04-10,active
563,Nadine Mansur,aryanihumaira@example.org,Female,1975-05-07,Semarang,2026-04-12,active
564,"Fathonah Suryatmi, S.Gz",elma68@example.org,Female,1974-11-07,Denpasar,2026-03-01,active
565,"H. Edward Aryani, M.Ak",laksmiwatiyunita@example.net,Female,2003-08-26,Semarang,2025-10-10,active
566,H. Laswi Mandasari,eka99@example.com,Male,1989-10-17,Surabaya,2024-05-13,active
567,Ajiono Hastuti,laksananababan@example.org,Male,1994-12-24,Jakarta,2024-02-16,active
568,Ganda Tampubolon,patriciaagustina@example.com,Female,1992-06-11,Semarang,2023-12-10,active
569,Hamima Hidayat,uyainahhadi@example.net,Male,1982-08-04,Palembang,2025-07-01,active
570,Tari Purnawati,adinata15@example.com,Female,1994-08-11,Semarang,2025-02-08,active
571,"Jatmiko Kusmawati, S.Gz",harsantositompul@example.com,Male,1995-10-08,Yogyakarta,2023-09-03,active
572,"dr. Wisnu Hakim, M.TI.",vnasyiah@example.com,Male,1982-04-06,Palembang,2025-01-11,active
573,Hj. Julia Thamrin,icha80@example.org,Female,1973-03-03,Surabaya,2025-10-05,active
574,R.M. Kenzie Sudiati,siraitpardi@example.net,Male,1985-10-12,Medan,2024-01-13,inactive
575,Jamal Prakasa,lasmono04@example.com,Male,1985-01-29,Malang,2025-05-16,active
576,Gasti Novitasari,,Female,1982-05-18,Makassar,2026-01-28,active
577,Dt. Raharja Laksmiwati,pangestucengkal@example.com,Male,2005-11-18,Denpasar,2023-12-04,active
578,Pranawa Januar,agnes84@example.com,Male,2002-08-26,Surabaya,2024-01-18,inactive
579,Tania Nurdiyanti,hendrafirgantoro@example.com,Female,1975-02-08,Yogyakarta,2026-05-27,active
580,Aurora Jailani,riyanticayadi@example.com,Male,1990-11-21,Medan,2024-07-08,active
581,Galur Pangestu,arsipatra94@example.net,Female,1978-02-04,Denpasar,2025-07-25,active
582,Endra Latupono,teguh14@example.org,Female,1971-03-08,Makassar,2024-06-01,active
583,Tgk. Emong Megantara,putrahalima@example.com,Female,2007-05-17,Malang,2025-06-15,active
584,dr. Puput Handayani,gangsahidayanto@example.com,Male,1972-07-25,Denpasar,2025-12-31,inactive
585,Irsad Wijaya,kurniawanpranata@example.org,Male,1977-07-26,Bandung,2023-09-03,active
586,Yuliana Napitupulu,wsusanti@example.com,Male,1998-05-23,Malang,2025-05-17,active
587,Rahmat Hastuti,hastutijasmin@example.org,Female,1974-05-19,Bandung,2025-08-07,active
588,Satya Susanti,ohalimah@example.org,Female,1980-08-25,Semarang,2024-07-08,active
589,Nova Dabukke,uchitasitompul@example.com,Female,1973-02-19,Pekanbaru,2024-09-04,active
590,"Tgk. Lukita Permata, S.E.I",khariyah@example.com,Female,1990-05-25,Bandung,2023-12-04,active
591,Prima Sihombing,simbolonida@example.net,Female,1991-05-13,Denpasar,2024-10-20,active
592,R.M. Jaya Winarno,npermadi@example.org,Female,1973-03-01,Malang,2024-10-15,active
593,H. Daryani Natsir,kfujiati@example.com,Male,1996-06-05,Palembang,2024-03-18,inactive
594,Jane Puspita,llatupono@example.net,Female,1974-05-25,Palembang,2023-10-27,active
595,"Rahmat Riyanti, S.Sos",rosman19@example.org,Male,1983-05-10,Semarang,2024-12-02,active
596,Hj. Yessi Adriansyah,iswahyudiibrahim@example.org,Female,2000-02-11,Surabaya,2025-07-09,active
597,Ir. Melinda Napitupulu,snasyidah@example.com,Female,1978-08-10,Semarang,2025-07-27,active
598,Clara Padmasari,kamaria46@example.net,Female,1970-11-26,Jakarta,2026-03-21,active
599,Pia Habibi,smahendra@example.org,Male,1970-08-15,Palembang,2026-07-19,inactive
600,Tira Rahayu,darmaji40@example.org,Male,1985-12-18,Bandung,2025-04-07,active
601,Sutan Mujur Natsir,ywaskita@example.com,Female,1989-02-08,Surabaya,2024-07-16,active
602,Salsabila Mahendra,atarihoran@example.org,Female,1975-10-28,Yogyakarta,2024-02-25,active
603,Diana Hutasoit,megantaraanita@example.net,Male,1975-12-09,Bandung,2023-10-20,active
604,Jaeman Melani,bsuartini@example.net,Male,1987-02-16,Makassar,2026-01-02,inactive
605,Rahmi Ardianto,othamrin@example.org,Female,1993-02-15,Pekanbaru,2026-01-17,active
606,Drs. Ghani Firmansyah,citrasantoso@example.com,Male,2008-09-26,Denpasar,2026-02-16,active
607,Caket Novitasari,darmanto97@example.net,Female,2008-12-12,Jakarta,2025-04-16,inactive
608,Puti Hesti Halimah,wadi81@example.net,Female,1995-03-08,Medan,2026-07-16,active
609,Rahmi Habibi,usadaghaliyati@example.net,Female,2005-10-29,Bandung,2025-07-30,active
610,Queen Sitompul,halimahumaya@example.net,Female,1987-01-03,Yogyakarta,2025-03-11,active
611,Tgk. Titi Pratiwi,labuh20@example.net,Male,1980-09-29,Semarang,2026-06-20,active
612,Yessi Oktaviani,karenhabibi@example.net,Female,1971-08-26,Palembang,2025-06-22,active
613,Diah Susanti,corneliahutagalung@example.com,Male,1981-07-18,Surabaya,2025-01-15,active
614,R. Sakura Hassanah,kusumonova@example.org,Male,1985-01-03,Malang,2026-02-28,active
615,"Cut Jasmin Hutasoit, S.E.I",ajengnajmudin@example.net,Female,1993-10-24,Jakarta,2024-02-11,inactive
616,Mitra Farida,xzulkarnain@example.com,Male,1998-11-25,Pekanbaru,2026-01-19,active
617,Jaiman Wacana,balangga41@example.org,Male,1989-02-27,Palembang,2024-02-02,active
618,Nabila Saptono,prabuzulaika@example.net,Male,1976-03-31,Palembang,2025-01-05,active
619,"Galih Nuraini, S.Gz",suwarnousman@example.com,Male,1974-05-20,Denpasar,2026-03-13,inactive
620,Hasna Januar,saka94@example.com,Male,1980-07-18,Malang,2025-03-07,active
621,"Samiah Rahmawati, S.Kom",vwulandari@example.org,Male,1990-11-12,Bandung,2025-05-04,active
622,"Adika Hidayat, S.Ked",luispudjiastuti@example.org,Female,1986-08-17,Jakarta,2025-08-14,active
623,Hafshah Nababan,otampubolon@example.net,Female,1971-11-30,Surabaya,2025-02-28,active
624,Hj. Dewi Lazuardi,riyantitami@example.org,Male,1973-12-15,Semarang,2025-06-11,active
625,R. Carla Nashiruddin,wwahyuni@example.net,Male,1980-06-19,Jakarta,2025-05-26,active
626,"dr. Mustofa Widiastuti, S.Psi",uyainahumaya@example.com,Male,1980-08-15,Semarang,2024-12-26,inactive
627,Eka Saptono,bancar66@example.com,Male,1977-07-11,Pekanbaru,2025-12-05,inactive
628,"Joko Kurniawan, S.E.I",oniwijaya@example.org,Male,1991-09-03,Makassar,2023-10-18,active
629,Bagya Hidayanto,handayanikarja@example.org,Female,1992-11-13,Makassar,2024-11-17,active
630,"Manah Adriansyah, S.Gz",fbudiyanto@example.org,Male,1996-07-04,Palembang,2024-05-03,active
631,"Vera Lestari, M.Kom.",purwa90@example.net,Female,1987-08-05,Medan,2024-05-21,active
632,Shakila Laksmiwati,namagajabal@example.org,Male,1975-04-25,Palembang,2026-02-13,active
633,"Yusuf Yuliarti, S.Pt",mulyanto46@example.org,Male,1984-11-01,Denpasar,2025-03-11,active
634,Cecep Puspasari,caraka74@example.net,Female,1972-02-14,Semarang,2026-02-23,active
635,"Malik Tamba, M.Kom.",limanwibisono@example.org,Female,1973-11-23,Surabaya,2024-09-27,inactive
636,Najib Rahayu,estionofirgantoro@example.org,Female,1979-11-21,Bandung,2025-06-26,active
637,Gandi Hakim,betania87@example.org,Male,1983-10-04,Makassar,2024-10-02,inactive
638,"Karman Haryanti, M.Pd",nlazuardi@example.net,Male,1976-05-24,Medan,2025-10-01,active
639,"Ajiman Halimah, M.Ak",firgantoroeko@example.com,Female,1972-05-16,Makassar,2025-04-28,inactive
640,Utama Samosir,alambananatsir@example.net,Male,2002-08-06,Pekanbaru,2025-09-09,inactive
641,Jamal Riyanti,mayaharyanto@example.org,Male,2001-10-03,Palembang,2023-11-17,active
642,"Himawan Simbolon, S.IP",simonsirait@example.net,Male,2008-08-24,Makassar,2024-03-31,active
643,R. Juli Haryanto,marganaprabowo@example.org,Female,1975-04-19,Yogyakarta,2025-04-25,active
644,R.M. Ismail Prasasta,snarpati@example.com,Female,2006-09-09,Bandung,2024-01-04,active
645,"R.M. Agus Laksita, S.Pt",usamahputri@example.com,Male,1970-11-01,Bandung,2023-09-16,active
646,Talia Kusmawati,yuliantimaimunah@example.com,Male,1997-08-03,Jakarta,2024-02-15,active
647,Lurhur Firgantoro,elisa76@example.org,Male,1993-11-03,Palembang,2024-03-15,active
648,Agnes Puspita,utamiluhung@example.com,Male,1979-10-11,Palembang,2025-09-27,active
649,Sutan Jaiman Utami,safitrinyoman@example.net,Male,1996-04-20,Medan,2023-12-09,active
650,"Dr. Najwa Nugroho, S.E.",darmantomaryadi@example.net,Female,1996-09-21,Medan,2024-05-31,active
651,Raisa Hasanah,kairav36@example.com,Female,1972-04-11,Surabaya,2023-09-19,active
652,R. Bagus Prakasa,galihdabukke@example.com,Male,1998-09-21,Medan,2025-10-22,inactive
653,"R. Gamani Pradana, S.IP",salman35@example.org,Male,1979-11-01,Medan,2025-05-13,active
654,Restu Laksita,pardiprasetya@example.org,Female,1972-09-15,Medan,2024-10-28,inactive
655,Kasiyah Mansur,onihasanah@example.org,Male,1988-06-09,Surabaya,2024-11-22,inactive
656,Mustofa Purnawati,kayun35@example.org,Female,1972-11-29,Denpasar,2024-03-02,inactive
657,"Tgk. Darmaji Sihombing, M.Ak",aharyanti@example.org,Female,1976-09-13,Pekanbaru,2023-12-30,active
658,Hendra Nurdiyanti,keziapuspasari@example.org,Male,1989-08-31,Semarang,2025-12-20,active
659,"Maria Prayoga, S.H.",rhariyah@example.org,Female,1983-05-09,Palembang,2026-07-29,active
660,Arta Halimah,karimahardianto@example.com,Male,1999-03-12,Jakarta,2025-04-29,active
661,"KH. Mursinin Januar, M.M.",znuraini@example.com,Female,1989-11-26,Medan,2025-02-05,active
662,Ida Permadi,wasitaibrani@example.org,Male,1995-11-05,Palembang,2023-11-02,active
663,"Michelle Pertiwi, M.Farm",twinarsih@example.org,Female,1971-07-16,Makassar,2023-11-10,active
664,"Jaiman Usada, S.Ked",rosmannashiruddin@example.com,Male,2004-02-22,Denpasar,2024-12-13,active
665,"T. Nalar Suryatmi, M.Pd",febi04@example.com,Female,1993-01-08,Makassar,2023-10-19,active
666,Kamidin Wulandari,safitrimumpuni@example.net,Female,1984-10-13,Medan,2024-03-17,active
667,Ghani Utama,dutama@example.net,Female,1977-06-03,Surabaya,2023-09-28,inactive
668,Halima Namaga,purwantihasan@example.org,Male,1975-01-06,Jakarta,2025-04-06,active
669,Olivia Zulaika,ihsansinaga@example.com,Male,1987-01-30,Medan,2025-01-08,active
670,R. Jarwadi Nasyidah,muhammad77@example.net,Male,1997-01-15,Yogyakarta,2023-10-01,active
671,"Yessi Haryanto, S.Kom",unggul95@example.net,Female,2005-05-16,Medan,2025-03-09,active
672,Balangga Marbun,wijayagatot@example.com,Male,1981-05-07,Medan,2024-12-16,active
673,"Ajimin Sihombing, S.Farm",nmaryadi@example.net,Female,2008-05-26,Makassar,2025-09-05,active
674,Unjani Yuliarti,wartasitumorang@example.com,Female,1971-06-05,Surabaya,2025-03-18,active
675,Laras Prastuti,pradiptaeka@example.net,Male,1983-12-16,Bandung,2024-02-26,active
676,Michelle Sihombing,amalia98@example.net,Male,1992-09-16,Semarang,2025-07-11,active
677,Irma Hardiansyah,gangsa43@example.com,Male,1976-05-16,Palembang,2026-04-13,active
678,T. Cemplunk Natsir,pujimarpaung@example.net,Male,2003-04-28,Bandung,2024-06-09,active
679,Galiono Permata,gamanprakasa@example.org,Female,1975-07-09,Palembang,2025-08-31,active
680,Mulya Simanjuntak,hendrapurwanti@example.net,Male,2008-09-23,Bandung,2024-05-14,active
681,Dewi Dongoran,knamaga@example.net,Male,1986-05-13,Yogyakarta,2024-01-12,active
682,Okta Palastri,verosimanjuntak@example.org,Female,2008-08-20,Semarang,2025-01-31,inactive
683,Raharja Pratiwi,warta49@example.net,Female,1999-01-01,Yogyakarta,2024-07-31,active
684,Mustika Puspasari,yunita17@example.org,Male,1975-02-22,Semarang,2026-05-09,active
685,Amelia Sudiati,tritamba@example.org,Female,1995-08-07,Bandung,2023-08-30,active
686,Kawaya Hassanah,kalanapitupulu@example.org,Male,1996-12-28,Medan,2025-05-03,active
687,dr. Dagel Lestari,,Female,1982-12-24,Denpasar,2026-06-17,active
688,Nasrullah Aryani,widiastutinajam@example.com,Male,1985-01-01,Yogyakarta,2025-05-27,active
689,"Drs. Clara Pratama, M.M.",muhammad54@example.com,Female,1999-07-05,Makassar,2024-09-14,inactive
690,Titi Agustina,ksuwarno@example.net,Male,1976-01-12,Makassar,2024-10-31,active
691,Paramita Sitorus,megantaraheryanto@example.com,Male,1973-03-01,Semarang,2025-05-07,inactive
692,"Vinsen Saputra, S.Farm",airawan@example.com,Male,1977-05-29,Palembang,2026-06-20,inactive
693,Puspa Lestari,herunashiruddin@example.com,Male,1972-03-26,Pekanbaru,2024-12-21,active
694,Prima Adriansyah,aurora87@example.org,Female,1976-08-05,Bandung,2026-01-24,active
695,Lidya Nugroho,pmaheswara@example.net,Female,1989-10-08,Makassar,2024-06-26,active
696,Betania Rahimah,asmiantolazuardi@example.com,Female,1999-08-31,Bandung,2025-08-25,active
697,Talia Lazuardi,orajata@example.net,Male,1985-02-21,Medan,2025-04-30,active
698,Cakrabuana Simanjuntak,rajatagamani@example.net,Male,1988-07-26,Denpasar,2025-10-14,active
699,Siska Tamba,gamanto04@example.com,Male,1972-06-26,Palembang,2025-08-31,active
700,Prakosa Kuswoyo,mulyaniharsanto@example.net,Male,1993-12-09,Surabaya,2024-06-17,active
701,"Shakila Tarihoran, S.IP",laswi44@example.net,Female,1991-06-06,Surabaya,2024-02-02,active
702,Kasiyah Laksita,akarsanamandala@example.net,Male,1986-08-27,Malang,2024-08-22,active
703,Sutan Radika Nainggolan,damupratama@example.org,Male,2001-08-06,Jakarta,2026-05-08,active
704,Reza Mustofa,agustinaviman@example.org,Male,2006-08-07,Bandung,2025-04-06,active
705,Drs. Vanesa Siregar,zahra52@example.com,Male,1977-04-21,Denpasar,2025-01-09,active
706,Malik Pradana,prasetyaedi@example.net,Male,1982-07-30,Surabaya,2024-07-01,active
707,Ajiman Laksmiwati,anggrainizahra@example.org,Male,2000-02-15,Medan,2024-03-19,active
708,Cut Nadine Lazuardi,firmansyahtitin@example.net,Female,2006-01-07,Bandung,2023-09-18,active
709,R.A. Rini Pangestu,ulya01@example.org,Male,1977-10-17,Jakarta,2023-09-19,active
710,Kamila Marpaung,maulanakala@example.net,Male,2003-12-09,Jakarta,2024-08-22,inactive
711,Reza Prastuti,corneliapurnawati@example.org,Female,2000-05-09,Surabaya,2025-12-05,active
712,Olga Januar,kardinarpati@example.net,Male,2006-08-19,Jakarta,2025-03-04,inactive
713,Irnanto Wulandari,sutama@example.net,Female,2007-12-10,Palembang,2026-05-07,active
714,Hasim Kusumo,prabu63@example.net,Male,2000-04-13,Denpasar,2024-02-17,active
715,Vanesa Tarihoran,hkusumo@example.org,Male,1998-01-26,Pekanbaru,2024-07-12,active
716,Harsana Suryono,hutasoitmarwata@example.com,Male,1988-05-29,Semarang,2025-04-04,active
717,Zulaikha Aryani,jprasetyo@example.com,Male,1977-12-13,Makassar,2025-10-17,inactive
718,Mursita Lestari,xwastuti@example.org,Male,1996-10-19,Malang,2023-10-18,active
719,Talia Rahayu,lazuardiedison@example.com,Female,2008-09-17,Malang,2024-10-10,active
720,Farah Riyanti,cagerutama@example.org,Female,2003-07-04,Malang,2025-10-23,inactive
721,"H. Pranata Prastuti, M.Farm",samsulmandasari@example.com,Male,1981-03-26,Semarang,2024-10-19,inactive
722,drg. Nova Melani,etamba@example.net,Female,1981-06-18,Surabaya,2025-12-15,active
723,Gina Utami,maheswarajais@example.com,Male,2007-05-05,Denpasar,2025-11-21,active
724,Cemani Wibowo,hidayatbella@example.net,Female,1994-03-02,Pekanbaru,2023-09-04,inactive
725,"Pardi Nurdiyanti, M.Kom.",puti91@example.org,Female,2001-07-03,Semarang,2024-07-26,active
726,Tgk. Rusman Namaga,glestari@example.com,Male,1991-11-27,Bandung,2024-03-11,active
727,Iriana Waluyo,astutidasa@example.com,Female,1987-11-06,Palembang,2026-06-12,active
728,"Eli Lestari, S.Farm",ifawahyuni@example.com,Female,1975-10-31,Bandung,2023-09-11,inactive
729,Sakura Puspasari,kkusumo@example.net,Male,1997-04-26,Palembang,2025-09-25,active
730,Hartaka Saptono,kpurwanti@example.net,Female,1989-11-17,Yogyakarta,2025-04-21,active
731,Cut Dian Utama,kairav50@example.org,Male,1984-03-11,Malang,2026-07-02,active
732,Ikhsan Situmorang,utamimahmud@example.com,Male,2009-04-10,Surabaya,2025-10-24,active
733,Mitra Prasasta,,Male,1980-03-30,Makassar,2024-10-27,active
734,Ella Damanik,haryantolurhur@example.org,Male,1991-08-02,Jakarta,2025-07-13,inactive
735,Ayu Halimah,gpurnawati@example.com,Male,1993-07-08,Semarang,2023-09-12,active
736,Puti Yani Lestari,ypertiwi@example.com,Female,1974-06-28,Medan,2026-07-18,active
737,Tgk. Karimah Fujiati,amelia85@example.org,Male,1978-06-16,Surabaya,2025-08-11,inactive
738,Alika Salahudin,nasyiahikhsan@example.com,Female,2009-06-10,Jakarta,2025-06-29,active
739,"Ir. Cinta Rahayu, S.Psi",qoriiswahyudi@example.net,Male,1981-04-01,Surabaya,2024-10-16,active
740,"R. Martana Sihombing, M.TI.",naryani@example.com,Male,2001-12-12,Jakarta,2025-04-14,active
741,Drs. Mutia Winarsih,heru66@example.com,Male,2000-05-12,Surabaya,2024-11-19,active
742,Dr. Gabriella Wijayanti,utamidiana@example.org,Female,2008-02-10,Bandung,2024-02-16,active
743,"Drs. Simon Fujiati, M.Farm",osantoso@example.net,Male,1998-12-04,Yogyakarta,2025-10-24,active
744,Cakrawangsa Salahudin,omarhariyah@example.org,Female,2003-07-05,Makassar,2023-10-07,active
745,Yuni Suwarno,usadahasim@example.com,Male,1995-10-13,Semarang,2024-10-25,active
746,Dadi Dabukke,rosmanpermadi@example.org,Male,1980-03-01,Malang,2024-05-10,active
747,Septi Firgantoro,jlaksita@example.com,Male,1978-06-19,Palembang,2026-01-25,inactive
748,R.M. Margana Gunarto,rajatakala@example.net,Female,2008-03-05,Yogyakarta,2024-05-27,active
749,Tgk. Zelaya Haryanto,hakimcaturangga@example.com,Female,2005-09-16,Medan,2025-01-16,active
750,"R. Gilda Kusumo, M.Farm",usyi16@example.net,Male,1999-03-26,Yogyakarta,2024-10-22,active
751,Prasetyo Sihotang,amelia13@example.net,Male,1983-06-06,Palembang,2026-05-21,active
752,Balamantri Natsir,bprakasa@example.org,Male,1978-12-08,Yogyakarta,2025-05-04,active
753,Patricia Wahyudin,lrajasa@example.org,Female,1997-11-15,Pekanbaru,2024-05-29,active
754,Violet Maulana,rkusmawati@example.org,Female,1984-09-28,Bandung,2023-12-04,active
755,"Raharja Habibi, S.H.",artanto90@example.net,Female,1980-06-14,Medan,2025-09-25,active
756,"Dr. Kayla Anggriawan, S.Sos",yessi18@example.org,Female,2006-10-05,Malang,2024-09-27,active
757,"R. Maida Usamah, S.Psi",cemeti34@example.org,Male,2004-11-20,Semarang,2026-05-05,active
758,"Dr. Nadine Zulkarnain, S.Psi",rfirmansyah@example.org,Male,1998-07-26,Malang,2025-11-20,active
759,R. Garan Andriani,marpaungzelaya@example.com,Male,1994-01-26,Yogyakarta,2026-03-20,active
760,"Cengkal Usamah, M.M.",umaya00@example.net,Male,2001-06-09,Semarang,2026-01-10,active
761,Ratih Hutasoit,opangestu@example.com,Male,1974-11-28,Malang,2023-12-30,inactive
762,Natalia Mansur,melindazulkarnain@example.com,Male,1980-10-02,Makassar,2024-05-02,active
763,Elvina Wijaya,kardi31@example.com,Female,2004-10-07,Semarang,2025-08-25,inactive
764,"Luwar Utami, S.H.",artantodamanik@example.net,Female,2005-12-15,Palembang,2026-06-03,active
765,Raina Aryani,karnanarpati@example.org,Male,1994-01-01,Makassar,2026-07-05,active
766,"Paramita Fujiati, M.M.",ganep91@example.org,Male,2002-11-07,Yogyakarta,2024-01-13,inactive
767,Ulva Lailasari,hasimnainggolan@example.com,Female,1985-06-27,Pekanbaru,2025-01-25,active
768,"Shania Nainggolan, S.Farm",nadinepratama@example.com,Female,1977-08-15,Bandung,2024-11-17,active
769,Dr. Hilda Uwais,siregarkarna@example.org,Male,1993-04-27,Medan,2025-12-18,inactive
770,"dr. Talia Widodo, S.Kom",anggriawanwakiman@example.org,Male,1998-05-29,Bandung,2025-07-12,inactive
771,Ganda Prakasa,cakrabuana18@example.org,Female,1988-12-14,Pekanbaru,2025-09-17,active
772,drg. Ilsa Widodo,ardiantojono@example.net,Female,1996-10-07,Malang,2024-08-25,inactive
773,Jefri Lailasari,prastutigatot@example.com,Female,2006-11-14,Medan,2023-12-25,active
774,dr. Caket Rajata,cemanisimanjuntak@example.net,Male,1975-02-22,Bandung,2026-03-22,active
775,Mala Suryono,betaniasetiawan@example.net,Male,2005-10-18,Jakarta,2023-09-20,active
776,Unjani Lestari,dina56@example.org,Male,2000-05-15,Pekanbaru,2024-05-17,active
777,Dartono Najmudin,mhabibi@example.org,Female,1971-12-26,Bandung,2024-01-15,active
778,Ilyas Tamba,hfujiati@example.com,Female,2009-02-24,Surabaya,2024-05-14,active
779,"R. Dewi Tampubolon, S.Pt",hlailasari@example.net,Female,1978-07-14,Semarang,2025-04-08,inactive
780,"Lanang Prabowo, M.Farm",ciaobellasaputra@example.net,Female,2009-07-05,Denpasar,2024-06-09,inactive
781,"drg. Murti Kuswoyo, S.Psi",rafihutagalung@example.org,Female,1971-08-07,Jakarta,2023-08-07,active
782,Raihan Sinaga,wijayapangeran@example.net,Female,1976-08-01,Malang,2025-08-18,inactive
783,Hj. Agnes Sitompul,ohasanah@example.com,Female,2008-05-29,Yogyakarta,2023-10-30,inactive
784,"Drs. Cager Prabowo, S.Gz",usimbolon@example.net,Female,2001-11-06,Surabaya,2025-07-22,active
785,Cornelia Wacana,hidayantohana@example.net,Female,1980-07-15,Denpasar,2024-06-08,active
786,Harsanto Waskita,birawan@example.org,Male,1981-09-12,Medan,2024-04-22,active
787,"dr. Oman Saragih, M.Ak",dimassalahudin@example.com,Male,1975-09-16,Surabaya,2025-11-04,active
788,Nabila Santoso,devi37@example.com,Female,1992-07-18,Surabaya,2025-08-01,active
789,Siti Aryani,nuwais@example.org,Male,1974-03-19,Makassar,2024-11-08,active
790,"Nasab Mangunsong, M.Kom.",owastuti@example.net,Female,1991-02-25,Surabaya,2025-02-15,active
791,Umaya Kuswandari,siregarwaluyo@example.com,Female,1982-04-21,Palembang,2025-07-12,active
792,Cut Puspa Hutagalung,jamal86@example.com,Female,2006-05-12,Makassar,2026-07-16,inactive
793,"Najib Purnawati, S.T.",gzulkarnain@example.com,Female,1984-06-13,Surabaya,2025-02-15,active
794,Panji Najmudin,latuponotina@example.com,Male,2003-06-18,Pekanbaru,2025-05-05,active
795,"Mutia Winarsih, M.M.",usalahudin@example.net,Male,1994-12-01,Malang,2023-09-21,active
796,"Rahmi Rajata, S.IP",indranashiruddin@example.org,Female,1987-07-04,Palembang,2024-05-19,inactive
797,"Jati Haryanti, S.Sos",alatupono@example.org,Male,2004-06-20,Jakarta,2023-08-22,inactive
798,Shakila Wulandari,nsihombing@example.net,Female,2008-02-24,Semarang,2026-06-26,active
799,Balidin Budiyanto,cayadi22@example.org,Male,1997-09-24,Semarang,2025-08-11,active
800,Martaka Permadi,pranowoyono@example.net,Female,1987-08-01,Palembang,2024-02-25,active
801,Jasmani Anggraini,cawuksihombing@example.com,Female,1971-06-09,Bandung,2025-06-19,inactive
802,Satya Hartati,tirtayasalaksita@example.com,Female,1993-05-30,Makassar,2024-02-01,inactive
803,Lasmono Astuti,vhabibi@example.org,Male,2008-10-14,Makassar,2024-03-10,inactive
804,Drs. Olga Suryatmi,bagya76@example.com,Male,2007-01-24,Palembang,2026-02-18,active
805,Dt. Indra Permata,tpradipta@example.org,Female,1982-11-27,Jakarta,2026-04-20,active
806,Hj. Jelita Hassanah,hkusmawati@example.com,Male,1997-10-16,Surabaya,2023-10-11,active
807,Jono Prasetya,harjo75@example.com,Male,1993-07-04,Makassar,2023-08-25,active
808,"Kayla Agustina, S.I.Kom",smustofa@example.net,Female,2001-08-18,Jakarta,2025-08-22,active
809,"Ulva Irawan, M.Kom.",putipranowo@example.com,Male,1975-08-15,Pekanbaru,2025-12-26,inactive
810,Ilsa Prakasa,yjanuar@example.com,Female,1978-10-03,Semarang,2024-03-08,active
811,Gatot Rajata,,Female,1984-07-06,Bandung,2023-09-23,active
812,Lasmanto Pradana,haryantomursita@example.com,Male,1975-04-18,Jakarta,2024-01-23,active
813,Eka Mulyani,maman50@example.net,Female,1994-02-26,Yogyakarta,2024-04-04,active
814,Purwa Suryatmi,faridavinsen@example.org,Male,1994-05-13,Makassar,2023-11-25,active
815,Caturangga Usamah,purwantibakda@example.net,Male,1975-03-11,Makassar,2026-02-28,inactive
816,Uchita Januar,galar47@example.net,Female,1976-08-08,Yogyakarta,2024-03-15,inactive
817,Vivi Ardianto,dipapangestu@example.com,Female,1980-02-26,Denpasar,2024-09-04,inactive
818,Kasiyah Agustina,kemal82@example.org,Female,1984-08-26,Makassar,2026-01-05,inactive
819,Rama Aryani,fitrianiandriani@example.org,Female,1986-09-17,Surabaya,2025-07-31,inactive
820,Ana Handayani,ymaryati@example.net,Female,1976-04-06,Bandung,2024-10-24,active
821,Vera Marbun,hutasoitmurti@example.com,Female,1987-07-08,Palembang,2023-08-13,active
822,Cut Siti Wijayanti,wijayantisiska@example.org,Female,2004-09-28,Denpasar,2024-10-07,active
823,T. Najam Sihotang,rwacana@example.net,Male,2006-01-17,Surabaya,2026-07-04,inactive
824,Melinda Yuniar,elvina92@example.net,Male,1978-08-03,Malang,2023-08-11,inactive
825,Vicky Napitupulu,zsitumorang@example.net,Male,2004-12-11,Denpasar,2025-03-21,active
826,Gabriella Iswahyudi,purwadi28@example.net,Male,1990-07-17,Denpasar,2023-11-03,active
827,"Dr. Lega Rajata, S.H.",rahmi20@example.org,Male,2003-01-17,Pekanbaru,2024-07-10,active
828,Saadat Wahyudin,hmayasari@example.net,Female,1980-09-19,Surabaya,2024-07-01,active
829,Ifa Pertiwi,hardiansyahsamiah@example.org,Female,1999-04-29,Palembang,2025-02-09,inactive
830,"Mulya Nasyidah, M.Ak",lalapratiwi@example.net,Female,1979-09-16,Jakarta,2024-12-11,inactive
831,Bala Simbolon,perkasanurdiyanti@example.net,Female,1990-09-23,Semarang,2024-06-25,inactive
832,Yance Zulkarnain,upik12@example.net,Female,1973-10-13,Denpasar,2024-03-01,active
833,Hairyanto Wastuti,wawanprabowo@example.com,Female,1991-02-10,Jakarta,2023-10-10,active
834,"Indra Farida, M.Kom.",lsaptono@example.com,Female,1999-02-15,Yogyakarta,2025-05-08,inactive
835,Tania Haryanti,edwardmayasari@example.org,Female,1975-08-20,Bandung,2024-11-01,inactive
836,Pangeran Manullang,prabowoviktor@example.com,Male,2007-05-29,Yogyakarta,2025-09-13,inactive
837,Hairyanto Pertiwi,suartinirendy@example.org,Female,1981-11-18,Jakarta,2024-09-10,inactive
838,Ida Laksita,wahyudinlurhur@example.com,Male,1971-09-05,Denpasar,2025-02-25,active
839,Cemplunk Lestari,thardiansyah@example.com,Female,1970-09-01,Makassar,2024-01-06,active
840,Tgk. Padmi Hartati,gunawanrafid@example.com,Male,2005-09-12,Bandung,2025-03-25,active
841,Ir. Jagaraga Hartati,isudiati@example.org,Female,1996-08-10,Denpasar,2025-12-06,inactive
842,Gina Widodo,cemani99@example.com,Male,1983-10-23,Makassar,2024-01-13,active
843,"R. Titin Dongoran, M.Farm",psetiawan@example.org,Female,1995-02-28,Jakarta,2023-09-22,active
844,Yahya Safitri,iriana18@example.org,Male,1991-09-20,Malang,2025-11-25,active
845,Maryanto Nasyidah,wawanmardhiyah@example.org,Male,1977-08-06,Malang,2025-11-10,active
846,Respati Nasyidah,jokoprastuti@example.com,Male,1994-04-03,Pekanbaru,2023-08-23,active
847,Elvina Agustina,lestariarsipatra@example.com,Male,1971-07-11,Medan,2024-10-16,active
848,Kemba Narpati,frajasa@example.org,Male,1981-09-18,Yogyakarta,2025-03-03,inactive
849,"Cawisadi Halim, M.Ak",mangunsongluwes@example.com,Female,2008-01-27,Semarang,2024-02-19,active
850,Dinda Zulkarnain,salahudinpurwadi@example.org,Male,2005-05-31,Denpasar,2024-02-17,active
851,"Drs. Langgeng Prakasa, M.Kom.",habibihalim@example.org,Male,1990-06-04,Surabaya,2024-05-11,active
852,Puspa Wasita,santosobanawi@example.com,Male,1973-02-20,Bandung,2025-02-05,active
853,Hj. Cinthia Prayoga,arissantoso@example.net,Male,2000-05-05,Surabaya,2023-09-03,active
854,Chelsea Usada,lulutpurnawati@example.com,Male,1990-02-07,Palembang,2025-07-17,active
855,"Sutan Kawaya Anggraini, M.Pd",pangerannamaga@example.org,Female,1988-03-16,Surabaya,2025-12-08,active
856,Abyasa Halim,ssafitri@example.net,Male,2006-12-29,Denpasar,2023-08-04,active
857,Lanang Melani,widya65@example.net,Female,1981-07-23,Bandung,2025-01-12,active
858,"Dewi Mandala, M.Pd",salahudincemani@example.com,Male,2009-07-17,Denpasar,2024-01-26,active
859,"Warsita Siregar, S.T.",olivamayasari@example.com,Male,2008-10-16,Surabaya,2026-03-22,inactive
860,Rahayu Sitompul,joko55@example.org,Female,1971-03-17,Malang,2025-09-16,active
861,"Virman Adriansyah, M.Ak",,Female,1989-03-04,Surabaya,2025-08-30,active
862,"Nurul Wijaya, M.Pd",radenpuspita@example.net,Male,1973-10-01,Yogyakarta,2026-04-16,active
863,Samiah Maheswara,nasyiahaswani@example.net,Female,1984-05-09,Surabaya,2026-03-20,inactive
864,Kartika Nababan,prayitna20@example.org,Male,1987-12-05,Medan,2026-01-09,active
865,Febi Iswahyudi,setiawanwidya@example.net,Male,2002-06-03,Semarang,2024-04-01,active
866,Estiono Lailasari,jarwalailasari@example.com,Male,2005-11-11,Makassar,2025-06-18,active
867,Carla Setiawan,adityanapitupulu@example.net,Female,1992-10-12,Pekanbaru,2025-09-15,active
868,"Luhung Pratiwi, S.E.",titinpratiwi@example.net,Male,1973-02-19,Semarang,2025-01-25,active
869,"R.A. Putri Saefullah, S.Kom",mahendrakarja@example.net,Female,2003-08-25,Palembang,2023-12-21,active
870,Syahrini Wulandari,wulan87@example.org,Female,2007-05-15,Bandung,2023-08-28,active
871,"Karja Hastuti, M.Kom.",saka64@example.org,Female,1984-09-07,Palembang,2023-09-28,inactive
872,drg. Galih Ardianto,bakionosetiawan@example.com,Female,1985-11-14,Makassar,2025-11-11,active
873,Vero Prayoga,prasetyoyance@example.com,Female,1978-04-07,Medan,2024-08-03,active
874,Jatmiko Astuti,utamiqueen@example.org,Male,2002-02-06,Pekanbaru,2024-07-28,active
875,Yusuf Siregar,jais31@example.com,Female,2003-01-21,Malang,2025-05-13,active
876,Vanesa Kuswoyo,cakrabuanarahimah@example.net,Female,1994-12-23,Palembang,2026-01-19,active
877,Zizi Haryanto,halimbagas@example.com,Female,2001-02-09,Palembang,2025-04-28,active
878,"Ian Haryanto, S.IP",thakim@example.net,Male,1997-01-04,Medan,2023-10-09,active
879,"dr. Daruna Rahimah, M.Ak",prabowo61@example.net,Female,1971-01-01,Surabaya,2025-04-06,active
880,Sadina Wulandari,nsafitri@example.org,Female,2001-02-13,Medan,2024-09-26,active
881,Legawa Hidayat,lili31@example.org,Male,1993-09-16,Yogyakarta,2024-12-12,active
882,Lili Laksmiwati,rainamelani@example.com,Male,1998-11-06,Yogyakarta,2026-02-09,active
883,Galang Padmasari,endragunawan@example.org,Male,1987-08-02,Malang,2024-12-02,inactive
884,Jarwadi Saragih,luthfi98@example.org,Female,1994-02-12,Makassar,2026-06-19,inactive
885,"Cakrabuana Hakim, S.H.",maryatilidya@example.net,Male,1990-05-13,Pekanbaru,2024-06-17,active
886,Manah Pangestu,anggrainimalik@example.org,Female,2001-03-19,Surabaya,2026-02-03,active
887,Zulaikha Prastuti,mhastuti@example.net,Female,1992-08-31,Malang,2024-08-11,active
888,Widya Gunarto,raihan52@example.org,Female,1989-12-05,Jakarta,2024-08-04,active
889,R.A. Halima Laksmiwati,zaenabpradana@example.com,Male,1999-03-28,Pekanbaru,2026-05-07,active
890,"Cut Karen Anggriawan, S.Pt",pardi36@example.org,Female,1984-07-18,Jakarta,2026-06-12,inactive
891,"Lanang Tarihoran, S.Gz",laksanafarida@example.org,Male,2008-08-16,Makassar,2025-04-01,active
892,Gandi Puspasari,gantar34@example.net,Male,1980-03-06,Palembang,2024-03-08,active
893,"Hj. Dina Wibowo, S.IP",karnajanuar@example.org,Female,1983-10-14,Palembang,2024-03-04,active
894,"Cawisono Novitasari, M.Ak",xpermadi@example.com,Female,2004-12-21,Malang,2024-03-20,active
895,"Sutan Dadi Nasyidah, S.Sos",lazuardiedward@example.org,Female,1997-09-01,Pekanbaru,2026-03-22,inactive
896,"Drs. Langgeng Nainggolan, M.Pd",pusada@example.org,Male,1982-01-22,Makassar,2024-07-16,inactive
897,"R. Zizi Melani, M.Farm",balamantriusamah@example.com,Male,2005-02-18,Jakarta,2024-01-12,inactive
898,Caturangga Melani,halimahtari@example.net,Female,1985-09-21,Palembang,2024-03-19,active
899,Tania Wahyudin,bella87@example.org,Female,1991-01-30,Yogyakarta,2026-03-27,inactive
900,Suci Padmasari,rkusmawati@example.net,Male,1995-12-05,Semarang,2025-01-13,inactive
901,Gaduh Anggraini,unggulprakasa@example.com,Male,2005-03-31,Semarang,2024-03-17,active
902,"R. Ega Handayani, M.TI.",kacung81@example.org,Female,1984-04-19,Semarang,2025-04-20,active
903,Mila Hastuti,nmulyani@example.com,Female,1987-06-16,Surabaya,2025-05-04,active
904,Cemani Handayani,rsimanjuntak@example.com,Female,1979-09-15,Denpasar,2024-09-08,active
905,Ir. Bahuwirya Saefullah,catur48@example.net,Male,2006-09-22,Malang,2025-07-10,active
906,Ganda Napitupulu,tarihoranbahuwarna@example.net,Female,1996-11-30,Makassar,2023-11-18,active
907,"Puji Rajata, S.Ked",harjaya92@example.net,Male,2000-08-14,Semarang,2024-05-03,active
908,Jarwi Yolanda,respati69@example.net,Female,1990-07-31,Yogyakarta,2024-06-06,inactive
909,"Ulva Pranowo, M.Kom.",radenpradana@example.org,Male,1979-09-14,Surabaya,2025-11-14,active
910,Zulfa Nainggolan,vhariyah@example.org,Male,1987-04-24,Jakarta,2025-05-07,active
911,"Drs. Ana Wahyudin, S.E.I",cpranowo@example.com,Female,1993-02-09,Medan,2026-05-31,active
912,Genta Andriani,mandasaritiara@example.com,Female,1987-03-11,Semarang,2023-12-21,active
913,"Dt. Virman Mandala, S.E.I",martana90@example.net,Male,2008-09-12,Bandung,2025-11-04,active
914,Kasusra Winarno,nwibowo@example.com,Female,1977-12-06,Malang,2026-07-27,active
915,Bala Wulandari,tuyainah@example.org,Male,1992-02-25,Surabaya,2023-11-30,active
916,Viktor Winarno,ldongoran@example.org,Female,1981-08-27,Malang,2023-09-07,active
917,Dt. Cawisono Simbolon,hasanahbalijan@example.com,Male,2004-02-12,Surabaya,2024-04-14,active
918,Natalia Hidayat,darmanmustofa@example.net,Male,1985-10-04,Semarang,2024-10-26,active
919,Yuliana Widiastuti,elonputra@example.com,Female,1989-02-07,Makassar,2026-04-19,active
920,"Jagapati Saefullah, S.Kom",lili38@example.net,Male,1970-11-17,Makassar,2025-05-25,active
921,Tgk. Viktor Purnawati,wacananurul@example.org,Female,2004-11-16,Yogyakarta,2024-01-06,active
922,Jelita Salahudin,iswahyudikamal@example.net,Female,1985-11-03,Surabaya,2024-12-19,active
923,drg. Michelle Winarno,radikaprayoga@example.org,Female,2006-02-09,Medan,2026-01-21,active
924,Timbul Manullang,wijayazelaya@example.org,Female,1981-04-06,Yogyakarta,2024-02-20,active
925,Vanesa Puspasari,unjani13@example.com,Male,1975-04-25,Denpasar,2025-06-21,active
926,Eli Ramadan,mayasarimartana@example.com,Male,1978-09-04,Medan,2024-09-10,active
927,"Pangestu Hariyah, S.Sos",hidayantosari@example.net,Female,1983-12-28,Medan,2023-09-20,active
928,Calista Mansur,putufirgantoro@example.org,Male,1983-05-06,Malang,2024-10-13,active
929,Ir. Dimaz Farida,ehariyah@example.org,Female,1976-01-21,Surabaya,2025-10-31,active
930,Cecep Sihombing,ganepbudiyanto@example.net,Female,1975-06-06,Pekanbaru,2026-01-18,active
931,"Empluk Mangunsong, M.M.",chandrawinarsih@example.org,Female,1984-07-20,Denpasar,2025-10-23,active
932,Tami Hardiansyah,wulandarifarah@example.org,Male,2003-03-18,Surabaya,2024-03-27,active
933,Anastasia Rahimah,wibisonoyance@example.com,Female,1970-10-08,Semarang,2026-01-08,inactive
934,Bakijan Budiyanto,jamilwahyudin@example.org,Male,1987-01-12,Makassar,2025-11-26,active
935,"Ir. Caturangga Marbun, S.Gz",harjo13@example.org,Female,1986-10-19,Pekanbaru,2026-07-22,active
936,Warji Namaga,mariadi83@example.net,Female,1985-12-29,Palembang,2023-11-29,active
937,Ellis Budiman,irsadkurniawan@example.com,Female,1986-04-09,Surabaya,2024-11-13,active
938,Maryadi Setiawan,dprabowo@example.org,Male,1995-12-08,Malang,2024-07-14,active
939,"Drs. Jamil Jailani, M.Pd",pratamarizki@example.com,Male,2001-06-12,Pekanbaru,2024-09-10,inactive
940,Siti Wibisono,jefrikuswoyo@example.net,Male,1997-01-09,Jakarta,2026-05-09,active
941,"H. Galiono Widiastuti, M.Kom.",mulyanatsir@example.net,Male,1973-03-21,Yogyakarta,2026-07-03,active
942,"Gina Mardhiyah, M.Farm",gwibowo@example.net,Male,1998-01-25,Surabaya,2023-08-22,active
943,Okto Aryani,susantidrajat@example.com,Female,2000-02-13,Pekanbaru,2023-08-17,active
944,Farah Maryadi,mandalapangestu@example.com,Female,1985-03-29,Denpasar,2025-06-12,active
945,Diana Setiawan,malikahandayani@example.net,Male,1982-12-21,Makassar,2025-07-06,active
946,"Tgk. Umi Dongoran, S.H.",nurdiyantiradit@example.net,Female,2003-08-14,Surabaya,2025-12-12,active
947,"Drajat Prasetya, M.Ak",hendranamaga@example.org,Male,2004-08-15,Bandung,2024-07-31,inactive
948,Tedi Lestari,tasdikusamah@example.org,Male,1973-04-25,Makassar,2025-02-24,active
949,Lega Pudjiastuti,hasanmahendra@example.org,Female,2003-01-02,Makassar,2024-02-29,active
950,"Nadia Saragih, S.E.",cinthiahutapea@example.com,Female,1998-09-25,Denpasar,2026-05-20,active
951,Ratih Hassanah,nilamprayoga@example.com,Female,2008-04-30,Yogyakarta,2024-04-27,active
952,Eli Halimah,xhutapea@example.com,Female,1987-10-20,Makassar,2024-03-10,active
953,Prabowo Wibowo,ymangunsong@example.com,Female,1987-04-04,Semarang,2025-02-06,active
954,"Ellis Rajasa, S.Sos",mila82@example.net,Female,1988-09-01,Malang,2023-11-02,active
955,Ganda Mansur,mpurwanti@example.com,Female,1998-06-20,Semarang,2024-12-12,active
956,Adhiarja Budiman,,Male,2004-03-11,Pekanbaru,2024-03-04,active
957,"Kasiyah Winarno, M.Kom.",ani66@example.com,Female,1982-08-04,Malang,2025-10-11,active
958,Padmi Marpaung,wasitabahuwarna@example.org,Female,1978-02-28,Semarang,2026-07-20,active
959,"Kartika Hakim, S.Sos",mursinin87@example.net,Female,2006-09-21,Jakarta,2024-11-23,active
960,"Nrima Wastuti, S.Ked",yahyafirmansyah@example.com,Male,1997-10-15,Jakarta,2025-10-17,active
961,Rahmi Hasanah,,Female,2007-06-01,Denpasar,2025-07-10,inactive
962,"R. Amalia Latupono, S.Pt",nataliaprastuti@example.net,Male,1995-09-20,Makassar,2024-01-11,inactive
963,Taufik Anggraini,frahmawati@example.net,Male,1977-01-20,Surabaya,2026-05-03,active
964,Uchita Zulkarnain,belinda86@example.net,Male,1999-12-07,Palembang,2024-11-12,active
965,"KH. Gangsar Megantara, S.T.",kurniawanraisa@example.net,Male,1999-10-15,Jakarta,2026-05-12,active
966,"Dr. Ade Kuswoyo, S.Pt",asamosir@example.org,Female,2000-10-05,Palembang,2026-05-18,active
967,Ella Nugroho,syolanda@example.net,Female,1985-03-13,Semarang,2024-11-02,active
968,Ihsan Purnawati,anitanajmudin@example.net,Female,2002-05-07,Denpasar,2025-09-12,inactive
969,"drg. Maida Utami, M.Ak",najmudinharjo@example.com,Male,1974-11-05,Denpasar,2024-02-22,active
970,Enteng Haryanto,sihombingcawisono@example.com,Female,1983-12-06,Yogyakarta,2025-06-30,active
971,Aswani Santoso,rlaksita@example.org,Female,1999-11-28,Malang,2025-05-05,inactive
972,"Dt. Harimurti Suartini, M.TI.",kuswoyoindra@example.net,Male,2009-01-28,Palembang,2023-08-10,active
973,drg. Jessica Uwais,wkusmawati@example.com,Male,1997-03-07,Bandung,2025-11-14,active
974,Cut Kani Sitompul,jatmiko56@example.com,Female,2002-01-12,Pekanbaru,2024-08-13,active
975,Taswir Nuraini,bmandala@example.net,Female,1981-06-27,Pekanbaru,2023-08-06,active
976,"Maryanto Kusmawati, M.TI.",oktohartati@example.net,Female,1986-09-12,Surabaya,2025-09-07,active
977,Shania Handayani,anom50@example.net,Female,1979-09-12,Medan,2024-02-24,active
978,"Sabri Januar, S.Sos",tampubolonsabri@example.com,Female,1982-01-18,Jakarta,2025-01-15,active
979,Dt. Cagak Mandasari,ekapertiwi@example.net,Female,2001-08-30,Denpasar,2024-03-03,active
980,Salimah Namaga,cnarpati@example.org,Female,1979-12-25,Jakarta,2024-06-28,active
981,Caraka Simbolon,kurniawantedi@example.net,Male,2005-10-16,Makassar,2024-03-21,active
982,"Bancar Widiastuti, S.E.I",kamidinwidiastuti@example.com,Female,2006-07-29,Makassar,2025-11-19,inactive
983,Genta Permata,yiswahyudi@example.net,Male,2000-06-22,Medan,2025-06-27,active
984,"Sutan Darmana Rajata, S.IP",perkasa68@example.com,Female,1981-12-07,Bandung,2025-05-22,active
985,Dian Sihotang,maida31@example.net,Male,2007-10-18,Semarang,2023-12-03,active
986,Sutan Slamet Wibisono,saragihbancar@example.net,Male,2008-10-19,Pekanbaru,2025-04-26,active
987,Ir. Gawati Kurniawan,winda28@example.net,Male,1986-01-02,Jakarta,2024-07-18,active
988,"R.A. Najwa Zulaika, M.M.",jsihotang@example.com,Male,1976-05-03,Medan,2025-03-14,active
989,H. Bancar Saefullah,rahimahmanah@example.com,Female,2009-06-19,Palembang,2024-06-08,active
990,Tiara Waluyo,nusamah@example.com,Female,1972-11-17,Pekanbaru,2025-09-15,inactive
991,"Anastasia Nugroho, M.Kom.",imamprasetyo@example.net,Female,1998-12-15,Malang,2026-01-06,active
992,Lintang Wastuti,artawanpudjiastuti@example.com,Male,1989-01-18,Palembang,2024-06-25,active
993,"Intan Suryono, S.Kom",ewijaya@example.net,Male,1997-12-06,Denpasar,2024-08-18,active
994,"Cut Zizi Sihombing, M.M.",mustofamarsudi@example.net,Male,1996-02-13,Pekanbaru,2025-03-25,active
995,Darimin Napitupulu,slaksmiwati@example.org,Male,1999-04-07,Malang,2025-04-26,active
996,Shania Narpati,wastutiega@example.com,Female,2006-09-13,Palembang,2023-08-13,active
997,Ir. Gandi Rahayu,dnugroho@example.org,Female,1987-07-04,Palembang,2023-11-16,active
998,Hasta Lestari,cprasasta@example.org,Male,1982-05-23,Malang,2024-01-12,active
999,"Ir. Maryanto Irawan, M.M.",sabrinawaluyo@example.net,Male,2004-04-26,Denpasar,2025-05-17,active
1000,Bambang Hutasoit,rahayu75@example.org,Female,1975-05-07,Jakarta,2025-07-15,inactive
1001,Dr. Ika Kuswoyo,arsipatrarahmawati@example.net,Male,2001-07-26,Pekanbaru,2025-07-05,inactive
1002,Queen Mahendra,syuliarti@example.com,Male,1974-06-19,Bandung,2024-02-17,active
1003,Dr. Purwanto Nuraini,rosmandamanik@example.com,Male,1989-08-22,Makassar,2023-10-11,inactive
1004,Setya Rahimah,pranowotiara@example.org,Male,1997-09-13,Bandung,2025-02-21,active
1005,Kamal Putra,hsihotang@example.org,Female,1996-01-15,Pekanbaru,2023-08-08,active
1006,Karimah Palastri,bagiya11@example.net,Female,1977-04-12,Denpasar,2023-11-07,active
1007,KH. Emil Wahyuni,prayogalimar@example.org,Female,1991-06-02,Palembang,2026-07-08,inactive
1008,"Cut Gilda Firgantoro, S.Kom",yunijanuar@example.net,Male,1976-02-11,Malang,2024-01-03,active
1009,Lantar Tamba,embuhsuartini@example.net,Female,1981-05-28,Bandung,2026-02-26,active
1010,Kezia Yulianti,jhutagalung@example.com,Female,2005-10-30,Malang,2025-10-10,active
1011,"Dinda Nasyiah, S.Kom",rajasavicky@example.com,Male,1973-05-04,Jakarta,2024-10-14,inactive
1012,"Rizki Melani, M.Ak",pancapratiwi@example.net,Male,1976-12-25,Denpasar,2025-10-14,active
1013,Bahuwarna Saputra,taswir60@example.net,Female,1975-06-13,Makassar,2026-01-19,active
1014,Gilang Sitorus,vharyanto@example.net,Male,2000-12-06,Surabaya,2023-12-01,inactive
1015,Gawati Waluyo,kuncaraanggriawan@example.org,Female,2007-09-16,Palembang,2024-01-10,inactive
1016,Rini Lestari,natsirelma@example.net,Female,1974-04-24,Surabaya,2025-12-07,active
1017,Cawisono Simanjuntak,ika49@example.org,Female,2007-07-03,Makassar,2024-08-19,active
1018,"drg. Natalia Rahayu, S.E.I",violet88@example.net,Male,1980-09-09,Makassar,2024-10-02,active
1019,Qori Santoso,tiramahendra@example.org,Male,1972-08-25,Denpasar,2025-08-24,active
1020,Elvina Farida,jamil96@example.net,Female,2009-01-19,Pekanbaru,2025-10-06,active
1021,"R.A. Ina Usada, S.Pt",kusuma68@example.net,Male,2007-07-16,Bandung,2025-12-25,active
1022,Warsa Iswahyudi,cemeti11@example.net,Male,1977-01-10,Surabaya,2024-10-21,active
1023,"Kacung Mansur, M.Kom.",irma70@example.com,Male,1990-01-01,Medan,2023-10-04,active
1024,Viktor Ardianto,waskitaalambana@example.net,Male,1998-06-10,Makassar,2025-08-22,active
1025,Dr. Ella Wulandari,jindra89@example.org,Male,2006-11-12,Makassar,2025-09-11,active
1026,"R. Oliva Thamrin, S.Gz",garahutagalung@example.com,Female,1987-01-27,Medan,2025-11-17,inactive
1027,"Puti Icha Salahudin, M.Kom.",darmanto53@example.net,Female,1982-01-13,Yogyakarta,2024-09-21,active
1028,Dt. Warji Hariyah,tpratama@example.net,Male,2005-05-24,Surabaya,2024-03-23,active
1029,Julia Salahudin,tambaadinata@example.net,Male,1984-05-22,Malang,2026-02-17,active
1030,Irfan Lestari,ranggathamrin@example.org,Female,1978-04-17,Surabaya,2023-08-08,active
1031,Chandra Wahyuni,rizkimaheswara@example.com,Female,1980-05-05,Jakarta,2025-03-04,active
1032,KH. Embuh Kurniawan,liman56@example.org,Female,2009-03-04,Palembang,2024-12-30,active
1033,"Maya Ardianto, S.I.Kom",imarpaung@example.com,Male,2005-01-17,Semarang,2025-07-22,active
1034,Harto Andriani,nainggolankairav@example.org,Female,1999-08-08,Palembang,2025-09-18,active
1035,"Emas Lazuardi, S.Farm",unjaninapitupulu@example.com,Male,1989-08-29,Malang,2026-04-16,active
1036,"Ulya Wibisono, S.E.I",martakawacana@example.net,Female,1974-11-13,Denpasar,2025-01-27,active
1037,Dt. Pranata Prakasa,mahendragalang@example.com,Female,1972-08-13,Medan,2023-11-29,active
1038,Natalia Siregar,vriyanti@example.org,Male,1981-08-05,Medan,2026-01-28,active
1039,"Oni Nashiruddin, S.H.",nprayoga@example.org,Male,1981-07-20,Medan,2023-11-01,active
1040,"Violet Jailani, M.TI.",jumari63@example.com,Male,1994-06-03,Makassar,2023-12-07,inactive
1041,Ani Saefullah,jagapatilazuardi@example.org,Male,2009-03-19,Yogyakarta,2024-02-25,active
1042,Saka Habibi,nbudiyanto@example.org,Male,1985-06-03,Surabaya,2026-05-17,active
1043,Almira Melani,ibunsirait@example.com,Female,1987-03-30,Palembang,2025-02-28,active
1044,Tania Andriani,santosoozy@example.com,Male,1980-03-21,Jakarta,2023-09-28,inactive
1045,"Panca Sinaga, S.Kom",bajraginadriansyah@example.org,Male,1981-09-18,Yogyakarta,2026-04-10,active
1046,Karimah Sitorus,astutihairyanto@example.com,Male,1982-06-16,Yogyakarta,2024-06-05,active
1047,Karen Tarihoran,zulaikaindah@example.org,Female,1999-07-25,Bandung,2023-11-17,active
1048,Clara Kurniawan,jaswadi43@example.net,Male,1975-09-04,Surabaya,2025-05-09,active
1049,"R.A. Febi Hassanah, S.IP",gunartolidya@example.net,Female,1973-07-04,Makassar,2025-10-24,active
1050,"Eva Gunawan, S.E.I",luhung73@example.net,Male,1978-01-23,Medan,2025-03-24,active
1051,"Nasim Lazuardi, S.Farm",ira55@example.com,Male,1973-03-24,Palembang,2025-03-28,active
1052,"Diah Siregar, S.Gz",marbunnadia@example.com,Male,2007-11-12,Jakarta,2024-11-04,inactive
1053,Dr. Bahuraksa Marbun,radenlailasari@example.net,Male,1987-08-29,Surabaya,2023-10-08,active
1054,Cengkal Adriansyah,mwacana@example.com,Female,1976-10-29,Jakarta,2025-02-11,active
1055,"Tantri Novitasari, S.T.",mulyaniviktor@example.net,Male,1982-06-03,Semarang,2024-03-28,active
1056,Kasusra Prakasa,indah12@example.org,Male,1981-12-20,Denpasar,2024-03-31,active
1057,Ridwan Pranowo,emas40@example.net,Male,1991-06-09,Pekanbaru,2025-07-04,active
1058,Warsita Pudjiastuti,rahayu95@example.com,Male,1980-11-19,Pekanbaru,2023-08-04,active
1059,Opan Setiawan,martaka00@example.com,Female,1977-06-24,Denpasar,2023-12-27,active
1060,"Hj. Siska Suartini, M.Pd",wibowosilvia@example.com,Female,1978-08-17,Yogyakarta,2026-07-02,active
1061,"KH. Harto Mangunsong, M.M.",kawaya39@example.net,Female,1979-08-16,Malang,2024-11-29,active
1062,Jagaraga Nashiruddin,ega71@example.com,Male,2002-05-25,Yogyakarta,2025-10-07,active
1063,Galak Marpaung,pnajmudin@example.com,Male,2005-02-10,Surabaya,2024-02-12,active
1064,Hesti Hasanah,cahyonomegantara@example.org,Male,2006-01-16,Jakarta,2026-01-14,inactive
1065,"KH. Adinata Suartini, S.IP",novitasariendra@example.net,Female,1985-04-28,Surabaya,2026-07-01,active
1066,Prasetya Hutasoit,yuniarbakianto@example.org,Female,1981-01-09,Semarang,2023-08-25,active
1067,"Yuliana Sirait, S.Pt",anggriawandanuja@example.net,Male,1978-06-24,Jakarta,2026-05-27,active
1068,Eva Prasasta,tmarpaung@example.com,Female,1972-10-06,Jakarta,2025-01-10,inactive
1069,T. Baktiono Melani,damanikbakidin@example.org,Male,2005-02-27,Medan,2025-08-30,active
1070,Kiandra Maulana,prasetyoasirwada@example.org,Female,1984-05-13,Yogyakarta,2024-10-31,active
1071,Darmana Jailani,fkusumo@example.org,Female,2007-11-21,Jakarta,2024-06-12,inactive
1072,Chelsea Gunawan,susantimulyanto@example.org,Female,1994-03-01,Semarang,2024-06-06,inactive
1073,"Mahfud Sihombing, M.Ak",nadine26@example.org,Male,2002-06-22,Makassar,2024-02-14,active
1074,Hani Hutagalung,saputrabetania@example.net,Female,2001-05-09,Jakarta,2024-08-18,inactive
1075,Harsaya Hassanah,taliamaulana@example.com,Female,1998-09-20,Yogyakarta,2026-03-04,active
1076,Titi Setiawan,hhidayat@example.net,Female,1976-03-24,Bandung,2025-12-10,inactive
1077,Nilam Anggraini,galihwinarno@example.com,Male,1989-05-10,Bandung,2024-07-22,inactive
1078,drg. Kawaya Nasyidah,enteng36@example.com,Female,1989-10-19,Surabaya,2026-07-04,inactive
1079,"Lili Novitasari, M.Farm",pranawahutasoit@example.net,Female,2000-11-15,Makassar,2025-03-12,active
1080,Damu Budiyanto,cayadiprakasa@example.com,Female,1984-09-20,Makassar,2026-01-08,active
1081,Zizi Mandala,darmajihalim@example.com,Male,1982-01-29,Surabaya,2025-01-03,active
1082,Pangeran Mandala,nprasasta@example.org,Female,1975-02-28,Bandung,2024-01-07,active
1083,Kasiyah Habibi,perkasadongoran@example.net,Male,1997-12-10,Pekanbaru,2025-09-03,active
1084,Cakrajiya Utama,kuswandarimelinda@example.org,Male,1976-02-05,Palembang,2025-07-29,active
1085,"R.M. Jarwadi Mandala, M.TI.",purnawatirafi@example.org,Female,1997-10-31,Malang,2024-04-27,active
1086,"Amalia Suwarno, S.IP",csirait@example.net,Female,1976-08-31,Bandung,2024-06-26,active
1087,Adikara Widodo,suartiniganjaran@example.net,Female,2003-01-23,Pekanbaru,2026-03-25,active
1088,Drs. Ina Pradana,tpuspasari@example.com,Male,1987-02-10,Malang,2025-08-17,active
1089,"Gabriella Wacana, M.Ak",nurdiyantiperkasa@example.org,Male,1972-10-08,Bandung,2024-01-21,active
1090,"Maras Waskita, S.Sos",hastutixanana@example.com,Female,1977-01-05,Jakarta,2024-10-05,active
1091,Bahuwarna Tarihoran,rnababan@example.org,Female,1994-02-10,Semarang,2025-12-30,active
1092,R. Atmaja Prabowo,permadikardi@example.org,Female,1993-11-15,Yogyakarta,2026-02-15,active
1093,Dimas Santoso,harimurti83@example.net,Female,1973-11-26,Surabaya,2025-11-09,active
1094,Galih Iswahyudi,pratiwiagnes@example.org,Male,2007-05-21,Medan,2025-04-18,active
1095,Umi Wijaya,karya68@example.org,Female,1998-11-21,Surabaya,2023-08-12,active
1096,R. Jefri Maryadi,sitompulrahman@example.net,Male,1971-07-06,Jakarta,2026-07-05,active
1097,Cakrawangsa Zulaika,crahmawati@example.com,Female,1988-08-24,Palembang,2025-12-22,inactive
1098,"Caket Marpaung, M.TI.",pradiptairfan@example.net,Female,1990-09-21,Malang,2026-03-30,active
1099,Sarah Astuti,umar25@example.com,Female,1972-02-23,Bandung,2025-10-09,inactive
1100,Puti Eva Purnawati,npermadi@example.net,Male,1995-01-26,Makassar,2025-09-22,active
1101,"Puti Najwa Kuswoyo, M.M.",megantaralasmanto@example.net,Female,1982-10-27,Medan,2025-01-29,active
1102,Kamila Irawan,cahyasetiawan@example.net,Male,1973-05-12,Palembang,2026-05-22,active
1103,"drg. Martaka Mandala, S.IP",erajata@example.com,Male,2008-06-25,Medan,2025-09-19,active
1104,"Cager Farida, S.I.Kom",kemal66@example.net,Female,1990-07-29,Yogyakarta,2025-01-19,active
1105,Hani Zulaika,pangeran16@example.net,Male,1972-04-01,Malang,2025-06-17,active
1106,Simon Jailani,prasastairiana@example.org,Female,1981-12-03,Makassar,2026-07-09,active
1107,"Dr. Salsabila Iswahyudi, S.I.Kom",ohidayanto@example.com,Female,1988-10-03,Medan,2024-01-23,active
1108,"Cici Widodo, S.Farm",fkurniawan@example.org,Female,1978-05-14,Medan,2025-07-07,active
1109,"Ulya Kusmawati, S.IP",mahdi97@example.org,Male,1981-06-11,Medan,2024-07-28,active
1110,Galuh Purnawati,wagemaulana@example.net,Female,1971-10-23,Makassar,2023-09-13,active
1111,"dr. Jasmani Prabowo, S.Gz",zhalim@example.com,Male,1978-11-01,Makassar,2025-05-22,active
1112,Bakda Megantara,qsaputra@example.net,Female,1973-04-15,Palembang,2023-08-28,active
1113,"Tugiman Rajata, S.E.",unggul68@example.org,Male,2002-12-24,Yogyakarta,2024-10-19,active
1114,Dalimin Tampubolon,wsiregar@example.com,Male,2007-04-28,Malang,2023-11-12,active
1115,"Queen Wibisono, S.Ked",zamirafujiati@example.com,Female,1992-06-18,Surabaya,2025-01-11,active
1116,R. Janet Widiastuti,chandrawidiastuti@example.net,Male,2009-01-20,Malang,2026-04-08,active
1117,Zelaya Simanjuntak,alambana27@example.org,Male,1975-01-07,Bandung,2026-05-28,inactive
1118,Ihsan Mahendra,hsaptono@example.net,Male,1995-04-29,Palembang,2026-07-01,active
1119,Imam Palastri,firgantoroibrani@example.net,Female,2000-10-15,Surabaya,2025-07-03,active
1120,"Koko Budiman, S.I.Kom",mursininpranowo@example.org,Female,2002-04-29,Jakarta,2025-05-22,active
1121,Laras Zulkarnain,cindy17@example.net,Male,1984-04-21,Yogyakarta,2023-08-20,inactive
1122,Wira Nugroho,wnurdiyanti@example.com,Female,1988-06-24,Makassar,2026-01-26,active
1123,Zulfa Wahyuni,halimafujiati@example.com,Male,1997-06-10,Semarang,2024-09-14,active
1124,Martaka Budiyanto,puspa11@example.org,Female,1994-08-15,Malang,2024-11-24,active
1125,"Ibun Mardhiyah, M.Farm",ioktaviani@example.org,Male,2002-01-06,Surabaya,2024-10-26,active
1126,dr. Balijan Napitupulu,oprabowo@example.com,Female,2003-12-26,Palembang,2025-08-03,active
1127,Violet Prasetyo,wisnu66@example.org,Female,1990-05-20,Semarang,2026-06-09,active
1128,Ami Budiman,luwes63@example.org,Male,1971-08-11,Malang,2024-05-22,inactive
1129,Kala Wijaya,mumpuni29@example.com,Male,1978-02-06,Bandung,2025-12-16,inactive
1130,"Harsaya Natsir, S.Sos",permatasidiq@example.org,Female,2005-11-06,Denpasar,2025-07-09,active
1131,"R.M. Johan Lazuardi, M.Farm",gpradipta@example.net,Female,2001-03-05,Bandung,2025-02-19,active
1132,Bakiman Dongoran,intan25@example.org,Male,1987-08-25,Medan,2026-02-11,active
1133,R. Kenzie Wibowo,asmansafitri@example.net,Female,1971-07-29,Semarang,2025-06-22,active
1134,Digdaya Yolanda,ousada@example.com,Male,2005-08-09,Bandung,2025-10-15,active
1135,Endra Hutasoit,prabarajata@example.net,Male,2007-01-19,Palembang,2024-06-23,active
1136,Balamantri Megantara,kusumovega@example.net,Female,1981-08-08,Surabaya,2025-06-20,active
1137,"R.A. Kania Januar, M.Kom.",hutagalungalika@example.com,Female,2001-08-11,Semarang,2026-04-09,active
1138,"Hari Waluyo, S.Psi",eutami@example.org,Male,1995-04-18,Semarang,2024-10-29,inactive
1139,Maryanto Purnawati,gatrasalahudin@example.org,Male,1995-03-16,Medan,2024-12-09,active
1140,Ir. Puji Ardianto,siregarmarsito@example.com,Male,1976-10-06,Yogyakarta,2026-02-24,inactive
1141,Dt. Karja Mulyani,nababannilam@example.org,Male,2000-04-06,Malang,2025-10-23,inactive
1142,Darmaji Hutasoit,dartono30@example.com,Male,1998-12-20,Jakarta,2024-03-27,active
1143,Titin Puspasari,kuncara73@example.org,Female,1996-01-05,Medan,2026-05-29,active
1144,Dwi Natsir,gfujiati@example.com,Female,1978-04-21,Pekanbaru,2024-12-26,active
1145,Eli Putra,panji19@example.net,Female,2007-10-14,Surabaya,2026-02-15,active
1146,Yulia Simanjuntak,manggraini@example.net,Male,1994-11-18,Pekanbaru,2025-01-18,inactive
1147,Siti Haryanto,kpangestu@example.com,Male,1988-02-11,Bandung,2025-05-29,inactive
1148,"Hj. Paris Thamrin, S.Sos",lidya64@example.net,Male,1971-10-03,Makassar,2026-04-03,inactive
1149,Darijan Wahyuni,sidiq25@example.org,Male,1985-01-30,Surabaya,2024-02-16,active
1150,Nasim Sitompul,dipa05@example.net,Female,1978-12-04,Pekanbaru,2024-01-08,active
1151,Rahmi Prabowo,jaka81@example.com,Male,1991-02-24,Makassar,2025-04-15,inactive
1152,Sabrina Fujiati,olivia19@example.net,Male,1982-12-24,Yogyakarta,2023-11-23,active
1153,Endra Andriani,baktiadilailasari@example.com,Male,1975-03-28,Denpasar,2024-07-18,active
1154,Edi Budiyanto,maya63@example.net,Female,1995-09-10,Medan,2024-12-11,active
1155,"drg. Ani Nasyidah, M.TI.",hariyahkairav@example.org,Male,1972-02-11,Pekanbaru,2026-02-26,inactive
1156,"Ilsa Saefullah, S.Psi",halimahdadap@example.com,Female,1999-12-25,Bandung,2025-07-09,active
1157,Tami Hasanah,aurora90@example.com,Male,1989-10-29,Jakarta,2024-10-14,active
1158,Darmana Hardiansyah,wahyudinpuput@example.org,Male,2002-10-12,Bandung,2025-07-05,active
1159,Dadap Uwais,yuni63@example.org,Female,2002-06-02,Denpasar,2024-01-02,active
1160,Asirwada Sihombing,habibikarja@example.org,Female,1973-07-06,Yogyakarta,2025-03-14,active
1161,Lamar Haryanti,ssaputra@example.org,Female,1975-04-06,Medan,2024-07-28,inactive
1162,Salsabila Maheswara,lailazulkarnain@example.net,Female,1990-12-08,Denpasar,2024-07-17,active
1163,Vera Laksmiwati,fwijayanti@example.com,Female,1979-05-24,Semarang,2024-04-22,active
1164,"Marsudi Putra, S.Pt",catur58@example.org,Female,1973-07-08,Palembang,2024-05-18,inactive
1165,Yuliana Winarno,akarsanawinarsih@example.org,Female,1977-11-30,Surabaya,2025-01-26,active
1166,"dr. Vanya Saragih, M.M.",malanuraini@example.net,Male,1996-02-22,Makassar,2023-11-25,active
1167,Mila Safitri,mustofaismail@example.com,Female,1990-08-12,Pekanbaru,2026-02-17,active
1168,Mahfud Samosir,cahyosetiawan@example.com,Male,2007-09-12,Semarang,2025-12-04,active
1169,"Carla Permadi, S.Ked",maulanavirman@example.org,Female,2005-06-16,Jakarta,2025-04-26,active
1170,Kamila Saptono,kusmawatitina@example.net,Female,1975-03-15,Palembang,2024-02-23,active
1171,dr. Kacung Sitorus,setya32@example.com,Female,1972-08-29,Semarang,2025-03-28,inactive
1172,"Lintang Nababan, S.Pd",hardiansyahsalwa@example.com,Male,1977-12-22,Makassar,2024-05-27,active
1173,Cici Zulaika,fitriani97@example.net,Female,1972-07-13,Palembang,2024-02-12,active
1174,Kamal Santoso,prasetyadartono@example.org,Male,1979-11-25,Denpasar,2024-05-01,active
1175,Cinthia Prasetya,jabal96@example.com,Female,1999-03-18,Bandung,2025-03-08,active
1176,Suci Suwarno,anastasia32@example.org,Male,1998-02-11,Palembang,2026-03-23,active
1177,"Sarah Kuswandari, S.Pd",kuswoyohairyanto@example.net,Female,2003-11-02,Yogyakarta,2024-06-13,active
1178,Cengkir Sitorus,lasmonozulaika@example.org,Male,2005-09-06,Makassar,2025-08-25,active
1179,Ayu Nugroho,widiastutiwarta@example.com,Female,2008-08-02,Medan,2024-01-05,active
1180,Nabila Padmasari,windaanggriawan@example.net,Female,1970-08-17,Makassar,2026-03-25,active
1181,Hj. Icha Pradana,ckusumo@example.org,Male,1991-01-27,Jakarta,2026-03-17,active
1182,"H. Gandewa Hartati, M.Kom.",dacinjanuar@example.com,Male,1999-03-31,Yogyakarta,2024-02-02,active
1183,Amalia Thamrin,tari74@example.com,Male,1982-05-01,Semarang,2026-07-22,active
1184,H. Manah Damanik,rkusumo@example.net,Male,1976-05-09,Jakarta,2024-08-02,active
1185,Ana Prasasta,titinmegantara@example.com,Female,1993-02-10,Denpasar,2024-10-25,active
1186,Dagel Waluyo,ntarihoran@example.net,Female,1995-07-01,Surabaya,2025-09-03,active
1187,"Gantar Sitompul, S.Sos",lnovitasari@example.com,Female,1993-07-25,Jakarta,2026-06-26,active
1188,H. Gangsa Suryatmi,lasmanto30@example.net,Male,1975-05-20,Surabaya,2026-06-04,active
1189,"Cakrajiya Hastuti, S.E.I",koko10@example.com,Male,1990-12-28,Malang,2025-12-21,inactive
1190,Raharja Sihombing,luluhlaksita@example.com,Female,1971-03-13,Yogyakarta,2024-06-15,active
1191,Agnes Astuti,maimunah10@example.com,Female,1984-04-28,Medan,2023-09-16,active
1192,Winda Mardhiyah,ramadanenteng@example.com,Female,1996-07-14,Palembang,2026-02-02,active
1193,"Faizah Astuti, M.Farm",cawuksaputra@example.org,Female,2006-05-26,Yogyakarta,2025-11-22,active
1194,"Ir. Makuta Winarno, S.Farm",kusmawatinyana@example.org,Male,1986-02-25,Palembang,2024-06-16,active
1195,drg. Shania Sinaga,lukita94@example.org,Female,2001-12-16,Makassar,2026-04-19,active
1196,Sutan Gada Samosir,jaismansur@example.com,Female,1973-12-04,Medan,2024-01-02,active
1197,"dr. Bakti Mandala, M.TI.",lpalastri@example.com,Male,1987-10-27,Pekanbaru,2025-04-15,active
1198,Laras Hariyah,waluyo56@example.com,Female,1971-09-01,Makassar,2024-07-11,active
1199,Tgk. Winda Prasasta,wirawan@example.org,Male,1993-03-21,Surabaya,2025-04-06,active
1200,"Adiarja Hariyah, M.TI.",balamantri62@example.com,Female,1988-07-14,Malang,2024-09-14,active
1201,Rina Kuswoyo,saputrasalsabila@example.org,Female,2002-08-23,Yogyakarta,2023-10-01,active
1202,H. Nasim Habibi,banawi19@example.net,Male,1997-12-12,Jakarta,2025-04-13,active
1203,"Simon Mangunsong, S.Pd",omansur@example.net,Female,1995-02-02,Makassar,2025-02-18,inactive
1204,Balijan Hidayat,laksitapadmi@example.net,Female,1970-08-04,Jakarta,2025-09-29,active
1205,Bala Kusmawati,nurdiyantidagel@example.org,Female,1971-07-20,Yogyakarta,2025-05-25,active
1206,Novi Nashiruddin,hhakim@example.com,Male,2002-07-30,Makassar,2025-02-07,active
1207,Dalima Usada,putri79@example.org,Male,1971-06-07,Surabaya,2026-02-10,active
1208,"Puji Pangestu, M.Kom.",ganepmelani@example.net,Male,1989-04-29,Jakarta,2024-01-05,active
1209,"Endra Wijaya, S.Sos",rahmawatiazalea@example.com,Male,1997-10-18,Medan,2024-06-15,active
1210,Michelle Lazuardi,janggraini@example.org,Male,1992-08-04,Palembang,2023-11-28,active
1211,Dina Hastuti,bagas97@example.org,Female,2005-01-01,Bandung,2023-08-15,active
1212,"Drs. Fathonah Tampubolon, M.TI.",manullangnasrullah@example.net,Female,1985-10-27,Jakarta,2024-12-17,active
1213,dr. Michelle Mandala,niyagayolanda@example.net,Female,1981-06-10,Denpasar,2023-10-10,active
1214,Rachel Wahyuni,pandu17@example.com,Female,1977-08-15,Malang,2025-11-15,active
1215,Restu Safitri,eka59@example.net,Male,2002-12-14,Malang,2025-09-17,inactive
1216,"Balamantri Mandasari, M.Kom.",manullangjaiman@example.org,Female,1983-03-18,Pekanbaru,2023-10-16,active
1217,Usyi Andriani,danunatsir@example.net,Male,2006-07-24,Bandung,2024-04-12,active
1218,"Tgk. Luluh Usamah, S.Ked",dartono01@example.com,Male,2006-08-09,Makassar,2023-10-09,active
1219,Drs. Farah Napitupulu,iwaluyo@example.net,Male,1980-06-07,Jakarta,2024-07-19,active
1220,"Drs. Yessi Nababan, S.Pt",ihsan32@example.com,Male,1993-04-16,Yogyakarta,2024-11-24,active
1221,Gatra Wasita,putrabagas@example.org,Female,1992-10-01,Malang,2025-06-22,active
1222,"R.A. Queen Kusmawati, M.TI.",hairyanto87@example.org,Male,1984-04-26,Makassar,2026-03-07,active
1223,"Harimurti Hidayanto, M.Farm",cahyantofarida@example.com,Female,1973-08-20,Semarang,2025-06-10,inactive
1224,Limar Namaga,damar17@example.org,Female,1983-06-29,Makassar,2025-12-07,active
1225,"R. Irma Hutagalung, M.Pd",jefri65@example.org,Female,1993-01-09,Yogyakarta,2024-04-04,active
1226,"Carla Padmasari, M.Kom.",raditya90@example.net,Male,2007-02-16,Malang,2026-02-23,active
1227,Farah Sitorus,firmansyahmurti@example.com,Female,2005-03-21,Bandung,2026-07-17,active
1228,Daryani Lailasari,hanasitompul@example.net,Female,1973-06-06,Makassar,2023-10-07,active
1229,Ir. Cindy Puspasari,situmorangcaket@example.com,Female,1989-04-05,Malang,2026-06-07,active
1230,Sutan Martaka Tampubolon,jailanibagus@example.com,Male,1987-06-01,Jakarta,2023-12-22,active
1231,"KH. Rosman Napitupulu, M.Pd",artantohakim@example.org,Male,1994-04-21,Malang,2024-06-30,active
1232,Vivi Waluyo,puspasariyoga@example.org,Male,1997-09-16,Makassar,2024-09-21,active
1233,Devi Susanti,ipudjiastuti@example.org,Male,2008-11-27,Yogyakarta,2024-11-15,inactive
1234,Daru Iswahyudi,mahfudfujiati@example.org,Female,1993-07-17,Makassar,2024-09-09,active
1235,Asmianto Mahendra,budimanjamil@example.org,Male,1987-09-10,Yogyakarta,2024-04-07,active
1236,Luluh Widodo,naradi93@example.com,Female,1989-04-04,Makassar,2024-06-07,active
1237,Jumari Tamba,hutagalungjais@example.net,Male,2005-08-05,Malang,2023-12-15,inactive
1238,Safina Prasasta,xsihombing@example.net,Female,1991-02-18,Bandung,2026-03-01,inactive
1239,"Sarah Laksita, S.T.",habibimustofa@example.com,Female,1973-08-24,Semarang,2024-05-22,active
1240,Hardana Megantara,lurhurpuspasari@example.org,Female,1971-12-26,Denpasar,2026-04-28,active
1241,Ajimat Mandasari,wyulianti@example.com,Female,2003-03-16,Pekanbaru,2024-04-16,active
1242,Zulaikha Suryatmi,fsalahudin@example.org,Female,1985-07-24,Medan,2024-05-25,active
1243,Danang Wibowo,cwinarno@example.org,Male,1977-10-12,Palembang,2023-08-23,active
1244,KH. Gantar Dongoran,wijayantilurhur@example.org,Male,2006-01-29,Medan,2024-11-17,active
1245,Tari Oktaviani,karna93@example.org,Male,1987-07-08,Malang,2025-11-06,active
1246,"Shania Suwarno, M.Pd",kurniawanintan@example.com,Female,1988-08-30,Semarang,2024-11-13,active
1247,Cahyadi Budiman,gamani67@example.net,Female,1981-07-14,Jakarta,2025-04-21,active
1248,Queen Widodo,cawisono38@example.com,Female,1972-02-03,Jakarta,2025-08-20,inactive
1249,Gaiman Purnawati,titin49@example.org,Female,1996-05-10,Denpasar,2024-05-29,active
1250,Ajeng Hastuti,tirtahariyah@example.org,Male,1972-01-12,Pekanbaru,2026-02-04,inactive
1251,Enteng Suryatmi,rendyhakim@example.net,Female,1992-02-04,Bandung,2024-08-30,active
1252,Nilam Mahendra,qnajmudin@example.com,Male,1979-06-16,Jakarta,2026-06-12,active
1253,Cengkal Mayasari,pradiptadartono@example.net,Male,2004-02-24,Bandung,2024-02-10,inactive
1254,"Hana Rajasa, S.Ked",puspasarijaga@example.org,Female,1997-01-16,Surabaya,2025-04-29,active
1255,Cici Hutagalung,gina09@example.org,Male,1990-05-11,Makassar,2026-02-27,active
1256,dr. Yance Zulaika,prakasahasim@example.com,Male,1986-10-23,Denpasar,2023-12-05,active
1257,"Tgk. Gandewa Wasita, S.I.Kom",edison05@example.net,Female,1988-12-10,Bandung,2025-07-06,inactive
1258,Eka Rahayu,marpaungokto@example.org,Female,1971-08-01,Yogyakarta,2026-07-04,active
1259,Gasti Waluyo,calista89@example.net,Female,2002-12-26,Denpasar,2025-05-31,active
1260,Yusuf Prasetyo,prabowoyulianti@example.org,Male,1992-08-21,Semarang,2023-09-07,active
1261,"Drs. Wirda Habibi, M.Ak",unasyiah@example.org,Female,1989-01-03,Malang,2026-07-31,active
1262,"Ir. Ida Prasasta, S.Psi",rsimanjuntak@example.org,Male,1980-01-25,Denpasar,2025-02-27,active
1263,Mustofa Permadi,jail75@example.net,Male,1987-12-11,Semarang,2025-11-21,active
1264,R.A. Melinda Andriani,tarihoransilvia@example.com,Female,1979-07-19,Pekanbaru,2026-06-17,active
1265,"Lanang Widiastuti, S.E.I",gawatiprasasta@example.com,Female,1994-03-15,Surabaya,2026-01-26,active
1266,Ophelia Maulana,lutfan11@example.com,Male,1993-01-19,Bandung,2025-12-22,active
1267,Banawa Andriani,gatrahasanah@example.org,Male,1980-11-09,Bandung,2025-06-26,active
1268,"drg. Aisyah Marbun, S.Pt",ijanuar@example.org,Female,1975-10-01,Pekanbaru,2025-04-01,active
1269,Tami Puspita,wanggraini@example.org,Male,1980-01-02,Semarang,2026-03-10,inactive
1270,Najam Gunawan,muni99@example.net,Male,1973-06-18,Bandung,2024-06-19,active
1271,"Zahra Fujiati, S.Pd",owasita@example.com,Female,2000-02-19,Bandung,2026-05-08,active
1272,Umar Ardianto,mariamelani@example.org,Female,1993-09-26,Medan,2025-09-08,inactive
1273,Kacung Rahmawati,uwibowo@example.com,Male,1981-06-24,Bandung,2024-09-11,inactive
1274,Kardi Maryati,legawalailasari@example.com,Female,2005-08-01,Semarang,2025-11-27,active
1275,Usyi Nugroho,usuwarno@example.com,Female,2007-10-10,Makassar,2025-04-29,active
1276,Ir. Iriana Januar,satyamaryati@example.com,Male,1984-02-18,Jakarta,2023-09-17,inactive
1277,Edward Rajata,kuncara77@example.org,Male,2009-02-24,Yogyakarta,2024-01-31,active
1278,Danang Puspasari,unjanisetiawan@example.org,Female,2003-04-20,Makassar,2025-11-05,active
1279,KH. Dagel Ardianto,rahimahbahuwirya@example.net,Female,1989-08-19,Medan,2025-11-07,active
1280,"Maimunah Nurdiyanti, S.E.I",hasim49@example.com,Female,2002-12-31,Surabaya,2026-01-20,active
1281,Hani Irawan,lazuarditirtayasa@example.com,Male,2004-04-20,Pekanbaru,2024-06-21,active
1282,"Sutan Ozy Hutagalung, S.Psi",thamrincandrakanta@example.net,Male,1976-09-12,Pekanbaru,2026-07-26,active
1283,"Prayoga Hidayanto, S.Psi",vusamah@example.net,Female,2005-05-21,Malang,2024-08-04,active
1284,"Drs. Salimah Utami, S.Gz",nurdiyantimakara@example.org,Male,2007-08-10,Makassar,2023-09-14,active
1285,"R.A. Samiah Napitupulu, S.T.",endrarahmawati@example.com,Male,1988-12-02,Bandung,2025-06-20,active
1286,Makara Irawan,ameliasuryono@example.org,Male,2007-09-02,Bandung,2025-01-15,inactive
1287,Puti Suryatmi,adiarjafujiati@example.org,Female,1978-09-20,Yogyakarta,2026-02-27,active
1288,"Lamar Prakasa, S.I.Kom",nsaptono@example.com,Female,1989-06-21,Malang,2024-02-14,active
1289,"Jayeng Lestari, S.Sos",limarpradipta@example.com,Female,1993-11-26,Pekanbaru,2025-07-23,inactive
1290,Melinda Simbolon,dadi31@example.com,Female,1980-03-27,Malang,2025-03-20,active
1291,Ganjaran Widodo,wisnusimanjuntak@example.net,Female,1998-01-28,Jakarta,2024-11-10,inactive
1292,"Daryani Dabukke, S.Pd",mlestari@example.com,Male,1981-01-13,Palembang,2025-11-27,active
1293,Samiah Simanjuntak,jhalim@example.com,Female,1986-08-16,Malang,2024-03-25,active
1294,Nova Prasetya,qwacana@example.org,Female,1983-11-04,Malang,2026-01-05,inactive
1295,Kawaca Putra,umar63@example.net,Male,2000-12-27,Malang,2026-01-16,active
1296,"Ayu Wibowo, S.Pt",eka98@example.org,Female,2001-01-09,Jakarta,2023-12-01,inactive
1297,Gilang Nasyiah,intan10@example.net,Male,1978-04-29,Makassar,2024-08-02,active
1298,Julia Zulkarnain,spradana@example.org,Male,1978-12-30,Denpasar,2024-01-22,active
1299,Jais Widodo,firgantoroarta@example.net,Female,2001-06-13,Semarang,2025-10-14,active
1300,"H. Dirja Firmansyah, S.T.",luhung03@example.net,Male,1999-11-01,Palembang,2023-09-18,active
1301,"Tgk. Zelda Hutasoit, S.Pt",zyolanda@example.org,Female,1973-06-20,Jakarta,2026-01-10,active
1302,"Drs. Rahmi Maryadi, S.IP",adamanik@example.net,Female,1999-04-15,Yogyakarta,2025-10-02,active
1303,Oliva Damanik,nilamsaragih@example.com,Female,1982-05-16,Denpasar,2025-12-18,active
1304,Keisha Siregar,saptonotalia@example.net,Male,1987-05-04,Surabaya,2024-12-17,active
1305,Tira Nasyidah,rpurwanti@example.com,Male,1990-05-06,Palembang,2024-04-02,active
1306,"Cici Hartati, S.H.",xwijaya@example.net,Female,1993-02-14,Malang,2024-09-25,active
1307,Puti Syahrini Saragih,tugimanuwais@example.com,Female,1983-07-21,Denpasar,2023-08-30,active
1308,Saka Lestari,kuswoyoiriana@example.org,Male,1993-09-24,Malang,2026-01-06,active
1309,"Zalindra Purnawati, S.H.",esusanti@example.net,Female,1972-11-19,Makassar,2023-11-02,active
1310,Ira Sirait,,Female,2003-02-15,Surabaya,2025-01-24,active
1311,Perkasa Purwanti,rardianto@example.net,Male,2001-07-31,Jakarta,2023-09-12,active
1312,"Novi Mulyani, M.Pd",shania35@example.com,Female,2004-01-28,Palembang,2025-03-22,active
1313,Harimurti Mahendra,jailanisoleh@example.net,Female,2000-02-08,Semarang,2026-07-26,active
1314,"Puti Ani Anggraini, M.Kom.",marbunharto@example.com,Male,1977-03-30,Semarang,2024-01-27,inactive
1315,Lalita Anggriawan,vmandala@example.net,Male,1982-02-28,Palembang,2025-12-30,active
1316,dr. Padmi Yulianti,vicky48@example.com,Female,1977-01-21,Surabaya,2024-11-22,active
1317,Tgk. Nadine Hariyah,paramitawahyudin@example.net,Female,1978-10-20,Jakarta,2024-06-16,active
1318,"Dr. Ajeng Simanjuntak, S.Farm",gambiranovitasari@example.net,Female,1977-07-30,Denpasar,2024-07-29,active
1319,"Cinta Nasyiah, M.M.",saragihharimurti@example.org,Female,1983-07-01,Palembang,2024-12-30,active
1320,Siska Purwanti,kriyanti@example.org,Female,2005-01-14,Denpasar,2023-10-08,active
1321,"drg. Restu Samosir, S.I.Kom",nababankunthara@example.com,Female,1994-12-11,Yogyakarta,2024-08-15,active
1322,R. Ciaobella Pratama,iriana83@example.org,Female,1981-07-04,Yogyakarta,2024-10-17,inactive
1323,"Pranata Winarno, S.Psi",mahendraendah@example.net,Male,1993-01-14,Palembang,2024-05-17,active
1324,Purwanto Pradipta,patricia73@example.org,Male,2009-02-28,Bandung,2026-02-23,active
1325,"Cut Janet Hutagalung, S.Gz",edisonmarbun@example.com,Female,1975-12-06,Medan,2023-11-11,active
1326,Olivia Lazuardi,ewidiastuti@example.com,Female,1979-12-23,Palembang,2026-01-03,active
1327,Warsita Usada,febi19@example.org,Male,2003-02-05,Pekanbaru,2024-10-06,active
1328,"Winda Ramadan, S.IP",cpurwanti@example.com,Female,1992-05-06,Semarang,2025-09-20,active
1329,"Ir. Ganjaran Anggraini, S.Kom",garda05@example.com,Male,1994-08-25,Yogyakarta,2024-11-22,active
1330,"Ajeng Napitupulu, M.M.",prakosawahyudin@example.org,Female,1984-08-31,Jakarta,2026-03-20,active
1331,Dt. Luluh Saputra,maryadi15@example.com,Male,1971-11-23,Malang,2024-03-03,active
1332,"Hafshah Saefullah, S.Gz",cwidodo@example.net,Female,2008-06-17,Medan,2024-05-30,active
1333,Ellis Kusmawati,osudiati@example.com,Male,1999-11-01,Bandung,2026-01-21,active
1334,R. Tiara Nugroho,firgantorookta@example.org,Female,2004-07-21,Makassar,2025-07-12,inactive
1335,"Nyana Halim, S.Psi",dlazuardi@example.com,Male,1974-05-22,Yogyakarta,2023-12-25,active
1336,Ganda Wulandari,shakilasusanti@example.net,Female,2003-09-02,Makassar,2025-03-21,active
1337,Wage Widiastuti,lidyautama@example.net,Male,1986-04-24,Palembang,2024-07-14,active
1338,Omar Santoso,haryantoharsana@example.net,Female,1973-11-11,Denpasar,2026-02-06,active
1339,Makara Adriansyah,ophelia38@example.com,Male,1982-09-21,Bandung,2024-11-30,inactive
1340,"Puti Padmi Hariyah, S.Pt",siregarwardi@example.net,Male,1975-02-14,Palembang,2025-04-08,inactive
1341,"Ajimat Narpati, S.Ked",nashiruddinmakara@example.net,Female,1979-01-26,Semarang,2023-11-10,active
1342,"Wardaya Nainggolan, S.E.I",prayogalatif@example.net,Male,1982-09-11,Jakarta,2024-09-16,active
1343,Laras Prasetyo,garda42@example.net,Female,2003-03-01,Semarang,2024-09-21,active
1344,"Maida Saptono, S.Pt",garangsihombing@example.com,Female,1989-09-10,Yogyakarta,2024-05-27,active
1345,"Radika Narpati, S.Gz",suci87@example.net,Male,2007-08-16,Denpasar,2025-04-28,active
1346,Kawaya Purnawati,,Male,1978-10-20,Jakarta,2025-05-05,active
1347,"Olivia Puspasari, S.T.",safina43@example.com,Female,1974-02-15,Semarang,2025-09-10,active
1348,Kariman Wahyuni,ibrani74@example.org,Female,1995-03-15,Surabaya,2025-11-27,active
1349,drg. Sakura Rahmawati,urahmawati@example.com,Female,2005-09-26,Medan,2025-01-04,active
1350,Imam Kusmawati,usamahnasim@example.org,Female,1983-08-22,Malang,2024-07-21,active
1351,Jarwa Palastri,nashiruddinnasrullah@example.com,Female,1977-11-05,Pekanbaru,2025-07-13,inactive
1352,Uchita Wacana,krahayu@example.net,Female,1989-01-21,Makassar,2023-08-26,active
1353,Ifa Gunarto,nabila57@example.net,Female,2008-06-12,Pekanbaru,2024-04-25,active
1354,drg. Rika Dabukke,andrianisimon@example.com,Female,1976-12-25,Semarang,2026-03-21,active
1355,"R.M. Cager Wijayanti, S.Psi",michelle83@example.net,Male,2001-05-05,Denpasar,2024-02-01,active
1356,Lala Marbun,saragiheko@example.com,Male,1988-07-20,Medan,2023-09-30,active
1357,Cengkal Prakasa,gangsarsihombing@example.com,Female,2004-01-15,Semarang,2025-07-24,active
1358,Jati Manullang,gaimanpuspita@example.com,Female,1984-01-12,Jakarta,2024-11-23,active
1359,Yance Hariyah,eprabowo@example.net,Female,1998-02-17,Malang,2024-12-30,active
1360,"R.M. Heru Simbolon, S.Pd",wibisonoedi@example.com,Male,2002-07-23,Semarang,2025-11-16,active
1361,Ganjaran Lestari,zriyanti@example.net,Male,1996-09-17,Palembang,2025-10-11,inactive
1362,"Sutan Gading Tarihoran, S.Psi",prasetyaophelia@example.org,Male,1990-02-22,Surabaya,2026-07-01,active
1363,Jamil Nainggolan,phutagalung@example.org,Male,1972-04-24,Malang,2023-08-04,active
1364,Irwan Maryadi,siraitpranawa@example.net,Female,1981-09-13,Yogyakarta,2024-06-28,active
1365,Carub Widodo,qfirmansyah@example.com,Female,1997-03-13,Malang,2024-09-29,active
1366,"Cinthia Yolanda, S.Sos",whutasoit@example.net,Male,2001-12-04,Denpasar,2026-02-02,inactive
1367,"Jaeman Anggriawan, M.Kom.",edi98@example.com,Female,1996-02-01,Yogyakarta,2023-08-16,active
1368,Ulya Usada,thabibi@example.com,Female,1975-02-09,Pekanbaru,2025-08-06,active
1369,"Juli Nasyidah, S.I.Kom",xmardhiyah@example.com,Female,1974-12-10,Bandung,2026-01-03,inactive
1370,"Hj. Cindy Maryadi, S.Ked",wnasyidah@example.com,Female,1983-09-26,Jakarta,2024-02-15,active
1371,"Dr. Maya Hardiansyah, M.M.",harto89@example.net,Female,1981-07-29,Denpasar,2026-05-22,active
1372,Hj. Kartika Ramadan,xharyanti@example.org,Female,1987-03-11,Malang,2023-12-14,active
1373,Kani Agustina,namagakasusra@example.org,Female,1971-04-09,Medan,2025-08-11,active
1374,"Ani Nasyidah, S.Sos",riyantidarmana@example.com,Male,1980-04-13,Malang,2024-07-23,active
1375,Mala Saefullah,mahendraelvin@example.net,Female,1984-01-22,Jakarta,2023-11-03,active
1376,Bahuwarna Simbolon,elipurnawati@example.com,Female,1985-02-15,Denpasar,2024-12-17,active
1377,Gandi Uyainah,wibowodevi@example.net,Female,1999-10-23,Yogyakarta,2024-01-10,active
1378,"Paiman Hutapea, S.Farm",nashiruddinkamidin@example.net,Male,2008-03-24,Pekanbaru,2024-11-08,active
1379,"R.A. Talia Hardiansyah, S.I.Kom",luluh98@example.net,Male,1992-12-12,Pekanbaru,2025-12-19,inactive
1380,"R.M. Enteng Mardhiyah, S.Gz",vsaefullah@example.net,Female,1994-03-02,Bandung,2024-03-25,active
1381,Purwa Agustina,kenes06@example.org,Male,1996-03-20,Malang,2026-04-26,active
1382,Cinta Prasetya,yrahimah@example.net,Female,1979-05-10,Medan,2024-05-30,active
1383,"Tania Sudiati, M.M.",cagaksuryatmi@example.com,Male,1993-07-07,Malang,2025-09-18,inactive
1384,Gangsa Siregar,gilda67@example.net,Male,1983-01-20,Medan,2025-06-28,active
1385,H. Cawisono Wulandari,wahyumandasari@example.org,Male,1985-10-19,Jakarta,2026-01-20,active
1386,Chelsea Pranowo,usamahanita@example.net,Female,1999-10-05,Palembang,2024-10-17,active
1387,Ana Mangunsong,lamar57@example.net,Female,1994-12-16,Yogyakarta,2025-03-05,active
1388,"T. Kala Lestari, S.H.",julia66@example.org,Male,1985-03-22,Pekanbaru,2024-02-01,active
1389,Gasti Prabowo,hsudiati@example.org,Female,2009-04-12,Palembang,2025-03-14,inactive
1390,Kamila Pratama,galionowacana@example.net,Male,1986-11-23,Makassar,2025-04-19,active
1391,Dr. Hartaka Prasetyo,olga15@example.net,Female,2004-02-03,Palembang,2025-05-20,active
1392,"R. Lalita Suwarno, S.Ked",csuwarno@example.org,Female,1991-05-12,Malang,2025-01-26,active
1393,Harjo Prastuti,lyolanda@example.net,Male,1996-01-22,Makassar,2024-08-03,active
1394,R.A. Dina Suryatmi,onainggolan@example.org,Male,1994-10-06,Pekanbaru,2026-07-05,active
1395,Caturangga Purnawati,udamanik@example.net,Male,1994-12-25,Pekanbaru,2026-08-01,inactive
1396,Sutan Soleh Marpaung,arsipatra96@example.net,Male,1988-06-09,Semarang,2025-08-22,active
1397,Gaman Mustofa,garahalimah@example.net,Female,1982-01-05,Pekanbaru,2025-10-03,active
1398,Mahdi Suartini,keziahariyah@example.com,Male,1987-11-21,Bandung,2026-04-09,active
1399,Rangga Suartini,virmanmardhiyah@example.net,Male,2003-04-07,Makassar,2024-04-24,active
1400,Adiarja Firmansyah,jindrahariyah@example.net,Female,1997-03-09,Bandung,2026-03-15,active
1401,Tina Nasyiah,ewinarno@example.com,Female,1975-04-22,Denpasar,2024-10-21,active
1402,Erik Widodo,faridayono@example.net,Male,2002-11-22,Bandung,2025-12-01,active
1403,Ir. Martaka Farida,utamaraharja@example.net,Female,1987-04-21,Denpasar,2025-10-05,active
1404,"Ella Utama, S.Farm",karnaprastuti@example.org,Female,1996-03-11,Bandung,2023-12-16,active
1405,Gambira Yuniar,adepranowo@example.com,Female,1997-08-22,Pekanbaru,2024-01-05,active
1406,Ida Handayani,wprasasta@example.com,Female,1983-06-26,Denpasar,2024-12-17,active
1407,"R.M. Cakrajiya Nurdiyanti, S.Pd",jasmin49@example.org,Female,1971-08-07,Yogyakarta,2024-12-08,active
1408,"Gaduh Kusmawati, M.M.",lamar42@example.net,Female,1996-11-04,Denpasar,2026-03-24,active
1409,"drg. Hamima Uyainah, S.H.",emilsudiati@example.com,Male,1971-09-05,Pekanbaru,2024-01-19,inactive
1410,Tantri Melani,ega90@example.com,Male,1999-08-30,Makassar,2024-03-21,active
1411,Syahrini Mangunsong,nkuswandari@example.org,Male,1993-06-26,Semarang,2026-07-29,active
1412,Ellis Laksmiwati,praba72@example.net,Male,2005-07-29,Denpasar,2025-02-02,active
1413,Darmana Maryadi,siregarihsan@example.com,Male,1981-06-10,Yogyakarta,2023-08-18,inactive
1414,Michelle Purnawati,yuliantihartana@example.com,Female,2006-03-08,Denpasar,2025-12-02,active
1415,Heru Utami,halimutama@example.net,Female,1974-06-10,Yogyakarta,2026-04-22,active
1416,"Drs. Cindy Hakim, M.M.",saputraintan@example.net,Male,1992-09-08,Jakarta,2024-07-29,active
1417,"Mutia Nugroho, S.Gz",ghani33@example.net,Male,2008-10-13,Semarang,2024-04-30,active
1418,T. Aswani Pranowo,cemplunk31@example.org,Male,1979-06-18,Medan,2024-05-20,active
1419,"Dt. Galuh Usada, S.Pt",ghariyah@example.net,Male,1978-04-01,Malang,2025-05-05,active
1420,Drs. Darijan Rahimah,kusmawatiharto@example.org,Male,1989-08-03,Surabaya,2023-12-08,inactive
1421,"Ir. Dagel Rahmawati, M.Ak",ukusumo@example.com,Female,2000-01-20,Jakarta,2025-04-17,active
1422,"Cecep Sitompul, M.TI.",rahmat94@example.com,Female,1989-06-08,Pekanbaru,2026-07-25,active
1423,Shania Purwanti,karsana83@example.com,Male,1990-03-17,Makassar,2024-06-08,active
1424,Oni Halimah,najmudinayu@example.org,Female,1989-12-03,Surabaya,2025-06-19,active
1425,"Dr. Jasmin Uyainah, M.Pd",twulandari@example.org,Male,2002-09-01,Yogyakarta,2024-02-14,active
1426,T. Galuh Nuraini,pradiptairsad@example.com,Female,1988-12-27,Malang,2024-03-02,active
1427,Endah Nababan,kamilawulandari@example.org,Male,2000-06-23,Pekanbaru,2025-08-22,active
1428,Padma Kusmawati,oniwijayanti@example.org,Female,1996-01-27,Jakarta,2025-12-11,active
1429,Dalima Samosir,jagapati47@example.com,Female,1983-08-08,Pekanbaru,2025-12-14,active
1430,Vanesa Agustina,uda46@example.net,Female,1970-10-22,Yogyakarta,2024-08-24,active
1431,"R.M. Jaga Saefullah, S.Ked",wasitanugraha@example.net,Female,2002-07-06,Yogyakarta,2026-05-29,active
1432,Widya Wibowo,lanjar50@example.com,Female,1983-04-16,Denpasar,2024-03-11,active
1433,Zamira Saefullah,irfansafitri@example.net,Male,1974-10-02,Pekanbaru,2025-04-07,active
1434,"Ir. Harsaya Laksita, S.H.",yosef97@example.org,Female,1981-07-06,Pekanbaru,2024-04-25,active
1435,"Gangsa Saefullah, M.Pd",ghalim@example.org,Female,1984-12-29,Denpasar,2025-05-28,active
1436,Gamani Zulkarnain,halimahembuh@example.net,Female,2002-09-26,Makassar,2026-05-11,active
1437,Hesti Simbolon,karimah38@example.org,Male,1992-12-03,Medan,2026-03-17,active
1438,Cahyono Hidayat,ifa84@example.net,Male,2004-07-18,Semarang,2025-11-16,active
1439,Nadia Pradana,najam73@example.org,Female,1988-07-23,Surabaya,2025-09-07,active
1440,Maras Zulkarnain,kajen90@example.org,Male,1987-04-03,Malang,2024-08-01,active
1441,Anita Pratiwi,nurainibanawa@example.net,Male,1987-08-22,Palembang,2026-01-02,active
1442,Siska Hidayat,genta74@example.net,Male,1999-03-26,Makassar,2023-09-07,inactive
1443,"Puti Queen Hastuti, M.Ak",nasyidahgaliono@example.net,Female,1995-12-11,Semarang,2025-04-13,active
1444,Ulya Maryadi,astutikadir@example.com,Female,1995-12-15,Makassar,2024-02-28,active
1445,Ratih Sihombing,umaya86@example.org,Female,1970-11-01,Makassar,2023-10-22,active
1446,Eka Rajata,anggriawanihsan@example.com,Female,2003-12-15,Palembang,2026-01-26,active
1447,Tina Permata,farah73@example.net,Male,1976-07-15,Palembang,2025-05-04,active
1448,Kasusra Suartini,latifnajmudin@example.org,Female,2007-06-04,Semarang,2025-11-27,active
1449,Iriana Pradana,ginatampubolon@example.org,Male,1996-04-03,Denpasar,2023-09-15,active
1450,Prasetyo Thamrin,samsulsaputra@example.org,Female,1971-08-26,Jakarta,2024-03-11,active
1451,Uli Pranowo,ymaheswara@example.org,Female,1985-06-04,Yogyakarta,2026-03-21,active
1452,Puti Cornelia Natsir,nnapitupulu@example.com,Male,1990-05-07,Malang,2024-12-04,active
1453,Ulya Suartini,marpaunghari@example.org,Male,1984-07-25,Surabaya,2025-04-27,active
1454,"Dr. Gatra Kuswandari, S.T.",nnainggolan@example.org,Female,1990-06-05,Malang,2026-07-28,active
1455,Zamira Januar,ardiantoprabawa@example.com,Male,1984-06-02,Denpasar,2026-06-03,active
1456,Nardi Hutasoit,fujiatishania@example.com,Female,1995-12-15,Medan,2026-06-04,active
1457,"Usman Sinaga, S.Gz",rbudiyanto@example.net,Female,1976-01-28,Jakarta,2026-01-06,active
1458,Marsito Halimah,mahendradalima@example.org,Female,2000-04-25,Yogyakarta,2024-05-01,active
1459,drg. Yuni Manullang,taniasihombing@example.com,Male,1986-12-09,Pekanbaru,2023-10-09,active
1460,Panji Marpaung,ulinajmudin@example.com,Female,1971-10-04,Palembang,2024-02-10,inactive
1461,dr. Ana Dongoran,xutami@example.com,Female,1983-07-09,Malang,2024-03-13,active
1462,dr. Prabowo Rahimah,megantararahman@example.org,Male,1998-10-07,Makassar,2026-04-03,active
1463,Hari Haryanto,budimannalar@example.org,Female,1974-12-21,Yogyakarta,2024-02-05,active
1464,"Ir. Yessi Uyainah, S.Ked",cnasyiah@example.org,Male,1982-09-25,Bandung,2025-01-05,active
1465,Hj. Tina Kuswoyo,edi58@example.com,Female,1989-03-22,Makassar,2024-12-29,inactive
1466,Reksa Megantara,dwiprasetya@example.net,Male,1979-05-20,Bandung,2025-10-31,active
1467,Drajat Prasetyo,waskitakarya@example.net,Female,1980-05-12,Makassar,2023-11-01,active
1468,Drs. Tasdik Santoso,maryadi79@example.net,Female,2000-03-22,Semarang,2025-10-11,active
1469,Cut Ulva Winarno,qwahyudin@example.org,Male,1995-03-26,Surabaya,2023-12-25,active
1470,Rafid Prakasa,alambanamegantara@example.net,Female,1976-11-25,Jakarta,2025-12-20,inactive
1471,"Tedi Permata, S.Sos",wlaksmiwati@example.org,Female,1988-03-21,Jakarta,2024-07-21,active
1472,Safina Mulyani,hafshah71@example.net,Female,2006-08-14,Yogyakarta,2024-03-25,active
1473,"Dr. Jaga Wijayanti, S.IP",kajensiregar@example.com,Male,1996-08-21,Surabaya,2024-08-06,active
1474,Yoga Palastri,budi56@example.net,Male,1975-07-06,Yogyakarta,2024-08-12,active
1475,"Ida Mahendra, S.I.Kom",hkusumo@example.net,Male,1982-07-24,Malang,2024-04-07,inactive
1476,"Drs. Febi Megantara, S.H.",mayasarigalih@example.com,Male,2000-11-05,Surabaya,2024-11-23,active
1477,"Drs. Paramita Hardiansyah, M.Pd",ellis92@example.net,Female,1984-09-24,Pekanbaru,2024-03-07,active
1478,"Catur Usada, M.Ak",pangestumanullang@example.org,Male,1979-05-31,Denpasar,2024-04-11,active
1479,"R.A. Indah Hardiansyah, S.Sos",ginasuryatmi@example.com,Female,1982-02-24,Pekanbaru,2026-05-18,active
1480,Najam Salahudin,dkusmawati@example.com,Female,1970-08-08,Jakarta,2026-04-16,active
1481,Perkasa Zulkarnain,hamzah99@example.org,Female,1976-01-22,Jakarta,2024-05-04,active
1482,"Hari Wijaya, M.Farm",jayengwijaya@example.org,Male,1978-02-16,Semarang,2025-01-11,inactive
1483,Dewi Padmasari,prasetyokusuma@example.org,Female,2007-06-02,Yogyakarta,2026-02-02,active
1484,"Tgk. Adikara Uyainah, S.IP",rmegantara@example.com,Female,1990-11-22,Malang,2024-01-16,active
1485,Yuni Maheswara,qpradipta@example.com,Male,1991-09-12,Semarang,2025-02-27,active
1486,Harjaya Rajasa,caketsiregar@example.com,Male,1974-12-27,Bandung,2025-06-01,active
1487,Karman Jailani,zalindralaksita@example.com,Female,1974-01-15,Makassar,2024-12-26,inactive
1488,Makuta Jailani,jayadi76@example.com,Male,2004-04-30,Semarang,2025-10-13,active
1489,"Raihan Ramadan, S.I.Kom",jefri85@example.com,Male,1973-10-29,Medan,2024-06-05,active
1490,Lantar Fujiati,lprasasta@example.com,Female,1996-07-18,Surabaya,2023-11-21,inactive
1491,Rachel Maryati,mpurwanti@example.net,Female,2004-07-13,Medan,2023-11-24,active
1492,"Hj. Cinthia Permata, S.IP",suartinidarijan@example.net,Female,1975-03-03,Medan,2025-08-03,active
1493,"Uli Gunarto, S.I.Kom",kania96@example.com,Male,1995-10-28,Surabaya,2025-11-17,inactive
1494,Yulia Utami,hpertiwi@example.org,Male,1999-08-14,Bandung,2024-11-27,active
1495,Lasmono Sitompul,pratamajessica@example.org,Female,1974-06-10,Malang,2024-11-18,active
1496,"Hj. Jelita Thamrin, S.H.",hasanahjono@example.com,Female,1981-05-17,Medan,2026-05-08,active
1497,KH. Saka Pudjiastuti,vero42@example.org,Female,1995-11-14,Pekanbaru,2025-12-08,active
1498,Raisa Nasyiah,gangsar71@example.com,Female,1999-06-11,Jakarta,2025-10-22,active
1499,"Cornelia Uyainah, S.Sos",mahesasamosir@example.org,Female,1982-10-16,Surabaya,2026-02-04,active
1500,"Dr. Kamaria Sirait, M.M.",prakosapangestu@example.com,Male,2005-07-10,Palembang,2025-01-28,inactive
1501,Laksana Saragih,mariadibudiyanto@example.org,Male,2006-01-12,Surabaya,2025-11-07,active
1502,Puti Faizah Iswahyudi,ira82@example.com,Female,1974-02-12,Jakarta,2025-09-08,inactive
1503,Patricia Thamrin,jsaptono@example.net,Female,1986-01-22,Jakarta,2025-05-19,active
1504,Gaman Prasetyo,sihombingparamita@example.net,Male,1987-11-05,Bandung,2026-05-08,active
1505,Genta Prasetya,ulyasaefullah@example.org,Female,1980-02-27,Jakarta,2023-09-16,active
1506,Yoga Damanik,elvinbudiman@example.com,Female,2004-01-12,Makassar,2024-04-06,active
1507,R.A. Laras Nashiruddin,jagustina@example.net,Female,2003-08-28,Bandung,2025-01-13,active
1508,"KH. Eluh Astuti, S.I.Kom",trajata@example.com,Male,1984-10-20,Denpasar,2025-04-30,active
1509,Yusuf Mansur,manahnamaga@example.com,Male,1983-02-18,Bandung,2026-05-13,active
1510,Vero Mayasari,gentaprastuti@example.org,Female,1998-03-19,Denpasar,2026-01-25,active
1511,Tina Yuliarti,suartinijaga@example.net,Female,2008-09-02,Jakarta,2025-03-11,active
1512,"Cut Michelle Safitri, M.M.",wadisantoso@example.net,Female,1989-12-22,Jakarta,2026-01-18,active
1513,Ir. Asmianto Situmorang,artawanpurwanti@example.com,Female,1989-03-05,Jakarta,2024-11-23,active
1514,"Ika Purnawati, S.T.",zulaikanugraha@example.org,Male,2007-07-15,Bandung,2025-09-15,active
1515,Gasti Wijayanti,tastuti@example.org,Male,1988-03-21,Surabaya,2025-10-08,active
1516,Dinda Namaga,mitra39@example.net,Female,2008-10-24,Pekanbaru,2025-03-15,inactive
1517,"Tgk. Langgeng Lazuardi, S.Pt",suryatmibalamantri@example.net,Female,1994-07-12,Bandung,2025-05-07,inactive
1518,"KH. Cemani Najmudin, S.Ked",harsayaprayoga@example.net,Male,1995-11-30,Semarang,2025-03-05,active
1519,Queen Wibisono,sitompulcemani@example.org,Female,2001-12-23,Bandung,2025-01-26,active
1520,Galang Thamrin,vmandala@example.org,Male,1977-07-04,Pekanbaru,2024-09-23,active
1521,Farah Pradana,betania12@example.com,Male,1984-04-13,Bandung,2024-11-16,active
1522,T. Ajimat Sudiati,siraitunggul@example.org,Male,1972-12-17,Medan,2025-07-12,active
1523,Adhiarja Simbolon,dadap20@example.net,Female,1985-08-04,Semarang,2025-04-04,inactive
1524,Dr. Elvina Nasyiah,cahyono23@example.net,Male,1979-02-07,Semarang,2023-09-02,active
1525,Tri Farida,nadinewahyudin@example.net,Female,1998-02-19,Pekanbaru,2024-08-15,active
1526,Luthfi Firgantoro,cinthiamaryadi@example.com,Female,2007-01-24,Bandung,2026-03-24,active
1527,Sabrina Najmudin,saragihlamar@example.org,Male,1993-08-08,Malang,2026-04-02,active
1528,Luwar Sirait,mandasariharsana@example.net,Female,2007-03-01,Denpasar,2024-02-02,active
1529,R. Gandi Prayoga,hhassanah@example.net,Male,1984-11-06,Jakarta,2026-05-16,active
1530,Gatot Halim,ynainggolan@example.com,Male,2006-05-03,Bandung,2024-04-21,active
1531,"Galur Novitasari, M.Farm",nurdiyanticemplunk@example.net,Female,1993-01-06,Pekanbaru,2026-05-08,inactive
1532,Janet Mansur,ppalastri@example.org,Female,1988-01-21,Pekanbaru,2025-03-07,inactive
1533,Joko Dongoran,bwaskita@example.com,Female,1989-09-29,Yogyakarta,2024-03-07,active
1534,Winda Suwarno,ysuryatmi@example.com,Female,2000-08-25,Makassar,2024-07-20,inactive
1535,Ir. Puput Natsir,nainggolancemani@example.com,Female,1995-08-02,Pekanbaru,2025-09-06,active
1536,Garan Nasyiah,hardiansyahluluh@example.com,Male,1972-08-18,Denpasar,2025-10-21,inactive
1537,Tgk. Maman Gunawan,hmelani@example.org,Female,2006-02-07,Surabaya,2026-01-23,active
1538,"Farhunnisa Lailasari, S.Kom",ilyassimanjuntak@example.org,Male,1992-11-10,Yogyakarta,2023-11-19,active
1539,Wahyu Siregar,wibowohendra@example.net,Female,1970-10-09,Surabaya,2025-06-04,active
1540,"drg. Aurora Mangunsong, S.E.I",garang63@example.com,Male,1993-12-09,Makassar,2024-04-22,active
1541,"Okto Saputra, S.Farm",surya94@example.org,Male,1997-07-05,Yogyakarta,2025-06-14,active
1542,"Dr. Hafshah Rahimah, S.Ked",rwaluyo@example.org,Male,1995-01-09,Bandung,2024-10-31,inactive
1543,Bagus Uyainah,qmahendra@example.net,Male,1975-01-18,Medan,2024-10-09,active
1544,Eli Rajasa,lhidayat@example.net,Male,2007-11-05,Malang,2024-01-24,inactive
1545,Zamira Purnawati,isuryono@example.com,Female,1980-10-14,Yogyakarta,2025-09-24,active
1546,"Dr. Farah Mahendra, M.TI.",fpangestu@example.net,Male,2009-05-31,Makassar,2025-11-14,active
1547,"drg. Fitria Hutasoit, S.Pt",kusumojagapati@example.org,Male,1980-01-06,Bandung,2024-12-28,active
1548,"Dt. Mujur Mardhiyah, S.Kom",cmegantara@example.net,Female,2000-07-23,Medan,2025-06-07,active
1549,Zelda Ramadan,purnawatialambana@example.org,Female,2006-07-16,Semarang,2025-10-05,active
1550,Eva Siregar,septihakim@example.com,Female,1990-04-22,Pekanbaru,2024-08-20,active
1551,Aisyah Farida,mumpuniwahyuni@example.net,Female,1973-04-17,Jakarta,2024-04-05,active
1552,Amelia Kusumo,ifa22@example.net,Female,1997-04-17,Medan,2024-04-28,inactive
1553,Kartika Firgantoro,safitrigandi@example.net,Male,1976-03-07,Jakarta,2024-10-25,active
1554,Cut Yulia Wibisono,adinatawibowo@example.org,Female,2000-07-26,Bandung,2023-11-24,active
1555,R. Ajimat Yulianti,restufirgantoro@example.net,Male,2002-09-21,Palembang,2023-12-12,active
1556,Mila Prakasa,rsuryono@example.net,Female,1997-03-21,Malang,2025-01-06,active
1557,Paulin Tarihoran,raisa77@example.org,Male,1979-04-26,Medan,2025-06-04,inactive
1558,Ulya Damanik,prayogarajasa@example.org,Female,1987-06-05,Surabaya,2024-06-12,active
1559,Sutan Himawan Mahendra,haryantirizki@example.net,Male,2003-05-09,Medan,2024-06-26,active
1560,"Mila Handayani, S.Sos",aandriani@example.com,Female,1988-08-30,Jakarta,2024-08-23,active
1561,Dipa Pratama,umansur@example.net,Male,1998-05-18,Denpasar,2024-08-07,active
1562,"Gaiman Prabowo, S.Sos",wira86@example.com,Female,1976-02-06,Semarang,2025-04-16,inactive
1563,Anastasia Pangestu,xsalahudin@example.net,Female,1979-01-21,Bandung,2023-11-30,active
1564,Elvina Handayani,titinwinarno@example.net,Female,1971-07-08,Semarang,2025-03-29,inactive
1565,"R.M. Maras Wacana, M.Farm",keneszulaika@example.net,Female,2001-01-29,Surabaya,2024-03-16,active
1566,"R. Vanesa Laksita, S.Psi",dsimanjuntak@example.org,Male,1994-05-23,Pekanbaru,2024-03-06,active
1567,Ajimat Anggriawan,wastutidagel@example.org,Male,2006-06-22,Surabaya,2025-11-16,inactive
1568,"Eka Prabowo, S.Pd",cemeti55@example.org,Female,2003-05-17,Medan,2026-03-12,inactive
1569,"Ellis Siregar, S.Pd",latika77@example.com,Female,1974-07-18,Palembang,2024-09-03,active
1570,Drs. Hasan Manullang,gamantoagustina@example.org,Female,1992-06-28,Semarang,2025-04-09,inactive
1571,Upik Handayani,yance31@example.net,Female,1974-05-16,Palembang,2025-06-22,active
1572,Pranata Damanik,ykusmawati@example.com,Female,1993-06-13,Surabaya,2023-09-15,active
1573,Ayu Lestari,teguh99@example.org,Female,2007-07-04,Medan,2026-07-20,active
1574,Leo Salahudin,cawisono51@example.org,Female,1997-01-02,Denpasar,2025-04-15,active
1575,Icha Hutasoit,winarsihhartana@example.net,Female,1984-06-02,Yogyakarta,2026-05-03,active
1576,Ella Utama,nbudiyanto@example.net,Female,2003-10-15,Jakarta,2026-07-15,active
1577,Aslijan Yulianti,eka07@example.com,Male,1979-11-25,Malang,2024-02-29,active
1578,Ulva Wahyuni,vastuti@example.org,Male,1988-06-14,Makassar,2024-07-04,active
1579,"Queen Budiyanto, S.Pd",mustofaqori@example.org,Female,1985-06-07,Palembang,2023-10-29,active
1580,"Emong Waluyo, S.Psi",cwibisono@example.net,Female,1984-11-21,Pekanbaru,2026-04-20,active
1581,Wardaya Situmorang,twasita@example.com,Female,1998-08-19,Denpasar,2025-02-14,active
1582,Salsabila Hutasoit,rsuryono@example.org,Male,2001-12-31,Medan,2025-03-30,active
1583,Bahuraksa Nugroho,damanikedi@example.org,Female,1985-02-23,Surabaya,2026-04-30,active
1584,"Amalia Siregar, M.Ak",cayadihutagalung@example.org,Male,1973-05-01,Pekanbaru,2024-01-18,inactive
1585,"Dina Pangestu, S.Pt",suryatmidimaz@example.org,Female,1977-10-28,Makassar,2025-05-02,inactive
1586,Danu Hardiansyah,adriansyahsakti@example.net,Female,1998-07-20,Jakarta,2025-09-28,active
1587,Rahmi Nashiruddin,wawannapitupulu@example.net,Female,1988-11-19,Bandung,2024-09-30,active
1588,Bahuwirya Nugroho,handayanihairyanto@example.net,Female,2008-07-31,Palembang,2025-10-12,active
1589,Samsul Sinaga,dirjahutagalung@example.org,Male,2000-01-31,Pekanbaru,2024-05-17,inactive
1590,drg. Ophelia Uyainah,lusada@example.com,Male,1981-09-19,Makassar,2024-04-08,inactive
1591,"Dwi Suryono, S.E.",jaya80@example.net,Male,1973-02-08,Denpasar,2024-11-12,active
1592,"Prakosa Hassanah, S.Ked",banawa96@example.org,Male,2008-09-11,Palembang,2023-10-10,active
1593,Kairav Saptono,lintang59@example.net,Female,1998-12-12,Makassar,2025-08-11,active
1594,"drg. Galar Palastri, S.Kom",yosef57@example.com,Female,1979-06-26,Bandung,2024-07-17,inactive
1595,"dr. Jaiman Hariyah, M.M.",reza77@example.com,Male,1976-07-16,Medan,2024-02-05,active
1596,"Tgk. Harjaya Usamah, S.E.I",bandriani@example.org,Female,1986-03-01,Yogyakarta,2025-10-19,active
1597,Bakiono Budiyanto,gadarahayu@example.org,Male,1985-11-05,Medan,2023-08-18,active
1598,Gadang Pudjiastuti,harto07@example.com,Female,1981-06-01,Semarang,2024-01-14,active
1599,Salwa Halim,bastuti@example.org,Female,1984-05-14,Palembang,2024-02-27,active
1600,Karja Lailasari,xanana94@example.org,Female,2001-12-05,Malang,2023-11-27,active
1601,Siti Saragih,samosirrina@example.org,Male,1997-04-07,Pekanbaru,2024-11-01,inactive
1602,Jasmin Wahyudin,rahimaheka@example.net,Male,2002-01-24,Denpasar,2024-11-15,inactive
1603,Kartika Agustina,julia71@example.org,Male,1980-03-08,Medan,2026-03-07,active
1604,"T. Kala Siregar, M.Farm",luisusada@example.com,Male,2001-07-18,Bandung,2026-06-03,active
1605,Nugraha Rahayu,marganausamah@example.net,Male,1994-05-09,Malang,2025-09-06,active
1606,Galar Melani,aisyahpratiwi@example.com,Male,2004-12-07,Palembang,2026-01-10,active
1607,drg. Jail Suartini,padmisinaga@example.org,Female,2005-09-14,Denpasar,2024-09-27,active
1608,"KH. Enteng Megantara, S.I.Kom",cahyanto76@example.org,Female,2003-08-26,Semarang,2026-06-06,active
1609,Kani Safitri,ivanusada@example.org,Female,1989-05-28,Palembang,2023-10-06,active
1610,Sutan Ridwan Yuliarti,manah75@example.net,Male,1977-12-04,Makassar,2024-01-10,active
1611,Karna Mayasari,sihombingbanawi@example.net,Male,1981-08-08,Makassar,2026-05-11,inactive
1612,Cakrabirawa Sihombing,tanggriawan@example.com,Male,1971-07-29,Yogyakarta,2025-12-16,active
1613,R.M. Legawa Handayani,tugimanutami@example.com,Female,2000-03-02,Yogyakarta,2025-07-17,active
1614,Dr. Intan Marpaung,viktor43@example.net,Male,1993-06-17,Makassar,2023-11-29,active
1615,drg. Gading Megantara,maheswarabala@example.com,Male,1982-11-19,Pekanbaru,2024-07-21,active
1616,Lala Nugroho,utamitaswir@example.net,Female,1983-04-29,Malang,2025-09-30,active
1617,Ir. Azalea Melani,yuniarkarya@example.com,Male,1972-10-06,Bandung,2026-02-04,active
1618,Cakrawangsa Jailani,ameliaharyanto@example.org,Male,1990-12-23,Makassar,2025-09-27,active
1619,Cindy Zulkarnain,cengkaltarihoran@example.com,Male,1983-12-27,Denpasar,2026-05-29,active
1620,Syahrini Widodo,dpalastri@example.net,Female,1997-09-04,Malang,2023-10-18,active
1621,Prabowo Rajata,pranowousman@example.org,Male,1979-06-16,Malang,2025-03-25,active
1622,Jatmiko Gunarto,habibisyahrini@example.net,Male,1972-03-25,Palembang,2023-10-03,active
1623,Kayla Usada,endramardhiyah@example.com,Female,1996-09-22,Makassar,2025-11-11,active
1624,Arta Pangestu,azalea06@example.net,Female,1993-08-01,Bandung,2023-08-24,active
1625,Laksana Uwais,wardianto@example.net,Female,1990-06-11,Jakarta,2024-03-18,inactive
1626,Vinsen Utami,jprabowo@example.net,Female,1999-08-12,Malang,2026-01-27,active
1627,"Drs. Edi Sitorus, S.Kom",calista62@example.org,Male,1983-05-05,Yogyakarta,2024-06-06,active
1628,Ivan Suartini,yuliantikenzie@example.com,Male,2008-04-30,Medan,2024-05-14,inactive
1629,Harsanto Kurniawan,lputra@example.org,Male,1999-07-23,Bandung,2025-08-08,active
1630,"Dariati Rahayu, S.Pd",kamariasalahudin@example.net,Male,1984-08-30,Makassar,2026-03-18,active
1631,Dt. Galak Budiman,jessicaramadan@example.org,Female,1979-01-10,Palembang,2023-10-01,active
1632,Michelle Wijaya,hendri76@example.net,Female,1994-01-21,Bandung,2024-02-17,active
1633,Wulan Widiastuti,jkuswandari@example.net,Female,2004-01-10,Semarang,2024-01-31,active
1634,Sabri Anggriawan,adriansyahaswani@example.net,Female,2007-07-06,Medan,2024-05-01,active
1635,Asmadi Uwais,tirtayasa69@example.org,Male,1978-12-26,Makassar,2026-05-18,active
1636,Safina Damanik,ewahyudin@example.com,Female,1982-03-10,Jakarta,2024-02-28,inactive
1637,Wirda Putra,sihombingedi@example.com,Male,1975-04-13,Denpasar,2023-09-10,active
1638,Bakianto Prakasa,kusmawatigantar@example.org,Male,1988-05-04,Jakarta,2025-06-30,active
1639,Opan Mangunsong,kayun09@example.com,Female,1978-12-28,Surabaya,2026-03-31,inactive
1640,Yance Hastuti,cdabukke@example.com,Female,1986-09-02,Bandung,2024-10-11,active
1641,"Intan Kuswandari, S.Kom",wahyunibudi@example.com,Male,2001-11-11,Denpasar,2026-07-04,inactive
1642,"Artawan Pratiwi, S.Farm",harimurti37@example.org,Male,1992-05-21,Pekanbaru,2023-08-29,active
1643,Liman Uwais,bakionosuwarno@example.com,Male,1988-05-19,Yogyakarta,2025-09-11,active
1644,"Puspa Namaga, S.E.I",pangeranwahyuni@example.com,Male,1983-02-04,Malang,2025-01-01,active
1645,Nadia Situmorang,lnatsir@example.com,Male,2000-07-06,Semarang,2025-07-03,inactive
1646,Mala Irawan,iwulandari@example.com,Male,1994-01-26,Malang,2024-01-11,active
1647,"Hj. Eli Gunarto, S.Psi",nasim77@example.net,Female,1990-05-02,Medan,2026-03-29,active
1648,"Radika Manullang, M.Farm",nadiasiregar@example.net,Female,1976-01-11,Pekanbaru,2026-03-02,inactive
1649,"drg. Carla Mardhiyah, M.Pd",zaenabwidodo@example.org,Female,1972-03-22,Pekanbaru,2026-01-13,inactive
1650,Okta Pradana,rajasahumaira@example.net,Male,1997-04-06,Makassar,2023-11-24,active
1651,"dr. Pia Widodo, M.TI.",ulatupono@example.net,Female,1996-03-16,Medan,2025-12-13,active
1652,"Jaeman Mangunsong, S.Kom",rahman13@example.net,Male,1998-07-09,Pekanbaru,2024-10-06,inactive
1653,"Ina Permadi, S.Sos",lailasariedward@example.org,Male,1982-05-26,Yogyakarta,2026-04-07,active
1654,Ega Lazuardi,nainggolanasirwada@example.org,Female,1978-08-30,Yogyakarta,2024-03-19,active
1655,Indra Tamba,hidayatjono@example.com,Male,1996-05-22,Pekanbaru,2026-01-26,active
1656,Maria Safitri,mahfud65@example.org,Female,1993-08-02,Palembang,2023-08-14,active
1657,Jamalia Tampubolon,wastutiani@example.org,Male,1971-10-19,Pekanbaru,2025-01-08,active
1658,Shakila Rahmawati,xnasyiah@example.org,Female,1994-10-11,Semarang,2025-09-08,active
1659,Vanya Irawan,ydongoran@example.org,Female,1989-02-08,Denpasar,2024-08-21,active
1660,Kezia Sirait,prasastarina@example.org,Male,1980-01-01,Medan,2025-03-20,inactive
1661,"H. Sabar Hartati, S.Kom",sinagalukman@example.net,Male,1994-07-10,Denpasar,2026-07-16,active
1662,drg. Bagiya Mardhiyah,maimunahwulandari@example.org,Male,1977-08-27,Jakarta,2023-11-15,inactive
1663,Dono Padmasari,pnasyiah@example.net,Female,1975-03-06,Yogyakarta,2024-05-30,active
1664,Elvin Rahimah,unggulsihombing@example.org,Female,1983-07-07,Yogyakarta,2025-02-19,active
1665,Hilda Ardianto,candranapitupulu@example.com,Female,1985-09-10,Denpasar,2023-12-01,active
1666,Darmana Siregar,parmangunawan@example.com,Male,2004-05-05,Pekanbaru,2025-10-27,inactive
1667,"H. Warta Latupono, S.IP",tpradana@example.com,Female,1976-12-31,Surabaya,2025-05-03,active
1668,"H. Irfan Damanik, M.TI.",faridaamelia@example.com,Male,2005-08-06,Jakarta,2023-12-25,inactive
1669,Maya Puspita,andrianiwarta@example.org,Male,1997-12-19,Semarang,2024-09-09,active
1670,Lalita Mayasari,saptonotiti@example.com,Female,2006-06-10,Bandung,2023-10-15,inactive
1671,Kenzie Nashiruddin,dimasdongoran@example.org,Female,1996-07-04,Palembang,2026-04-22,active
1672,"Ir. Cengkal Padmasari, S.Farm",ifa47@example.org,Male,1975-02-08,Malang,2024-12-03,active
1673,"Tira Wijaya, S.Ked",emilsalahudin@example.org,Female,1985-02-02,Denpasar,2023-09-15,active
1674,Restu Nuraini,kusumoella@example.net,Female,1970-12-07,Medan,2025-02-12,inactive
1675,"Sutan Dacin Wijayanti, M.Kom.",manahprasasta@example.com,Female,1989-03-29,Palembang,2026-03-24,active
1676,"Kemba Hidayanto, S.E.I",prayogapuspasari@example.net,Female,1996-08-08,Palembang,2024-03-24,active
1677,Karya Marbun,cahyakuswandari@example.net,Female,1980-03-22,Semarang,2026-02-28,active
1678,"dr. Artanto Sinaga, S.Sos",ihsan46@example.org,Female,1971-09-01,Jakarta,2025-11-05,active
1679,"Dian Kuswandari, M.Ak",purwa79@example.org,Male,2007-08-13,Surabaya,2025-08-08,active
1680,Dimas Rahimah,wyuliarti@example.net,Female,1990-12-01,Surabaya,2025-02-11,active
1681,Bella Purwanti,astutinadine@example.org,Female,1973-11-23,Denpasar,2025-01-28,active
1682,Kania Setiawan,siskagunarto@example.com,Female,1988-09-13,Yogyakarta,2026-04-06,active
1683,Zulaikha Halimah,luluh89@example.com,Female,1990-07-14,Surabaya,2026-01-03,active
1684,"Nurul Siregar, M.Pd",wakimansirait@example.org,Male,1990-10-01,Surabaya,2024-09-29,active
1685,Drs. Ghaliyati Sihotang,rini44@example.com,Male,2006-09-25,Yogyakarta,2025-06-24,inactive
1686,Febi Sitorus,julinainggolan@example.com,Male,1990-10-11,Surabaya,2024-07-23,active
1687,"R.M. Rama Sihombing, S.Kom",malika63@example.net,Male,1997-05-20,Surabaya,2024-10-27,active
1688,Banara Siregar,hasan79@example.net,Male,1995-06-29,Palembang,2024-09-02,active
1689,Novi Saputra,ghani75@example.org,Male,2006-12-15,Pekanbaru,2024-03-15,active
1690,Dewi Waluyo,erik49@example.org,Male,2002-04-19,Medan,2024-12-18,active
1691,Mutia Pudjiastuti,hidayatharja@example.com,Male,1993-05-07,Bandung,2026-07-16,active
1692,Sari Lestari,rnapitupulu@example.org,Male,1993-10-20,Makassar,2024-06-01,active
1693,Slamet Hidayat,dipatarihoran@example.org,Male,1981-05-27,Palembang,2025-01-06,active
1694,Tri Wijayanti,dodo16@example.org,Male,1992-09-06,Medan,2025-03-26,active
1695,Daru Prasetya,qori44@example.com,Female,1994-09-13,Jakarta,2023-08-13,inactive
1696,Kadir Padmasari,indah53@example.org,Male,1982-12-09,Malang,2025-04-19,active
1697,Xanana Marpaung,iputra@example.net,Male,1974-02-21,Yogyakarta,2024-03-30,inactive
1698,"drg. Gawati Permadi, M.M.",amalia11@example.org,Male,1994-05-12,Palembang,2025-10-22,active
1699,Mumpuni Samosir,kurniakurniawan@example.org,Male,1987-07-24,Makassar,2026-04-06,active
1700,Slamet Hutapea,nhassanah@example.org,Male,1986-07-09,Denpasar,2026-03-03,active
1701,Kemba Saputra,pranawasusanti@example.com,Male,1978-08-03,Palembang,2024-12-01,active
1702,Jamil Mayasari,vnovitasari@example.com,Male,1994-08-06,Denpasar,2025-08-09,active
1703,Limar Zulaika,pancamegantara@example.net,Male,1985-04-25,Denpasar,2026-02-06,inactive
1704,Ika Prayoga,ibranisihotang@example.com,Female,1998-06-21,Semarang,2025-12-13,active
1705,"Warji Pratiwi, S.H.",erahimah@example.org,Male,1995-10-05,Denpasar,2026-04-13,active
1706,Kezia Damanik,wibisonokani@example.com,Female,1989-09-25,Pekanbaru,2023-10-12,inactive
1707,Ghaliyati Santoso,birawan@example.com,Female,1984-11-19,Medan,2025-10-04,active
1708,"Ir. Septi Maryati, M.Ak",kmanullang@example.org,Male,1991-04-18,Palembang,2026-07-30,inactive
1709,"Sutan Bakijan Manullang, S.Pt",wibowoomar@example.org,Female,1994-08-04,Jakarta,2024-03-04,active
1710,Emil Megantara,capa84@example.com,Male,2004-01-26,Pekanbaru,2025-03-30,active
1711,Karma Hidayat,jagapatiwasita@example.com,Male,1979-08-18,Palembang,2024-06-03,active
1712,Edward Pudjiastuti,pertiwishakila@example.net,Male,1988-12-04,Palembang,2023-11-12,active
1713,Puti Betania Januar,jarwibudiyanto@example.org,Female,1981-01-29,Pekanbaru,2024-11-08,inactive
1714,"Elma Mangunsong, M.Pd",hariyahintan@example.com,Female,2006-12-10,Makassar,2025-12-08,active
1715,Dt. Jais Mayasari,simbolongangsa@example.com,Male,2005-06-26,Medan,2024-04-28,active
1716,"R. Halima Sudiati, S.I.Kom",baktihalimah@example.org,Male,1992-12-19,Denpasar,2024-10-07,active
1717,Nasab Prayoga,upiknatsir@example.net,Female,1976-11-27,Yogyakarta,2024-06-04,inactive
1718,Edward Haryanti,hidayatperkasa@example.org,Female,1991-03-20,Denpasar,2025-05-28,active
1719,Paramita Hastuti,ipudjiastuti@example.net,Female,2008-02-10,Surabaya,2025-01-20,active
1720,dr. Caturangga Mardhiyah,nilam96@example.com,Female,2004-01-18,Jakarta,2026-06-01,active
1721,Zaenab Salahudin,putracakrajiya@example.net,Male,1975-02-03,Denpasar,2023-12-19,active
1722,Galih Laksita,twaluyo@example.com,Male,1978-05-03,Pekanbaru,2026-04-19,active
1723,Zelaya Rahayu,wuyainah@example.org,Male,2001-06-02,Semarang,2023-08-20,inactive
1724,Unggul Farida,prima32@example.org,Male,1980-06-13,Denpasar,2025-11-01,active
1725,Heryanto Habibi,nwahyudin@example.com,Male,1980-02-27,Bandung,2024-10-13,active
1726,Nadia Winarno,sihombingpangestu@example.org,Male,2005-03-07,Pekanbaru,2024-01-09,active
1727,"Drs. Puspa Kuswandari, S.Gz",rahimahlanjar@example.com,Male,2007-01-05,Denpasar,2026-03-15,active
1728,Galak Mayasari,whidayat@example.com,Male,1977-01-21,Jakarta,2026-03-12,inactive
1729,Kacung Pratama,jamaliasaputra@example.org,Female,1995-03-08,Surabaya,2026-07-25,active
1730,Jelita Oktaviani,vwaskita@example.net,Male,1983-04-28,Bandung,2024-09-12,inactive
1731,"Dr. Argono Widiastuti, M.Pd",faridaayu@example.com,Male,1999-01-02,Makassar,2024-09-09,active
1732,"Nasab Farida, S.T.",mangunsongperkasa@example.com,Female,1976-03-14,Pekanbaru,2025-04-14,active
1733,Kania Prasetya,cengkirsusanti@example.com,Female,1972-03-21,Surabaya,2025-11-15,inactive
1734,Hamzah Maryadi,harsayaandriani@example.net,Male,1987-03-28,Bandung,2024-06-29,active
1735,"Cut Hani Laksmiwati, S.Pt",abyasaharyanto@example.org,Female,1979-02-18,Bandung,2025-04-16,active
1736,Mulyono Haryanti,vanyalailasari@example.org,Female,2002-03-30,Medan,2026-05-01,inactive
1737,H. Gamblang Usamah,wakiman49@example.net,Male,1996-07-09,Pekanbaru,2024-08-12,active
1738,Novi Saputra,melinda33@example.org,Female,1983-05-21,Pekanbaru,2025-03-02,active
1739,Wani Rajasa,dwaskita@example.net,Male,1974-09-28,Malang,2025-02-10,active
1740,Wira Januar,ismailprayoga@example.com,Female,1997-10-14,Malang,2024-01-12,active
1741,Ifa Hutapea,awacana@example.net,Male,1980-01-17,Pekanbaru,2025-02-07,inactive
1742,Yulia Astuti,sihotangbalijan@example.com,Female,1976-08-05,Surabaya,2025-06-15,inactive
1743,Gilda Laksita,sitorusopung@example.org,Male,2004-11-14,Malang,2025-01-02,active
1744,Zizi Prakasa,nrahmawati@example.com,Male,1981-10-04,Surabaya,2025-01-23,inactive
1745,Rika Waluyo,munimanullang@example.net,Male,2003-11-11,Denpasar,2025-06-02,active
1746,Nilam Iswahyudi,anggriawaneja@example.net,Male,2007-01-11,Makassar,2023-11-21,active
1747,Anggabaya Mansur,baktionoadriansyah@example.com,Male,1981-12-14,Malang,2025-12-19,inactive
1748,Tugiman Saragih,unjani91@example.org,Male,1983-06-18,Makassar,2026-02-12,inactive
1749,"R.A. Widya Narpati, S.Sos",gunartoparis@example.org,Female,2002-09-24,Yogyakarta,2023-09-14,inactive
1750,Radika Suryatmi,maimunah49@example.net,Female,1981-09-05,Bandung,2025-01-21,active
1751,R.A. Shakila Suryono,galih81@example.com,Female,1971-11-02,Semarang,2023-10-13,active
1752,Oni Samosir,zizikusmawati@example.com,Male,1982-01-15,Semarang,2026-02-21,active
1753,"T. Mulyanto Simbolon, S.Kom",zandriani@example.org,Female,1979-12-22,Denpasar,2025-09-14,active
1754,Puti Dalima Kurniawan,bagyahutapea@example.org,Male,2009-07-08,Malang,2024-01-12,active
1755,Ratna Permadi,suryonomulya@example.net,Female,1998-08-13,Palembang,2023-12-19,active
1756,H. Langgeng Sihombing,yuniaruli@example.net,Female,2007-02-23,Jakarta,2024-11-22,active
1757,Hartaka Nababan,cyolanda@example.com,Female,1984-01-17,Makassar,2024-03-19,active
1758,"Hasta Sinaga, M.M.",prayogo27@example.com,Female,1975-10-09,Palembang,2023-09-25,active
1759,"R. Agnes Marbun, S.T.",uwahyuni@example.net,Female,1986-10-21,Semarang,2024-07-26,active
1760,Drs. Jumari Setiawan,ega02@example.org,Female,2005-12-21,Surabaya,2025-01-17,inactive
1761,"Gatra Siregar, M.Ak",xfirgantoro@example.org,Male,1985-02-18,Denpasar,2025-09-30,inactive
1762,Ganda Zulaika,mmardhiyah@example.org,Male,1996-04-10,Jakarta,2023-08-06,inactive
1763,Ir. Faizah Fujiati,febi68@example.net,Male,2000-08-09,Medan,2025-10-18,active
1764,Paulin Hasanah,hasanahmaya@example.net,Male,1972-04-28,Malang,2025-10-12,inactive
1765,Yance Agustina,orahmawati@example.org,Male,2006-10-27,Jakarta,2024-08-01,active
1766,Hani Salahudin,lasmonorahayu@example.org,Female,2005-05-10,Malang,2026-04-30,active
1767,Hani Ardianto,uliprastuti@example.com,Female,1991-04-15,Denpasar,2026-02-21,inactive
1768,Alika Hutagalung,zpermadi@example.org,Male,2001-11-18,Malang,2023-09-16,active
1769,"KH. Manah Samosir, M.Ak",gbudiyanto@example.net,Male,1996-06-15,Surabaya,2024-05-28,active
1770,Victoria Latupono,farhunnisawijayanti@example.net,Male,2003-12-10,Jakarta,2025-01-28,active
1771,Kenes Yolanda,upurwanti@example.com,Male,1978-05-25,Jakarta,2026-05-13,active
1772,Ayu Januar,sitompulsakura@example.org,Male,1975-08-27,Pekanbaru,2025-08-22,inactive
1773,Utama Aryani,gandi44@example.com,Female,1978-07-19,Malang,2025-11-01,active
1774,"Pia Uyainah, S.Pt",suwarnolasmanto@example.net,Male,1973-07-23,Pekanbaru,2024-01-29,active
1775,Simon Adriansyah,,Male,2007-10-11,Medan,2024-01-20,active
1776,Jais Nasyidah,gatot17@example.com,Male,1988-09-25,Surabaya,2023-10-14,active
1777,Harsanto Nainggolan,caturangga51@example.com,Male,1991-11-08,Makassar,2023-12-14,active
1778,Cakrabuana Siregar,safitricawuk@example.org,Female,1976-11-03,Denpasar,2024-05-03,inactive
1779,Ganep Wibisono,yusufusamah@example.com,Female,2001-07-02,Yogyakarta,2026-01-12,active
1780,Hj. Novi Rahmawati,kprabowo@example.org,Female,1999-10-01,Makassar,2024-11-18,active
1781,"drg. Harsanto Sinaga, S.I.Kom",tamilailasari@example.net,Female,1978-05-09,Semarang,2023-10-15,active
1782,Anita Widiastuti,anainggolan@example.net,Male,2007-01-04,Pekanbaru,2023-09-17,active
1783,Cahyanto Kuswoyo,uardianto@example.com,Female,1993-10-11,Surabaya,2025-07-13,active
1784,Puspa Puspasari,rahayuempluk@example.com,Female,1998-11-24,Jakarta,2025-04-09,inactive
1785,Paulin Anggraini,uyainahmahesa@example.org,Female,1982-01-12,Malang,2024-08-10,active
1786,"Hana Wibowo, S.E.I",salahudintiti@example.org,Male,1981-07-14,Malang,2026-03-01,active
1787,Ina Salahudin,nurainiozy@example.org,Female,1986-06-15,Makassar,2026-02-19,active
1788,Drs. Liman Januar,marwata21@example.org,Female,1984-09-22,Semarang,2023-08-31,active
1789,R.A. Restu Hutapea,mulyanto51@example.org,Male,1979-08-13,Medan,2023-11-15,active
1790,T. Umaya Puspasari,pudjiastutikezia@example.net,Female,1996-03-30,Palembang,2024-06-01,active
1791,Maryadi Sitorus,tgunarto@example.com,Female,1981-01-29,Pekanbaru,2023-11-21,inactive
1792,Tri Kuswandari,kuswoyolintang@example.org,Male,1972-03-30,Bandung,2023-09-29,active
1793,Lantar Purwanti,gnamaga@example.com,Male,2005-06-29,Bandung,2026-01-06,active
1794,"Puti Siti Budiyanto, M.Kom.",gandi29@example.net,Male,1979-02-08,Palembang,2024-04-30,active
1795,Agnes Zulaika,wirdamelani@example.org,Male,1990-12-25,Bandung,2025-09-17,active
1796,Irfan Prabowo,azaleapudjiastuti@example.org,Male,1994-07-03,Jakarta,2024-05-28,active
1797,Ratna Suwarno,malik26@example.net,Female,1981-02-03,Medan,2024-10-01,active
1798,Dr. Ade Latupono,andrianikajen@example.net,Female,1986-05-27,Yogyakarta,2025-06-08,active
1799,"Hj. Ratna Lazuardi, S.H.",zahra29@example.org,Female,1975-10-02,Palembang,2024-02-28,active
1800,Diana Pratama,bakimanhidayanto@example.net,Female,1981-05-16,Denpasar,2023-09-16,active
1801,Radit Budiman,yuliantiimam@example.net,Male,1986-09-16,Makassar,2023-12-04,active
1802,"Panji Maheswara, S.I.Kom",jmegantara@example.net,Male,1983-04-08,Medan,2024-08-11,active
1803,Kamila Nainggolan,tirta32@example.org,Male,2004-07-07,Palembang,2024-10-26,active
1804,Alika Ramadan,analestari@example.com,Male,1970-09-15,Makassar,2026-02-28,active
1805,Farhunnisa Zulkarnain,halimvero@example.net,Female,1974-11-22,Malang,2024-12-23,active
1806,Winda Nuraini,kurnia26@example.org,Female,1973-02-18,Makassar,2024-06-12,active
1807,"Zelaya Saefullah, M.Kom.",septi37@example.org,Male,2008-03-01,Makassar,2024-12-13,active
1808,Purwadi Prakasa,cprasetya@example.org,Male,1995-10-02,Pekanbaru,2024-05-24,active
1809,Putri Rajasa,darmajisantoso@example.net,Female,1997-06-29,Medan,2024-09-27,inactive
1810,Dimas Suryono,respati01@example.net,Female,1980-06-02,Semarang,2024-05-26,active
1811,Cakrawala Damanik,ratnamandasari@example.net,Female,1983-05-10,Medan,2024-04-26,inactive
1812,Febi Nashiruddin,vpurnawati@example.org,Male,1974-10-26,Malang,2025-08-27,active
1813,R.A. Sari Wacana,sramadan@example.com,Male,1996-09-16,Pekanbaru,2024-07-03,active
1814,Tirtayasa Prasasta,dadi67@example.net,Female,1983-04-02,Yogyakarta,2026-06-20,inactive
1815,Ghaliyati Astuti,wardaya38@example.com,Male,2007-12-06,Malang,2026-02-28,active
1816,Hendra Gunawan,jailanijulia@example.org,Female,1978-07-31,Malang,2023-08-21,inactive
1817,Tina Mansur,jailaniwulan@example.net,Female,1979-03-13,Surabaya,2024-10-27,active
1818,drg. Devi Setiawan,dagel04@example.org,Female,1995-08-31,Bandung,2024-03-25,active
1819,Puti Cornelia Ramadan,cengkirsiregar@example.org,Female,2001-06-10,Medan,2026-04-04,active
1820,"Wakiman Permadi, S.Gz",,Female,1989-02-24,Malang,2025-03-13,active
1821,"R.A. Wulan Zulkarnain, S.Psi",tiraardianto@example.com,Female,1974-06-28,Makassar,2024-06-01,active
1822,Tami Tampubolon,kasiyahsetiawan@example.org,Male,2007-01-15,Denpasar,2025-02-05,active
1823,Cut Salwa Saefullah,asmadikuswoyo@example.net,Male,1978-02-04,Semarang,2025-11-05,active
1824,"R.A. Faizah Mustofa, S.Pd",bakijannugroho@example.org,Male,1988-07-23,Yogyakarta,2026-01-20,active
1825,Olga Putra,pujimansur@example.org,Female,1984-11-19,Palembang,2025-07-28,active
1826,Rafi Manullang,yuliana62@example.net,Female,1989-01-23,Semarang,2025-11-09,active
1827,"drg. Cici Hutasoit, S.E.",bagiya82@example.net,Male,1978-11-05,Denpasar,2023-08-11,active
1828,"R. Hasna Nurdiyanti, M.Pd",fujiatijagapati@example.net,Female,2005-01-21,Pekanbaru,2024-01-18,active
1829,"Kasim Pratama, M.M.",utama29@example.net,Female,1987-02-27,Denpasar,2025-03-06,active
1830,R.A. Uchita Damanik,usetiawan@example.com,Female,1978-03-29,Makassar,2025-06-02,active
1831,"H. Budi Habibi, S.H.",liswahyudi@example.org,Female,1999-05-01,Medan,2024-06-21,active
1832,"Laksana Mansur, S.Gz",purwantiyusuf@example.com,Male,1990-10-15,Malang,2025-03-09,active
1833,Drs. Kenari Hidayanto,donopermadi@example.org,Male,1980-01-03,Jakarta,2025-03-15,inactive
1834,Juli Pudjiastuti,ella81@example.com,Female,1975-11-24,Bandung,2025-03-30,active
1835,"KH. Darmaji Usada, S.Pt",nlestari@example.org,Male,1990-10-15,Denpasar,2024-02-14,active
1836,Okto Sinaga,anggrainirachel@example.net,Male,1988-07-24,Makassar,2025-06-17,active
1837,"Ir. Muhammad Dongoran, S.Ked",asmuni00@example.org,Female,1973-11-06,Makassar,2025-08-18,active
1838,Yani Januar,hutasoityuni@example.org,Male,1987-09-16,Bandung,2024-01-30,active
1839,Garan Sihotang,balijan90@example.net,Male,1985-05-15,Bandung,2026-04-09,active
1840,R.M. Limar Winarsih,lanang42@example.org,Male,1993-01-24,Surabaya,2023-12-07,active
1841,Cayadi Suwarno,xnurdiyanti@example.org,Female,1990-02-21,Surabaya,2025-01-06,active
1842,Nadia Dongoran,prabu70@example.net,Female,1972-04-22,Palembang,2025-12-13,active
1843,Clara Tarihoran,joko65@example.net,Female,1998-10-26,Bandung,2023-09-25,active
1844,Daryani Zulkarnain,rusmanwaluyo@example.net,Male,1976-05-29,Pekanbaru,2024-05-30,active
1845,Ghani Saragih,marganauwais@example.net,Female,2002-08-18,Medan,2024-05-24,active
1846,Luis Halimah,jgunarto@example.net,Male,1972-08-27,Jakarta,2025-12-10,active
1847,Raina Thamrin,nsuartini@example.net,Female,2001-04-06,Jakarta,2024-03-17,active
1848,Wani Hardiansyah,dwiharyanto@example.org,Male,2006-10-14,Bandung,2023-08-21,active
1849,"Agnes Rajata, S.T.",fitria18@example.net,Female,2008-02-10,Jakarta,2026-03-08,active
1850,Harja Nainggolan,pmandasari@example.net,Male,1991-03-11,Denpasar,2025-07-08,active
1851,"Lalita Safitri, S.Pd",jayeng21@example.org,Male,1998-11-25,Jakarta,2023-10-12,active
1852,Tasnim Andriani,rahman42@example.org,Male,2000-02-03,Malang,2025-02-24,active
1853,"T. Bakda Hariyah, S.Gz",gprabowo@example.com,Male,2002-08-24,Malang,2023-12-24,inactive
1854,"T. Sakti Gunarto, S.E.",wmanullang@example.com,Male,1986-04-25,Palembang,2024-06-17,active
1855,Yosef Damanik,maman82@example.com,Female,1996-08-31,Semarang,2024-04-10,active
1856,Drs. Ophelia Damanik,ridwan44@example.net,Male,2000-09-11,Medan,2024-12-29,active
1857,Radika Saefullah,jayadi88@example.net,Male,1983-07-08,Makassar,2025-10-11,inactive
1858,"Malik Siregar, S.Gz",ssuryatmi@example.org,Female,1981-11-19,Pekanbaru,2026-07-03,active
1859,"Tgk. Dagel Novitasari, S.T.",jati33@example.org,Female,1993-06-26,Medan,2025-07-03,active
1860,"R. Bakijan Kuswoyo, M.Ak",widodoibun@example.org,Male,1988-04-27,Medan,2026-03-28,active
1861,Dimas Rahayu,palastribakti@example.net,Female,1974-02-25,Denpasar,2024-12-26,active
1862,"Gaman Prasetyo, S.Gz",ipratama@example.com,Female,2004-12-31,Makassar,2025-08-15,active
1863,Vanya Simbolon,hutasoitpadma@example.net,Male,2009-04-02,Malang,2026-02-24,inactive
1864,Adikara Nashiruddin,upuspasari@example.net,Male,1978-09-22,Yogyakarta,2023-11-15,active
1865,"dr. Balidin Pudjiastuti, S.E.I",rahmawatidariati@example.com,Male,2003-04-03,Makassar,2023-09-01,active
1866,Nadine Uyainah,prasastayuni@example.com,Female,1997-12-30,Makassar,2025-02-27,active
1867,Hj. Gabriella Wijaya,mutia16@example.org,Male,1984-12-07,Pekanbaru,2024-05-18,active
1868,Puti Yani Maheswara,bambanghutagalung@example.com,Male,2004-07-20,Surabaya,2025-12-18,active
1869,Hasta Nuraini,darimin84@example.org,Male,1989-03-15,Malang,2025-07-03,active
1870,"R. Gasti Sudiati, M.Ak",rahmannababan@example.org,Female,1990-04-25,Jakarta,2026-02-06,active
1871,Citra Iswahyudi,vsaefullah@example.com,Male,1980-07-15,Surabaya,2023-10-22,active
1872,"Azalea Utama, S.Ked",elon88@example.com,Male,2000-12-05,Palembang,2023-09-11,active
1873,"H. Arsipatra Maryati, S.IP",bwidodo@example.com,Female,1975-02-17,Palembang,2024-08-06,active
1874,Sutan Gatra Wibisono,gunartoharsana@example.org,Male,1986-02-07,Surabaya,2023-12-22,active
1875,Belinda Sinaga,winarnogaiman@example.net,Male,2007-04-05,Surabaya,2025-05-29,inactive
1876,Anastasia Astuti,ibranirajasa@example.com,Male,1990-06-10,Pekanbaru,2024-03-23,active
1877,Vanesa Purwanti,laksitaratih@example.com,Male,1995-09-16,Pekanbaru,2024-02-20,inactive
1878,"Azalea Latupono, S.H.",ellasaptono@example.com,Female,1982-06-11,Semarang,2024-01-06,active
1879,Jati Widiastuti,vnababan@example.com,Male,2006-03-08,Bandung,2025-04-01,active
1880,Mariadi Wahyudin,rahmangunawan@example.org,Female,1994-07-21,Jakarta,2025-10-18,active
1881,"Talia Budiyanto, M.Ak",widiastutiopung@example.com,Female,2002-08-28,Palembang,2023-12-17,active
1882,Warji Budiyanto,siregarkenzie@example.net,Male,1998-06-17,Denpasar,2025-02-09,active
1883,"Queen Oktaviani, S.Farm",lalita26@example.net,Female,2000-06-26,Semarang,2024-12-11,active
1884,"Lukita Rahimah, M.M.",swahyuni@example.net,Female,1974-01-31,Jakarta,2025-04-21,active
1885,Suci Purnawati,gabriellautama@example.net,Male,1980-04-07,Medan,2025-02-25,active
1886,Qori Safitri,sihombingartanto@example.net,Male,2001-06-27,Malang,2024-07-30,inactive
1887,"R.A. Ida Megantara, S.Farm",harjasakurniawan@example.org,Female,1986-05-09,Medan,2026-02-27,active
1888,Kalim Kusmawati,wasitaputri@example.net,Female,1976-08-18,Makassar,2025-04-07,active
1889,Ellis Pratama,bagustina@example.net,Female,1982-08-28,Yogyakarta,2025-07-04,active
1890,Salsabila Wijayanti,ekasudiati@example.org,Female,1994-01-30,Yogyakarta,2026-06-01,active
1891,KH. Agus Suryono,ekamandala@example.net,Female,2002-11-18,Palembang,2024-09-02,active
1892,"Padmi Suryatmi, S.Farm",hwijayanti@example.org,Female,1983-11-25,Makassar,2026-04-12,active
1893,Ir. Cakrajiya Fujiati,rosmanrahayu@example.com,Female,1996-05-12,Denpasar,2025-03-26,active
1894,Kanda Laksmiwati,eusamah@example.org,Female,2002-02-16,Surabaya,2023-11-13,active
1895,dr. Umi Lazuardi,harjasanuraini@example.com,Female,1980-05-30,Makassar,2023-11-18,active
1896,Tgk. Zizi Melani,raditya82@example.org,Male,1981-03-11,Jakarta,2024-02-29,active
1897,Adiarja Widiastuti,marbunyahya@example.org,Male,2003-10-28,Malang,2026-04-14,active
1898,Rafi Wibisono,ewibisono@example.org,Male,1990-03-29,Malang,2024-11-20,active
1899,Warsita Haryanto,padmasitorus@example.org,Male,1985-03-21,Palembang,2023-10-24,active
1900,"dr. Anastasia Hasanah, S.Farm",caraka49@example.org,Male,2000-10-04,Yogyakarta,2023-10-03,active
1901,Sari Megantara,lalitahandayani@example.net,Male,1972-07-19,Semarang,2026-03-05,inactive
1902,Rahayu Suryono,kayun07@example.com,Male,1985-10-29,Medan,2024-09-09,active
1903,"dr. Mumpuni Mustofa, M.Ak",umandala@example.com,Female,1975-12-09,Surabaya,2023-10-05,active
1904,Alika Marpaung,lestariqueen@example.com,Female,1992-08-21,Yogyakarta,2023-08-24,inactive
1905,Ir. Kasusra Saptono,saptonoarsipatra@example.com,Female,1973-03-16,Medan,2026-05-21,active
1906,Xanana Sihotang,umayapradipta@example.org,Male,1984-07-17,Medan,2024-03-04,active
1907,Puji Hutapea,muhammadwacana@example.org,Male,1988-09-10,Jakarta,2026-05-18,inactive
1908,R. Ade Wibowo,violetjailani@example.org,Male,1974-12-24,Pekanbaru,2024-03-14,active
1909,Jarwa Lailasari,dewiwinarsih@example.com,Female,1991-11-20,Medan,2025-11-02,active
1910,Citra Widiastuti,mmaheswara@example.org,Male,1991-11-07,Yogyakarta,2026-07-08,active
1911,Caket Widodo,narpatikiandra@example.com,Male,1982-01-20,Jakarta,2024-07-04,active
1912,Dasa Hartati,astutikusuma@example.com,Male,1978-07-30,Bandung,2023-09-19,inactive
1913,Wira Megantara,widodowage@example.net,Male,2005-11-19,Semarang,2024-05-03,active
1914,Bahuraksa Budiman,gwidiastuti@example.org,Female,2003-02-10,Denpasar,2025-10-23,active
1915,Lutfan Nababan,irahmawati@example.org,Female,1980-10-08,Makassar,2025-07-03,active
1916,Unjani Lestari,knarpati@example.net,Female,2001-03-06,Malang,2026-05-18,active
1917,"R.A. Yuni Namaga, S.H.",wpradipta@example.com,Male,2004-10-10,Denpasar,2025-08-24,active
1918,Ana Sirait,hestizulaika@example.com,Female,1979-07-07,Makassar,2026-02-17,active
1919,"Siska Aryani, S.Sos",lailasarilintang@example.net,Female,1997-02-19,Yogyakarta,2025-11-02,active
1920,Zelda Mandasari,skuswandari@example.org,Female,1979-10-16,Denpasar,2026-07-27,active
1921,Puput Megantara,amongutama@example.org,Male,1973-11-16,Pekanbaru,2024-10-19,active
1922,Samiah Manullang,ikinusamah@example.com,Female,1973-12-12,Yogyakarta,2026-02-09,active
1923,Mahfud Saptono,among58@example.com,Male,1986-05-19,Pekanbaru,2024-10-07,active
1924,Kenzie Mandala,nurdiyantisamiah@example.org,Female,1983-05-10,Jakarta,2024-01-14,active
1925,Drs. Vera Zulaika,criyanti@example.net,Female,1981-01-22,Medan,2024-10-12,active
1926,Soleh Sitompul,hamima02@example.org,Male,2001-09-21,Malang,2024-11-16,inactive
1927,"Rahayu Ramadan, M.TI.",tantrinamaga@example.com,Female,2008-05-19,Surabaya,2026-06-10,active
1928,Ir. Atmaja Yuliarti,nilam59@example.net,Female,1973-11-11,Yogyakarta,2025-07-13,active
1929,Cornelia Tamba,sfirgantoro@example.net,Male,2006-08-11,Yogyakarta,2024-08-17,active
1930,Kayun Wahyuni,yhassanah@example.com,Female,1977-11-14,Bandung,2024-04-16,active
1931,Puti Tantri Utami,ysaefullah@example.org,Female,1996-06-21,Surabaya,2026-05-22,active
1932,"Ir. Ratih Fujiati, M.TI.",iwinarno@example.org,Male,1989-12-23,Medan,2024-12-20,active
1933,Jumadi Firgantoro,manahmaryati@example.net,Female,2001-06-02,Denpasar,2026-02-14,inactive
1934,"Luis Prakasa, S.I.Kom",wacanasyahrini@example.org,Male,1972-08-10,Semarang,2025-03-08,active
1935,Titi Safitri,wijayantinajam@example.com,Female,1983-07-13,Medan,2024-05-24,active
1936,Estiono Namaga,dabukkevanesa@example.org,Male,1977-06-12,Surabaya,2024-12-15,active
1937,Michelle Rahayu,kawaca42@example.net,Male,1985-12-15,Pekanbaru,2025-10-29,active
1938,H. Kamal Santoso,hardana32@example.net,Female,2001-05-18,Jakarta,2024-01-03,active
1939,Ganep Waskita,harsayapalastri@example.net,Female,1976-12-31,Denpasar,2026-01-29,active
1940,Elma Siregar,hardi85@example.net,Male,1985-10-05,Semarang,2023-10-29,active
1941,"R.A. Jasmin Nuraini, M.Ak",respatirahmawati@example.org,Male,2001-01-27,Surabaya,2026-06-29,active
1942,"Kania Uwais, S.I.Kom",clarakurniawan@example.net,Female,1971-08-03,Pekanbaru,2024-09-11,active
1943,dr. Usyi Laksita,prasetyo85@example.org,Male,2000-09-25,Surabaya,2025-07-10,active
1944,"Leo Lazuardi, M.TI.",ikin03@example.com,Male,2002-09-26,Denpasar,2024-06-12,active
1945,Asirwada Napitupulu,laksmiwatinadia@example.com,Female,1990-12-05,Yogyakarta,2023-10-23,active
1946,"dr. Fathonah Wijaya, S.Pd",kawayafirgantoro@example.org,Male,1974-01-10,Malang,2025-09-13,active
1947,Darijan Natsir,simbolonmarwata@example.org,Male,1984-11-12,Medan,2024-06-19,active
1948,Dasa Aryani,ukusmawati@example.net,Female,1988-01-13,Jakarta,2026-03-31,active
1949,"Zelaya Yuniar, S.IP",safitrikasiran@example.org,Male,1981-08-23,Surabaya,2024-07-15,active
1950,Kiandra Susanti,firgantoronugraha@example.org,Male,1991-03-24,Semarang,2025-11-23,inactive
1951,"Zahra Mustofa, M.Kom.",dpurwanti@example.net,Male,1970-11-06,Pekanbaru,2026-07-31,inactive
1952,"dr. Lalita Marpaung, S.E.I",diannovitasari@example.net,Female,2007-01-22,Pekanbaru,2024-09-01,active
1953,"Ir. Ophelia Agustina, M.M.",dagustina@example.com,Female,1991-08-09,Yogyakarta,2025-04-04,active
1954,Oni Sirait,entenglailasari@example.net,Male,2008-12-06,Bandung,2024-06-04,active
1955,Wulan Simanjuntak,gilda59@example.com,Male,2001-04-21,Surabaya,2026-04-07,active
1956,Puti Chelsea Aryani,garda82@example.com,Male,2009-01-06,Malang,2026-02-10,active
1957,"T. Hardana Uyainah, S.H.",gunartobakiadi@example.org,Female,1993-06-15,Denpasar,2023-08-30,active
1958,"Puti Wirda Simbolon, S.Psi",prakasaeluh@example.net,Female,1973-04-15,Palembang,2026-03-22,active
1959,"Mahesa Anggraini, M.Pd",yono08@example.org,Female,1999-05-18,Palembang,2023-08-09,active
1960,drg. Kiandra Rahmawati,luluh48@example.net,Female,1994-10-07,Palembang,2025-08-19,active
1961,Suci Farida,betaniaprasetya@example.com,Male,1998-08-23,Bandung,2025-09-26,active
1962,Ghani Mulyani,vmaryadi@example.org,Female,2008-12-29,Denpasar,2024-06-18,inactive
1963,Reksa Natsir,kamal31@example.net,Male,1998-03-08,Malang,2025-09-12,active
1964,Daliono Sudiati,mansurharjasa@example.org,Male,1976-03-04,Palembang,2026-01-04,active
1965,Asmuni Waluyo,utamilurhur@example.net,Male,1999-05-20,Bandung,2026-02-09,active
1966,Damu Puspasari,radikasaptono@example.com,Female,1988-08-26,Palembang,2026-03-30,active
1967,"Clara Widiastuti, M.M.",wardayawaskita@example.net,Female,1977-06-27,Semarang,2023-08-29,inactive
1968,"Karen Purwanti, S.T.",yosef75@example.com,Female,1989-06-16,Pekanbaru,2024-02-17,active
1969,Kajen Winarsih,simbolonedi@example.net,Male,1999-07-10,Pekanbaru,2024-09-21,active
1970,R.M. Nasim Farida,damuwijaya@example.org,Female,2008-01-16,Yogyakarta,2024-09-25,active
1971,Dalimin Handayani,budiharyanti@example.net,Female,2001-04-15,Denpasar,2025-07-10,active
1972,Chandra Permata,asmiantosimbolon@example.org,Female,2007-11-03,Malang,2025-10-09,active
1973,"Maria Simbolon, M.Farm",ridwannarpati@example.org,Female,1973-07-11,Medan,2026-04-25,active
1974,"Galih Prasasta, M.Farm",jasmanimarbun@example.com,Female,2003-12-17,Medan,2024-06-30,inactive
1975,Jindra Yuliarti,ida44@example.com,Female,1988-08-23,Semarang,2025-03-17,active
1976,Hilda Damanik,kprasetya@example.com,Male,1992-11-09,Malang,2025-10-26,inactive
1977,"Calista Najmudin, M.M.",kezia79@example.net,Female,1994-02-16,Medan,2024-05-15,active
1978,Irnanto Hidayat,ladriansyah@example.net,Female,1976-11-27,Medan,2026-02-17,active
1979,Dariati Lestari,fnovitasari@example.net,Male,1998-03-13,Surabaya,2024-07-30,active
1980,Cager Maryadi,kaylapuspita@example.net,Male,1971-09-06,Medan,2026-01-14,active
1981,"Widya Habibi, M.Pd",mansuromar@example.com,Female,1977-12-08,Bandung,2025-08-12,inactive
1982,Hj. Nadia Maryati,saptonoirma@example.com,Female,1990-03-22,Medan,2023-09-13,active
1983,"Ulya Wahyudin, M.TI.",rtampubolon@example.org,Female,1984-07-10,Yogyakarta,2026-03-06,active
1984,Agus Setiawan,zhalim@example.org,Male,2008-09-23,Semarang,2024-04-18,active
1985,"Ir. Janet Kusumo, M.M.",fyuliarti@example.net,Female,1973-03-05,Jakarta,2024-04-17,active
1986,Prayogo Maryadi,imampertiwi@example.org,Female,1995-08-30,Pekanbaru,2026-02-03,active
1987,Jati Saefullah,tari01@example.com,Female,1996-01-31,Yogyakarta,2024-02-02,active
1988,Koko Agustina,balijansuryatmi@example.org,Male,2009-04-13,Palembang,2025-10-16,active
1989,Hasta Hardiansyah,miswahyudi@example.org,Male,1995-04-15,Pekanbaru,2023-11-01,active
1990,"Hj. Tira Haryanti, S.Farm",pranowogalih@example.org,Male,1988-10-13,Bandung,2025-10-13,active
1991,"Bakidin Latupono, S.IP",latupononilam@example.net,Male,1985-07-04,Jakarta,2025-07-26,inactive
1992,"Ami Hassanah, S.E.I",bakdalazuardi@example.net,Female,1998-10-14,Bandung,2023-11-25,active
1993,"Titi Prabowo, S.Gz",mprayoga@example.net,Female,1982-01-14,Medan,2025-07-28,active
1994,Mitra Nugroho,nsirait@example.net,Male,1988-05-06,Jakarta,2024-02-29,active
1995,Baktianto Iswahyudi,eva12@example.com,Female,1981-09-05,Semarang,2026-03-21,active
1996,Zelda Anggriawan,hutami@example.org,Female,1993-01-25,Yogyakarta,2025-12-15,active
1997,Dian Budiyanto,ejariyanti@example.com,Male,2003-05-07,Yogyakarta,2024-07-25,active
1998,"Safina Adriansyah, S.Kom",naradi61@example.net,Male,1998-07-01,Palembang,2025-05-12,active
1999,"R. Dartono Hasanah, S.IP",edi97@example.org,Male,1976-02-14,Surabaya,2025-04-17,active
2000,Ina Mustofa,hasna58@example.com,Female,1978-11-09,Pekanbaru,2024-02-28,active
